{
  "train_loss": [
    0.5085856910451525,
    0.42993022053669944,
    0.4056358457841754,
    0.38986830654378657,
    0.37299004264405256,
    0.36140600010143553,
    0.35114448899123935,
    0.3420690926265177,
    0.33748463794516614,
    0.3258845799670422,
    0.32207449031290475,
    0.3115074323063945,
    0.3018025212460278,
    0.29911958482301,
    0.2638896733748808,
    0.2546107681894743,
    0.23970655701183166,
    0.2401123942314111,
    0.23321073961361158,
    0.2312554932050032,
    0.22537221843881142,
    0.36253057114871634,
    0.3387945185862469,
    0.32702682818106316,
    0.3146838544984264,
    0.31558967735218346,
    0.31114742121730604,
    0.31032292630455827,
    0.30710902233570136,
    0.30315202107288625,
    0.3053058486060996,
    0.3020313060370913,
    0.30354935230750235,
    0.297043054433811,
    0.300286324067379,
    0.29108157476607577,
    0.2985106379208403,
    0.29843973894215653,
    0.2936638849035719,
    0.2984488636519737,
    0.29439465157653105,
    0.2939620048615494,
    0.28625938168436293,
    0.28077284527875174,
    0.27980357567606706,
    0.27353125180502885,
    0.2559574799685923,
    0.2552815718977965,
    0.25941162671807044,
    0.2541926638298263,
    0.2546614285149668,
    0.24464269369491454,
    0.24527447973223818,
    0.24716738034973082,
    0.24235120386923154,
    0.23728992467362964,
    0.23842386991307354,
    0.2296754976382904,
    0.2439435632776206,
    0.23306426701540858,
    0.23489753846706835,
    0.2254859814413601,
    0.22810284324037686,
    0.2242356782063533,
    0.22723038710559698,
    0.23707875842709186,
    0.22755490701587985
  ],
  "train_acc": [
    0.6962203511381444,
    0.7559828946319955,
    0.7659433185476374,
    0.7680416478525326,
    0.7767802597678557,
    0.7827830752476825,
    0.7850673324656697,
    0.7916013705543308,
    0.7925575712502324,
    0.7962495683816303,
    0.8007383994262796,
    0.8073255597758241,
    0.8104066509070627,
    0.8103535286461792,
    0.8288931976944939,
    0.8331695396956095,
    0.8448829982204042,
    0.8425190576110919,
    0.8487078010040108,
    0.8466360328295572,
    0.8496374405694707,
    0.6711708088688705,
    0.6905547065604976,
    0.6956218665379769,
    0.6944422102469235,
    0.6842810799217137,
    0.6837984932571919,
    0.7078205850022788,
    0.6875251347221105,
    0.6974181613448082,
    0.7049250650151478,
    0.7024317005817851,
    0.6952465213544599,
    0.6950856591329526,
    0.7018150620660071,
    0.6809297836403121,
    0.6901793613769807,
    0.7002064398509343,
    0.6933429850666237,
    0.7051663583474088,
    0.6982492828225958,
    0.7074720501890132,
    0.7073111879675058,
    0.7081423094452934,
    0.6987586798573688,
    0.7090270516635835,
    0.7065068768599695,
    0.6929408295128556,
    0.7170433523686962,
    0.7205287005013539,
    0.7239872382637604,
    0.7125928309069949,
    0.7203678382798466,
    0.7237995656720019,
    0.7256494812193356,
    0.7110110190621732,
    0.7249792219630553,
    0.7287326737982252,
    0.72618568862436,
    0.7231024960454704,
    0.7146036086758358,
    0.7335853508136947,
    0.7069358427839888,
    0.7324325048928926,
    0.735381645620526,
    0.7271240515831524,
    0.7261588782541087
  ],
  "val_loss": [
    0.6307716313630912,
    0.5326284113203644,
    0.46566935101891777,
    0.5271208538276375,
    0.5458624041985302,
    0.4231189704260882,
    0.550924227899237,
    0.4649486286593344,
    0.43553608939083266,
    0.5840198130143169,
    0.5059638684912092,
    0.5504954164163576,
    0.6290153738767731,
    0.5115249146669787,
    0.597676976439553,
    0.587386793447085,
    0.6859333344721363,
    0.549818614786471,
    0.5682971103160371,
    0.6799195052189811,
    0.7069759636864288,
    0.5258162387610761,
    0.5432442437233843,
    0.43580304409173426,
    0.5116474379989211,
    0.5280072682021514,
    0.5009813593308813,
    0.5143031230428188,
    0.43215318863547925,
    0.5409446454930715,
    0.5173641872700192,
    0.5133233828222291,
    0.47239026101106224,
    0.5363635983270125,
    0.5562495523384201,
    0.5492604590089024,
    0.5379347959493362,
    0.4865243683365282,
    0.456444712315762,
    0.5151285449514573,
    0.5428781446725002,
    0.5487513280605554,
    0.5240766763399343,
    0.5090464318227103,
    0.47445937252479564,
    0.5562359821770836,
    0.5207496979973347,
    0.5018923318597124,
    0.5497217306571457,
    0.5702326570841376,
    0.5218345898287491,
    0.5566781520076064,
    0.5734098299122675,
    0.5694315321423721,
    0.5822889470203496,
    0.5765049897230234,
    0.5431340682787956,
    0.5853186210721347,
    0.5558255001135138,
    0.5806145654599554,
    0.614597396117679,
    0.6078261304247021,
    0.5861639569117788,
    0.6182098516738722,
    0.5860123948349973,
    0.5989107430109138,
    0.5988711079046961
  ],
  "val_acc": [
    0.6422505307855626,
    0.7462845010615711,
    0.7595541401273885,
    0.7335456475583864,
    0.7457537154989384,
    0.7638004246284501,
    0.7208067940552016,
    0.6863057324840764,
    0.6900212314225053,
    0.697452229299363,
    0.7064755838641189,
    0.7616772823779193,
    0.695859872611465,
    0.7574309978768577,
    0.7351380042462845,
    0.6841825902335457,
    0.673036093418259,
    0.7473460721868365,
    0.7064755838641189,
    0.7526539278131635,
    0.7223991507430998,
    0.744098712446352,
    0.6502145922746781,
    0.7521459227467812,
    0.7162017167381974,
    0.7542918454935622,
    0.7360515021459227,
    0.7237124463519313,
    0.73068669527897,
    0.6781115879828327,
    0.697961373390558,
    0.7199570815450643,
    0.7365879828326181,
    0.7344420600858369,
    0.6824034334763949,
    0.6893776824034334,
    0.6700643776824035,
    0.6834763948497854,
    0.7237124463519313,
    0.6609442060085837,
    0.677038626609442,
    0.653969957081545,
    0.6866952789699571,
    0.703862660944206,
    0.7650214592274678,
    0.6689914163090128,
    0.7837982832618026,
    0.7569742489270386,
    0.7333690987124464,
    0.7280042918454935,
    0.7387339055793991,
    0.7489270386266095,
    0.7473175965665236,
    0.7280042918454935,
    0.7054721030042919,
    0.7049356223175965,
    0.7376609442060086,
    0.7467811158798283,
    0.7494635193133047,
    0.7301502145922747,
    0.697961373390558,
    0.723175965665236,
    0.7258583690987125,
    0.721030042918455,
    0.73068669527897,
    0.7349785407725322,
    0.7226394849785408
  ],