{
  "train_loss": [
    0.5223292173919497,
    0.44432771636976276,
    0.42329610485703667,
    0.40034793717925926,
    0.3878888333362767,
    0.37463007113790114,
    0.36751913183424917,
    0.3587953003504041,
    0.3493011381616186,
    0.3401629271705885,
    0.33580559049517467,
    0.3242045069514474,
    0.32147349776438106,
    0.3110348516303105,
    0.30822625518900104,
    0.30014790323716484,
    0.29346050941383905,
    0.2890614664102302,
    0.2839853043789515,
    0.2789644173373648,
    0.27629266902857424,
    0.27293834591030697,
    0.2662538300133736,
    0.2605100125513949,
    0.22867360356568006,
    0.21282452381271977,
    0.2124668649079392,
    0.20597173249311673,
    0.2028487397583476,
    0.19898623568203377,
    0.19455811795286435,
    0.3324655453648585,
    0.30195130059795205,
    0.30652567201351655,
    0.28996462146918417,
    0.2969564582585383,
    0.29136738503888554,
    0.27831366949931463,
    0.27842158261185956,
    0.2834971399384839,
    0.2746976420043149,
    0.2625398020787891,
    0.2694144258752715,
    0.2719811477794281,
    0.27754200345289415,
    0.2729097088129047,
    0.2772163536543781,
    0.2644259059160547,
    0.2529425999481824,
    0.26808685668408655,
    0.25888860662723145,
    0.2637514075285942,
    0.2668842311702633,
    0.2590531786180365,
    0.2570166102811402,
    0.2534973957726823,
    0.260358008298403,
    0.25825884600780225,
    0.2546326321457069,
    0.2518749234865375,
    0.2573134627297617,
    0.25453419364761637,
    0.2454298005898549,
    0.24348491353489832,
    0.25107797544945587,
    0.25039106200144845,
    0.2662203152827592,
    0.2556752863835045,
    0.23143785887828733,
    0.2421912376520974,
    0.24262718779924358,
    0.24678533934932534,
    0.2370368652845014,
    0.2412549960314646,
    0.2350170727493753,
    0.21995174139508622,
    0.2253475637131067,
    0.21446709569358885,
    0.21628935804431682,
    0.207470851631493,
    0.20744050193274735,
    0.20970968068251802,
    0.2039178552421722,
    0.20808294953635165,
    0.19326629334774464,
    0.2008723080626333,
    0.20125297477401732,
    0.19345300974217838,
    0.19770798070904852,
    0.19596359889410125,
    0.1999842112876468,
    0.1928358522674323,
    0.19826903596586204,
    0.19173209011683215,
    0.19835412698706958,
    0.18028724134831126,
    0.19044300029164235
  ],
  "train_acc": [
    0.6842132031329468,
    0.7419896246566982,
    0.7532295799003154,
    0.7672159495473502,
    0.771717017597396,
    0.7776167226121452,
    0.7823975180551317,
    0.7789645000508595,
    0.7850930729325603,
    0.7951632590784254,
    0.7905859017393958,
    0.7984691282677245,
    0.8021055843759536,
    0.804877428542366,
    0.8045214118604415,
    0.811184009765029,
    0.8158885159190317,
    0.8168039873868376,
    0.8190163767673685,
    0.8187112196114332,
    0.8251195198860747,
    0.826263859220832,
    0.8282473807344115,
    0.8290865629132337,
    0.8490489268640016,
    0.8556352354796053,
    0.8575170379412064,
    0.8616875190723222,
    0.8641542060827994,
    0.8676126538500661,
    0.8681721086359475,
    0.6886869931218561,
    0.6783184477979673,
    0.6999281387947849,
    0.7145826917154297,
    0.6976696437737399,
    0.704547787701468,
    0.7232573657735345,
    0.7126578380043117,
    0.7024432809773123,
    0.7095010779180783,
    0.7138384149471307,
    0.7121445436813468,
    0.703469869623242,
    0.7125551791397187,
    0.7047787701468021,
    0.7072939123293296,
    0.7122472025459399,
    0.7187917051637409,
    0.708192177394518,
    0.7143773739862437,
    0.699825479930192,
    0.7224617595729391,
    0.710655990144749,
    0.7176367929370702,
    0.7190740170413715,
    0.7165075454265476,
    0.7145570269992814,
    0.7124525202751257,
    0.7272610614926599,
    0.7108869725900832,
    0.714300379837799,
    0.7181757519761831,
    0.7151986449029873,
    0.7164305512781028,
    0.7041884816753927,
    0.7145826917154297,
    0.710117031105636,
    0.7139410738117237,
    0.7308027923211169,
    0.7226157478698285,
    0.7184580638538137,
    0.7212298531978236,
    0.716225233548917,
    0.717842110666256,
    0.7226157478698285,
    0.7219228005338261,
    0.7262858022790268,
    0.715583615645211,
    0.7243609485679089,
    0.745072374499538,
    0.7364490298737296,
    0.730597474591931,
    0.7324453341546042,
    0.7394774663792218,
    0.7343701878657222,
    0.739708448824556,
    0.7387845190432194,
    0.7394774663792218,
    0.7279540088286623,
    0.7497946822708141,
    0.7385535365978853,
    0.7541576840160148,
    0.740555384457448,
    0.7386818601786265,
    0.7525664716148239,
    0.7400934195667795
  ],
  "val_loss": [
    0.2983228866856522,
    0.2900073040573875,
    0.27501004329427375,
    0.258320828934023,
    0.26146110391781374,
    0.28252806019319837,
    0.2761657482093097,
    0.30064654766233423,
    0.28267399256702336,
    0.29170361122379274,
    0.28615930038056736,
    0.2868727532982948,
    0.24925020686779287,
    0.27916942158969144,
    0.28510613062996076,
    0.269622102090308,
    0.35423557133488126,
    0.27346998196407574,
    0.2906511303547823,
    0.2691550569452635,
    0.2885663261930392,
    0.2913389124113358,
    0.30507261534592856,
    0.2879777534089693,
    0.31483463629135566,
    0.30896349493528436,
    0.324752140112206,
    0.31688233949472566,
    0.3145160072984018,
    0.3276934086941259,
    0.3325151282463581,
    0.2570223673439223,
    0.25742231995975673,
    0.22425002404604077,
    0.23658099274866837,
    0.2116553982919898,
    0.20154729867277066,
    0.2317726809746963,
    0.18661167774318663,
    0.25625899760437404,
    0.23469306436205697,
    0.21139690951128637,
    0.21504203501072797,
    0.22599421881816603,
    0.22975930442248493,
    0.2228010405809426,
    0.22621292374597107,
    0.20801269546274312,
    0.20594515774614555,
    0.24178122596676685,
    0.2366026949352962,
    0.2164577713682632,
    0.20696618789729992,
    0.22642567830760618,
    0.21363226755345163,
    0.22167109821207268,
    0.2295827169494688,
    0.2156837110307591,
    0.23064844796726527,
    0.23437036992597185,
    0.2041721879697043,
    0.23213810107308971,
    0.24545753651783486,
    0.22446545164200885,
    0.22330426095315248,
    0.22424104326396935,
    0.23470058519978168,
    0.23352575169737674,
    0.23311711213559158,
    0.22787810837434344,
    0.22506743657194878,
    0.23718322868928438,
    0.21848585345774643,
    0.23355683659719043,
    0.2354092668772729,
    0.22351715067201408,
    0.2281196948048497,
    0.24366445808617537,
    0.24150200326703797,
    0.24635026887182362,
    0.23018518909196223,
    0.2386628360726124,
    0.24897708251210285,
    0.22204380134536214,
    0.240775483914397,
    0.24193825991439424,
    0.24625557907356704,
    0.23444570059126074,
    0.2367698874724798,
    0.24334863687226596,
    0.23955771788831584,
    0.24495424742787336,
    0.2367378723276548,
    0.2444072345441038,
    0.25108239103939906,
    0.24792002766462398,
    0.24983776782539266
  ],