{
  "train_loss": [
    0.5261294841782038,
    0.44568348942509267,
    0.42464964431199675,
    0.4027142400915326,
    0.39177015232462786,
    0.3805539137374348,
    0.3712795855653377,
    0.3594968405280481,
    0.3481097745851478,
    0.3421570096673604,
    0.33133818670907356,
    0.3216457232962279,
    0.3194651562456895,
    0.28075680261346986,
    0.2699381593543271,
    0.26223226584782255,
    0.25667042865294654,
    0.24692204060898865,
    0.2414491216216204,
    0.2377663712004742,
    0.23692050339735926,
    0.23501191144631242,
    0.22663112862334067,
    0.22241816295899394,
    0.21858767025472614,
    0.21511596562799043,
    0.21101681014576323,
    0.1881109669071472,
    0.18018427373970286,
    0.17953874456571986,
    0.17842120962122873,
    0.17036409344415357,
    0.17105248205538204,
    0.1645435388461912,
    0.3124818076906341,
    0.2862983050494516,
    0.2786909947006613,
    0.2716653517725869,
    0.26959083022997854,
    0.2537379042778127,
    0.24728802313085446,
    0.25954837126343794,
    0.26646132582498877,
    0.25589168390820016,
    0.2581791798413528,
    0.2691555488096927,
    0.25593100522530565,
    0.25054315449833175,
    0.24867882748518735,
    0.2524866601981448,
    0.2546715893298467,
    0.2363465961422999,
    0.25497986695200475,
    0.24762277463080082,
    0.25032973834573113,
    0.24584117933466784,
    0.24647888247629968,
    0.23786580875017385,
    0.2505243501841104,
    0.23797291986529523,
    0.2464898454766291,
    0.22363059835046514,
    0.2161565385026876,
    0.20893046732712983,
    0.21208880149457154,
    0.20181030180627718,
    0.20519710837433583,
    0.19491933795029473,
    0.20111795033442487,
    0.1986951953732961,
    0.20235582122018347,
    0.19186178861750736,
    0.18994703133943167,
    0.18614733073696202,
    0.19799982104222952,
    0.18087201646063725,
    0.19376796405491395,
    0.18652346566422343,
    0.18740620382972936,
    0.18855752763884914,
    0.18820271597808177,
    0.18496508732540964,
    0.1858966765841207,
    0.18054475308224296,
    0.1814274864125872,
    0.18431036273691165,
    0.1925368070175087,
    0.18594067019474234,
    0.18897735151248096,
    0.1831525511568807,
    0.18226936810189465
  ],
  "train_acc": [
    0.6985267034990792,
    0.75203893712181,
    0.7598789792159958,
    0.7691923178111023,
    0.7729281767955801,
    0.7767429623783215,
    0.7807945277558537,
    0.7865298605630098,
    0.7907129702709813,
    0.7953433307024467,
    0.8005787950539331,
    0.8029992107340174,
    0.8068666140489344,
    0.8234675085503815,
    0.8330702446724546,
    0.8351486450933965,
    0.8367797947908445,
    0.84548802946593,
    0.8453301762694028,
    0.8464614575111813,
    0.8474085766903446,
    0.8523283346487767,
    0.8533806892922915,
    0.8575637990002631,
    0.8588266245724809,
    0.8578268876611418,
    0.8644304130491975,
    0.8748750328860826,
    0.8821888976585109,
    0.8819258089976322,
    0.8834254143646408,
    0.8882136279926335,
    0.8879768481978427,
    0.8917390160484083,
    0.7164365374402549,
    0.7227296866702071,
    0.7224641529474243,
    0.7215613382899628,
    0.728040361125863,
    0.7311205523101434,
    0.7250663834306957,
    0.725570897503983,
    0.7315719596388741,
    0.7314922995220393,
    0.7299522039298991,
    0.7083908656399363,
    0.7296070100902815,
    0.7295007966011684,
    0.7268454593733404,
    0.7274030801911843,
    0.7185608072225173,
    0.7571694105151354,
    0.7281996813595326,
    0.7227562400424854,
    0.7216409984067976,
    0.7195167286245353,
    0.7320499203398831,
    0.7201805629314924,
    0.7269782262347319,
    0.7220392989909719,
    0.7228359001593202,
    0.7281996813595326,
    0.7250929368029739,
    0.7327137546468402,
    0.74429102496017,
    0.7449814126394052,
    0.7524429102496017,
    0.7480084970791291,
    0.7409453000531068,
    0.7385820499203399,
    0.7529208709506108,
    0.751327668613914,
    0.7483005841741901,
    0.7496548061603824,
    0.7401486988847583,
    0.7544344131704727,
    0.7389537971322357,
    0.7397769516728625,
    0.753133297928837,
    0.7610462028677643,
    0.7548592671269251,
    0.7467604885820499,
    0.7514338821030271,
    0.7482740308019118,
    0.7647636749867233,
    0.7397769516728625,
    0.7613913967073819,
    0.753425385023898,
    0.750477960701009,
    0.7539564524694636,
    0.7411046202867764
  ],
  "val_loss": [
    0.5281149752346275,
    0.46205513180067165,
    0.46568833225745193,
    0.4772985816644447,
    0.4616194031811348,
    0.4822724290758188,
    0.4380844162995076,
    0.4876607820942417,
    0.48830367698959504,
    0.501377001092664,
    0.48605931989496737,
    0.5534118458353273,
    0.47818875902273084,
    0.5523294715451753,
    0.548345982725493,
    0.6262896650564499,
    0.5583143957662998,
    0.5666295459536067,
    0.5569660419250171,
    0.6845758472777734,
    0.6092301263900386,
    0.7668069484450489,
    0.710228360520802,
    0.6716045449049933,
    0.7198759086628959,
    0.6751295866693314,
    0.6546022179618753,
    0.718697805320213,
    0.7745580012869908,
    0.6769301001984603,
    0.7471175160251359,
    0.7759589049926896,
    0.9111461578728727,
    0.7742399817022823,
    0.5695044389885405,
    0.5159709199090675,
    0.5833671705261274,
    0.4745028357667459,
    0.5363199498496688,
    0.4772643790050076,
    0.47205680960299556,
    0.4766440588695539,
    0.4542769225395244,
    0.5153351349119815,
    0.5472215317205119,
    0.4820693789354639,
    0.4776707523450348,
    0.527112221585174,
    0.4763573023272721,
    0.5351781456058317,
    0.4452391008026975,
    0.4644671075570534,
    0.448462665759752,
    0.4600260311201616,
    0.43553700018558444,
    0.4258550071460243,
    0.46575715104060145,
    0.513251514933371,
    0.47065108347815265,
    0.4882357894186524,
    0.47399695874432846,
    0.47577705223645483,
    0.48490385429675287,
    0.491912705974179,
    0.5222265677545875,
    0.5266237732447205,
    0.5095157097832264,
    0.5210982991872244,
    0.48824822974871407,
    0.5096152760273551,
    0.48052502972523126,
    0.5366943551856045,
    0.49485671708734386,
    0.5002483698228996,
    0.489705025753311,
    0.5195918905701079,
    0.4966739059944577,
    0.5259420182440222,
    0.49699636375681955,
    0.47921048060799976,
    0.5201509115118418,
    0.5151816699430192,
    0.49181002638848426,
    0.5095363494124472,
    0.49234347721372823,
    0.5013330711063391,
    0.5013959570238309,
    0.5002483964783928,
    0.5156187662349602,
    0.493823688762652,
    0.5122672607547625
  ],