{
  "train_loss": [
    0.5256981588658238,
    0.4460637092590332,
    0.4227025091960168,
    0.40846518401700166,
    0.39868788936999455,
    0.3819110764009166,
    0.3768454209672219,
    0.3654141355809117,
    0.3578510049188324,
    0.34923635373564915,
    0.3399307415560278,
    0.3351242510436093,
    0.3249799538282824,
    0.3214761136838903,
    0.3158425668240842,
    0.3089864352049004,
    0.3001133137910154,
    0.29397901484479455,
    0.262796497582141,
    0.25150656079746664,
    0.24028602195035725,
    0.23774330279589947,
    0.2348699687912826,
    0.22948823654214748,
    0.22181688228826874,
    0.3629962053639098,
    0.32562926334937936,
    0.33666116787467637,
    0.3175614199510811,
    0.3255206630629939,
    0.3122111108910927,
    0.31057161865177685,
    0.31733200935029293,
    0.30288859345402713,
    0.3031712958015885,
    0.30767755728889173,
    0.3020562296633361,
    0.2989071846197272,
    0.2923122886543702,
    0.29897107218656704,
    0.29349075228251426,
    0.2894725871267218,
    0.28100299873471735,
    0.29320954136363425,
    0.29116492630468493,
    0.2909027735245275,
    0.2822537302844905,
    0.2818631489084765,
    0.2788008397038106,
    0.28081029439893707,
    0.2708668687856969,
    0.27012148266424435,
    0.2720719903951592,
    0.25898426302830485,
    0.2544690253208619,
    0.2512840619710824,
    0.24756043781771211,
    0.24318178115306788,
    0.238012447610714,
    0.23684789900105727,
    0.23800130881595485,
    0.23624017988202436,
    0.22523248867283094,
    0.2390898828867877,
    0.23545263264421742,
    0.23121973758880812,
    0.23718816872789492,
    0.21715845347553137,
    0.22415986190777631,
    0.22151256234123023,
    0.22016477785541957,
    0.22235855791811268,
    0.22892841740202557,
    0.22295925232189334,
    0.2268154552071066,
    0.224543555103331,
    0.2125033164843228,
    0.21702536573262007,
    0.21222202408148402,
    0.21665892056146419,
    0.2148790923008988,
    0.21663309062881544
  ],
  "train_acc": [
    0.6889528795811518,
    0.7423036649214659,
    0.7572774869109947,
    0.7640837696335079,
    0.766675392670157,
    0.7709162303664922,
    0.7729319371727749,
    0.7788219895287958,
    0.7822774869109947,
    0.7883246073298429,
    0.7905497382198953,
    0.7946596858638744,
    0.7989267015706806,
    0.7992931937172775,
    0.8050261780104712,
    0.8083246073298429,
    0.8111780104712042,
    0.8149214659685864,
    0.8331937172774869,
    0.8337958115183246,
    0.8443717277486911,
    0.8462303664921466,
    0.8465706806282722,
    0.8487958115183246,
    0.8566492146596859,
    0.679445178335535,
    0.6976486129458388,
    0.684887714663144,
    0.7007661822985469,
    0.6847820343461031,
    0.6859180977542932,
    0.699339498018494,
    0.6745046235138705,
    0.6960898282694848,
    0.6907265521796565,
    0.702879788639366,
    0.7041479524438573,
    0.6991545574636724,
    0.7034610303830912,
    0.6927608982826948,
    0.697331571994716,
    0.7095376486129459,
    0.7045970937912813,
    0.7020343461030383,
    0.7127873183619551,
    0.7008982826948481,
    0.7088771466314399,
    0.6989167767503303,
    0.6911756935270805,
    0.6951387054161162,
    0.7041743725231175,
    0.6936327608982827,
    0.7006869220607662,
    0.7061822985468956,
    0.7089299867899603,
    0.7170145310435931,
    0.7166974900924703,
    0.7183619550858653,
    0.7191281373844122,
    0.701664464993395,
    0.7191017173051519,
    0.6967239101717305,
    0.7159577278731836,
    0.7252840158520476,
    0.7234874504623514,
    0.7231439894319683,
    0.7213738441215324,
    0.7278203434610304,
    0.7399207397622193,
    0.7223513870541611,
    0.7294319682959048,
    0.7230383091149274,
    0.7216908850726552,
    0.7342668428005285,
    0.7270277410832232,
    0.7226948480845442,
    0.7422721268163804,
    0.722879788639366,
    0.7300924702774109,
    0.718441215323646,
    0.7286129458388375,
    0.7383883751651255
  ],
  "val_loss": [
    0.44795307068824236,
    0.4015136869875205,
    0.352821644443626,
    0.3282806245107394,
    0.29900643417322675,
    0.315161414225799,
    0.32458734315877596,
    0.3426926090862816,
    0.36757540442099196,
    0.30512890750074345,
    0.2914918880990846,
    0.3502561784204031,
    0.39161032422376557,
    0.365280167119749,
    0.3739256061176265,
    0.32522156160107824,
    0.4197276378503478,
    0.34313002550745075,
    0.37522954873743986,
    0.4039150468537997,
    0.39640722098305203,
    0.39849313691742105,
    0.39485306799305764,
    0.38164587800584404,
    0.37159954862509265,
    0.259704277739965,
    0.27009922606279735,
    0.25405155936529306,
    0.2703598742463119,
    0.2937229237180352,
    0.26483933496409706,
    0.282158938284584,
    0.24936295299552225,
    0.2511695931014217,
    0.24279282462501964,
    0.2629071239577569,
    0.2661134083995561,
    0.24877267688205287,
    0.2546312723353926,
    0.24710156149684234,
    0.2576783409266126,
    0.2558010014541992,
    0.28766676790246837,
    0.2904427872929754,
    0.2738240567299618,
    0.2676496241457289,
    0.2481475508148866,
    0.25205755401394353,
    0.270477619576997,
    0.2533965001777717,
    0.28759728159844045,
    0.2805786881948491,
    0.2570158316782634,
    0.27329962952467773,
    0.2512285556458689,
    0.24841062000256153,
    0.2557037673813712,
    0.28091531212472126,
    0.2733329805629491,
    0.2578231168951807,
    0.25926467191349395,
    0.2731864395839262,
    0.2670797776897133,
    0.275985961759061,
    0.2620851939979451,
    0.2772886328526199,
    0.27308338378986846,
    0.2650270522904268,
    0.26691315977588903,
    0.25710760567716656,
    0.2585020068198937,
    0.26914381040632057,
    0.2707902499549375,
    0.26686195944117935,
    0.26424856279872627,
    0.27900670329756455,
    0.2651361946389246,
    0.265009255634396,
    0.2708883514053729,
    0.26942421539702077,
    0.2668729354048749,
    0.264441970114071
  ],