{
  "train_loss": [
    0.5154345531752246,
    0.4344403463067272,
    0.41180820646483757,
    0.3967010416614623,
    0.3841906284927532,
    0.3739728562082883,
    0.36554256905406896,
    0.35574751227155577,
    0.3438075640097536,
    0.3386343385668946,
    0.3311314982048225,
    0.32305623741322725,
    0.31774194204917106,
    0.31098935077199397,
    0.28080485695909363,
    0.26691949346439797,
    0.2599432966863518,
    0.2527891523343276,
    0.2470182004452721,
    0.24074110327079,
    0.23708985289034387,
    0.37589002406730854,
    0.35026434259480993,
    0.3331529671730788,
    0.3291901020201213,
    0.3282999265833292,
    0.32513586777323356,
    0.31444957728574335,
    0.3176283537658657,
    0.3042913880823004,
    0.31091627830672386,
    0.31480582349798975,
    0.3077518728887028,
    0.3039389773705047,
    0.3058316400373144,
    0.30101051212144797,
    0.30656048093098603,
    0.30075523221286005,
    0.29989205154269744,
    0.2993910069401543,
    0.29317552502257954,
    0.2956173449061527,
    0.29236734335686704,
    0.2971631015255129,
    0.28585496385873177,
    0.2925103282282444,
    0.2858917491988268,
    0.2866593459395518,
    0.2875643625378631,
    0.28659685620716446,
    0.28512070111167503,
    0.2831646998437497,
    0.27388271357113486,
    0.2734228352072002,
    0.28196437474292263,
    0.27420579171654286,
    0.2753778833522628,
    0.2690788126920757,
    0.2731637255786989,
    0.2624161496091079,
    0.27762392521681895,
    0.27270199407534335,
    0.262660147101493,
    0.26025497664670444,
    0.2677881498831377,
    0.2530656584027834,
    0.24607718638168377,
    0.24699126506878902,
    0.2366383704796171,
    0.23775971258753473,
    0.2311279859757203,
    0.24218779599606566,
    0.23275930956917198,
    0.22328633065902811,
    0.23048007889751926,
    0.2203046710797422,
    0.2214963212742291,
    0.21952414075759052,
    0.22666713064263752,
    0.23108509849359246,
    0.21884101741334516,
    0.2179418102403442,
    0.21966623894536194,
    0.21705295933070134,
    0.21714489144757634,
    0.20927123436546216,
    0.21191027932016124,
    0.20423367276850884,
    0.21262615201707188,
    0.21041073023651988,
    0.21230053725080125,
    0.2123219827540159,
    0.21984678502007615,
    0.2128470455462662,
    0.207608039932384,
    0.2162301357763771
  ],
  "train_acc": [
    0.6925005939339546,
    0.7533458279439327,
    0.7610009766913919,
    0.7698439933479397,
    0.774938626824697,
    0.7763904653802497,
    0.7805348045297363,
    0.7835704669640736,
    0.7899057624792123,
    0.7976664994852573,
    0.797455322968086,
    0.8016788533115118,
    0.7993295145579812,
    0.8066942955943299,
    0.824353931842779,
    0.8313755510387245,
    0.8351503312831613,
    0.8380804054589129,
    0.8407201119235541,
    0.8439141567457699,
    0.8484016577356598,
    0.6733008286041616,
    0.6784696134068686,
    0.7003969839874244,
    0.6839847600777982,
    0.6911517864279434,
    0.6751125676071723,
    0.7041536780966083,
    0.686116217728399,
    0.700530200090587,
    0.6901127008232755,
    0.6854234939919538,
    0.7017025017984174,
    0.7006634161937495,
    0.7009564916207071,
    0.7121999307276263,
    0.688940399115445,
    0.6948818373164948,
    0.6939759678149895,
    0.706071989982149,
    0.6914182186342686,
    0.7055924120107638,
    0.692697093224629,
    0.6878480270695122,
    0.6988516771907388,
    0.7026350145205552,
    0.6860362880665015,
    0.6936296059467668,
    0.6956544907148376,
    0.7047664721711561,
    0.7031412357125729,
    0.7122798603895238,
    0.7075107238963045,
    0.7150507553353049,
    0.7069245730423893,
    0.7095888951056404,
    0.7028215170649829,
    0.7143313883782272,
    0.7159832680574428,
    0.7161431273812379,
    0.7103349052833506,
    0.7052194069219088,
    0.7102549756214531,
    0.7112674180054885,
    0.7101750459595556,
    0.7227772893187329,
    0.7119867849625663,
    0.7039138891109157,
    0.7181147257080436,
    0.7088428849279301,
    0.7148642527908774,
    0.7357791809873978,
    0.7115338502118136,
    0.724615671542376,
    0.7309034716116484,
    0.7136386646417819,
    0.7237630884821358,
    0.7283723656515599,
    0.7217382037140649,
    0.7301841046545706,
    0.7420669810566701,
    0.7345003063970372,
    0.732288919084539,
    0.7348999547065249,
    0.7309034716116484,
    0.7288785868435776,
    0.7226973596568353,
    0.733860869101857,
    0.7437188607358858,
    0.7267737724136094,
    0.732502064849599,
    0.7340207284256521,
    0.7300775317720406,
    0.7260544054565315,
    0.7342338741907122,
    0.7242959528947859
  ],
  "val_loss": [
    0.44794845912117587,
    0.4508772046772774,
    0.3825235470936242,
    0.4106761032268305,
    0.4217866186217426,
    0.37648830406624234,
    0.3927683864033643,
    0.36533139931486824,
    0.42768195804390036,
    0.43476612557510097,
    0.40842407476531645,
    0.40631903071834086,
    0.4296166941317054,
    0.4194126535485139,
    0.407888391346179,
    0.4263508763625572,
    0.45382795595115566,
    0.44144240733790624,
    0.4607139237101823,
    0.5245707151835979,
    0.49480907341892505,
    0.30307246577607977,
    0.3117312407461329,
    0.2954072965780356,
    0.3412886653742411,
    0.32304601001279765,
    0.3361312326179951,
    0.31559180631648864,
    0.3094035796669888,
    0.31668264463201107,
    0.33184325195643943,
    0.3036607113584076,
    0.32942452487553836,
    0.3214371351068978,
    0.31799057713152323,
    0.332843870045529,
    0.323892293579416,
    0.31824506517124973,
    0.3596395229215847,
    0.31426844454169217,
    0.32181117944772253,
    0.3127047472579231,
    0.3245127440426443,
    0.3204562592752409,
    0.3155632803000654,
    0.33686083516573984,
    0.3262632095015931,
    0.3086687768139466,
    0.312657708469333,
    0.3125164207738157,
    0.32249043141371986,
    0.31902220933271735,
    0.3311902139912224,
    0.3171974859886412,
    0.32209926513290427,
    0.33476919431136865,
    0.3286056612636331,
    0.31782237078068654,
    0.3209484169813336,
    0.3416237909032597,
    0.32915727577911985,
    0.31537296880249993,
    0.3387364350430698,
    0.33447874678373607,
    0.35225691460829145,
    0.3155906222522071,
    0.32471520357408606,
    0.32843199357504665,
    0.331998201239187,
    0.32944666617455437,
    0.32618526765722977,
    0.32069359992806795,
    0.33199656402367056,
    0.33867391757919113,
    0.331557802338427,
    0.3298516357061317,
    0.3425583000125571,
    0.3411493473423726,
    0.3352645741331185,
    0.3322950958378905,
    0.33820527272923173,
    0.3377552838457507,
    0.33053428961495906,
    0.337454699099158,
    0.34325829303218913,
    0.33432071110385736,
    0.33339857307032095,
    0.3452118966000866,
    0.3397885494179483,
    0.3402337387278105,
    0.3400223264550512,
    0.3423592936235825,
    0.3351072125089803,
    0.3384643986965683,
    0.33851475325229474,
    0.33585573600611013
  ],