{
  "train_loss": [
    0.5290756796458825,
    0.4539538025369193,
    0.42803006700463736,
    0.41222921988188616,
    0.39722128989369543,
    0.3830743993707458,
    0.3744578002446443,
    0.36770867318947503,
    0.3574525577436871,
    0.3513752120000668,
    0.3425342766856381,
    0.33716823768315773,
    0.32804791521388477,
    0.31997769264156617,
    0.3088720810882911,
    0.3076215827218504,
    0.30336416226541424,
    0.29725927429548793,
    0.2920908779467288,
    0.28467957238217556,
    0.2781909328882064,
    0.2711977211418649,
    0.2701156412953681,
    0.26810813987856563,
    0.2649118974704765,
    0.25819367989632724,
    0.25559431455647613,
    0.2184768234610856,
    0.21123044839463298,
    0.20957734620692056,
    0.2017650337946963,
    0.19650629946183915,
    0.1971972320252862,
    0.19303521456422895,
    0.330688597965456,
    0.3058802856225756,
    0.3013735204915261,
    0.29118990628282815,
    0.2915954785740228,
    0.2853324356712396,
    0.29616406362847025,
    0.2806013974497458,
    0.29058130733265614,
    0.2804830591882453,
    0.28413173740744796,
    0.27160366289342375,
    0.27956403895723203,
    0.2663936175032509,
    0.2674313453747671,
    0.27649140524556703,
    0.28289434912039585,
    0.27475487980741464,
    0.2652361773385391,
    0.27095415272812245,
    0.27857668807794717,
    0.2642458327319644,
    0.27065900311402985,
    0.27698938903648823,
    0.24849744330789003,
    0.24359467276864238,
    0.23179139201667395,
    0.2284956747880722,
    0.2190331722792595,
    0.21952310936527197,
    0.20998068735520584,
    0.21990855918604554,
    0.2064985000826453,
    0.2117331747932013,
    0.2101507240851625,
    0.20542914669313356,
    0.2048864855597571,
    0.2083692438943068,
    0.20306288829439104,
    0.20884994588828978,
    0.20511136097451377,
    0.20285550417251497,
    0.20531660171918864,
    0.20561506544683006,
    0.20813146138873573,
    0.20272718106669294,
    0.20884403726067446,
    0.2024811498194699,
    0.20526963873821963,
    0.20841927670141497,
    0.20132553690008986,
    0.20242278526107804
  ],
  "train_acc": [
    0.6922408114872876,
    0.7448820972203926,
    0.7579502041891714,
    0.7618759056777763,
    0.7663812409432222,
    0.7749440126465551,
    0.7791595310235806,
    0.776287709129232,
    0.7881175075747596,
    0.7861414833355289,
    0.7918851271242261,
    0.7947569490185746,
    0.8004215518377026,
    0.8030035568436306,
    0.8108813068106969,
    0.8114609405875379,
    0.8136213937557634,
    0.8175734422342248,
    0.8215518377025425,
    0.8212356738242655,
    0.8247661704650243,
    0.8294822816493216,
    0.8315373468581214,
    0.8317744697668291,
    0.8322223685943881,
    0.8372546436569622,
    0.83815044131208,
    0.858437623501515,
    0.8622842840205507,
    0.864945329996048,
    0.8682650507179555,
    0.8722434461862733,
    0.869266236332499,
    0.87666974048215,
    0.6851482515622922,
    0.7001196649381731,
    0.7014758675708017,
    0.7170589017417897,
    0.7025661481186013,
    0.7036032442494349,
    0.6888445685414174,
    0.7096928599920224,
    0.7090280547799495,
    0.7044541949208882,
    0.7069804547267651,
    0.709480122324159,
    0.7041616806275761,
    0.705119000132961,
    0.7036564286664008,
    0.705757213136551,
    0.7107565483313389,
    0.7046137481717857,
    0.725063156495147,
    0.7083100651509108,
    0.7091344236138811,
    0.7239994681558304,
    0.7165004653636484,
    0.6983645791783007,
    0.7250897487036299,
    0.7118734210876213,
    0.730035899481452,
    0.7227762265656162,
    0.7285733280148916,
    0.7323494216194655,
    0.7303550059832469,
    0.7304081904002128,
    0.7339715463369233,
    0.7362584762664539,
    0.7269777955059168,
    0.7466294375747906,
    0.7331737800824358,
    0.7250897487036299,
    0.7425342374684217,
    0.7454593804015424,
    0.7238665071134158,
    0.7552984975402207,
    0.7447679829809866,
    0.7344236138811329,
    0.7405664140406861,
    0.7395825023268182,
    0.7394229490759208,
    0.7425076452599388,
    0.7277755617604043,
    0.7295572397287595,
    0.7342374684217524,
    0.7566812923813323
  ],
  "val_loss": [
    0.5387048920125111,
    0.5553807324115129,
    0.3960196294892692,
    0.4018238620042055,
    0.39637185687177867,
    0.4358942657864504,
    0.3627080931964333,
    0.38843335637024473,
    0.3589417573153911,
    0.4369656537912934,
    0.43461102082921393,
    0.37632482139951123,
    0.3497779210864317,
    0.36103692602626475,
    0.4215070161195443,
    0.424208679183059,
    0.4500047642003446,
    0.4550684206459644,
    0.4591536298394203,
    0.4161202927839644,
    0.46199987101153983,
    0.4699380526414318,
    0.4777091708465463,
    0.5115566549160371,
    0.4266012096321123,
    0.44915300488036913,
    0.5012144530434802,
    0.5482659918198807,
    0.5953200026585238,
    0.5119914322027138,
    0.5336900369164158,
    0.5256699028000531,
    0.6583615076360103,
    0.5909649695156141,
    0.38878581603033147,
    0.3980302829472044,
    0.3911876341149415,
    0.4220749400085029,
    0.4079121016594017,
    0.32062582174282683,
    0.39865220515930866,
    0.40318135132481225,
    0.3536474487623563,
    0.3743414867579058,
    0.37443291261258316,
    0.36529701449628627,
    0.3644791084986467,
    0.38746306524308766,
    0.41012007463625283,
    0.40785238156988196,
    0.3538169787197646,
    0.3610091338167703,
    0.3886961336782471,
    0.35320817916266406,
    0.3599237848673844,
    0.4048081274459372,
    0.3405502068410746,
    0.34325178115146804,
    0.37370980488974503,
    0.36091298743046124,
    0.3895594734890883,
    0.380493252115173,
    0.35292450796706787,
    0.3836523448916896,
    0.37546164965604456,
    0.3605074593866022,
    0.36882283330921506,
    0.3521734236438295,
    0.35078155039343495,
    0.36030087088115975,
    0.3701019636163973,
    0.35546786388729723,
    0.37564098741172236,
    0.361247715291943,
    0.367810845190563,
    0.3625799492982906,
    0.37404207431086123,
    0.36875117029229254,
    0.3520666943397864,
    0.36985252997803614,
    0.3540474482516594,
    0.3502770219944237,
    0.3624863552971811,
    0.3580504169901568,
    0.36883046481958554,
    0.3502557004583083
  ],