{
  "train_loss": [
    0.530269566020222,
    0.44577617537754244,
    0.42139625830338545,
    0.4038266441013432,
    0.3899584948827582,
    0.38100933610864124,
    0.3632689879654358,
    0.3586158385413311,
    0.3496937752349692,
    0.34005553157923335,
    0.32716326314969546,
    0.3259755704605634,
    0.31488672158265235,
    0.3108805552403299,
    0.3012035809339581,
    0.2986603741505294,
    0.2909983699182816,
    0.28667357258612025,
    0.25212009062168234,
    0.23999944251403005,
    0.23291450364541538,
    0.2267566623006843,
    0.22308440391754558,
    0.21841096552561579,
    0.21062417220244772,
    0.3559218988049771,
    0.3277252590327486,
    0.3240994805912112,
    0.3118347987496145,
    0.29972639333880874,
    0.29968329913454717,
    0.3172159738968323,
    0.2981128247131088,
    0.3001746259264421,
    0.30050607519336253,
    0.2921444049019333,
    0.29510983416982917,
    0.29203077093348284,
    0.2930082829060894,
    0.2840974172468302,
    0.27595241612769716,
    0.2816840042182158,
    0.27171872464632807,
    0.282772874380722,
    0.27539604197226636,
    0.2803673203502039,
    0.2775218820037107,
    0.2792072620288222,
    0.2765021944907844,
    0.2679877916867909,
    0.2828839341109553,
    0.2697229724891286,
    0.27027673232818616,
    0.2595044893167104,
    0.2709034033060965,
    0.2677567797651087,
    0.26692180837530644,
    0.26329393547278485,
    0.26239344423348687,
    0.2645418840643057,
    0.2637367662678507,
    0.24896575664639367,
    0.24230062612865308,
    0.24368407930578148,
    0.23433148368741405,
    0.23636298616181073,
    0.22689993399422836,
    0.23221664799097833,
    0.2274207204252875,
    0.21733814666684872,
    0.21567618767940921,
    0.22445404514261985,
    0.21877550380528638,
    0.21215785225778028,
    0.216053674826271,
    0.21576910427741977,
    0.22447656060200702,
    0.2060638285009297,
    0.21656634061682978,
    0.20773715149218577,
    0.20747418080970723,
    0.20677717619946953,
    0.20245878474104512,
    0.20438517795499492,
    0.20410630538879693,
    0.20027297486373938,
    0.20679289572902154,
    0.20984854442403467,
    0.20355013176081035,
    0.20821045815947878,
    0.2012114172364983,
    0.20555243571884407
  ],
  "train_acc": [
    0.6817564146971836,
    0.7451173696410966,
    0.755189043723855,
    0.7639018411446538,
    0.7683781407369907,
    0.7739202259465509,
    0.7811942127840985,
    0.7798086914817085,
    0.7842849910740455,
    0.7866297194319363,
    0.7948895579654153,
    0.7934241027417335,
    0.7964882363912499,
    0.8042418267565479,
    0.8089312834723296,
    0.8083184567424263,
    0.8087447709893155,
    0.8146598811649037,
    0.8321387652873624,
    0.8417841251232314,
    0.8462337800751378,
    0.8470331192880552,
    0.8501238975780022,
    0.8543337507660335,
    0.8566784791239243,
    0.6774158844571152,
    0.6901105403297383,
    0.6936338452435383,
    0.697210941072053,
    0.6925580269492483,
    0.69508619994083,
    0.6901912267018101,
    0.6953551545144026,
    0.6949517226540437,
    0.7091794195960303,
    0.7014604233344988,
    0.6851079852612894,
    0.7015680051639278,
    0.6935800543288239,
    0.6960813318630483,
    0.7029127780317904,
    0.7111427879831097,
    0.7154729566176273,
    0.7111696834404669,
    0.7136709609746914,
    0.6974530001882682,
    0.6819343212931336,
    0.706489873860305,
    0.7038003281245797,
    0.7087490922783142,
    0.7066781420618058,
    0.7023479734272882,
    0.6996853231489202,
    0.7213630617788656,
    0.7017024824507141,
    0.695946854576262,
    0.7026169280008606,
    0.709367687797531,
    0.7078615421855249,
    0.712783410881902,
    0.7173287431752777,
    0.7195341706785724,
    0.7088566741077432,
    0.6983136548237002,
    0.7188617842446411,
    0.7007073505284958,
    0.7031548371480058,
    0.714800570183696,
    0.7280869261181786,
    0.7388182136037224,
    0.7388451090610796,
    0.7071084693795218,
    0.7213899572362228,
    0.718108711438638,
    0.718001129609209,
    0.7217933890965816,
    0.7290551625830397,
    0.7340577176514886,
    0.7402974637583712,
    0.7339770312794169,
    0.7320943492644092,
    0.7303192490788306,
    0.7221430300422259,
    0.7234071165380167,
    0.723326430165945,
    0.7341384040235605,
    0.7259083940722412,
    0.738145827169791,
    0.7358597132944246,
    0.7291358489551115,
    0.720556198058148,
    0.738898899975794
  ],
  "val_loss": [
    0.4151066332692053,
    0.4197389121220364,
    0.36188077769143795,
    0.40285246019683235,
    0.4431862064251086,
    0.5673518454640861,
    0.5462055376511279,
    0.37359755346930124,
    0.4074844596831779,
    0.3904190120415959,
    0.43580651464985637,
    0.39857027903804937,
    0.43879661521291347,
    0.4638361901165993,
    0.4601017365731844,
    0.4016676702635075,
    0.517777901718287,
    0.4593181273316949,
    0.469827800989151,
    0.5105739847067895,
    0.5681818018599254,
    0.6252345313143924,
    0.5169523653945303,
    0.5508361147731785,
    0.4989001486238425,
    0.36760618660820826,
    0.38711013305297376,
    0.36570264075479225,
    0.3556640789188154,
    0.44619675379177626,
    0.3772693216892483,
    0.3633191835601839,
    0.3586864010249198,
    0.36782760615221527,
    0.3683114150573463,
    0.3574893286784449,
    0.3637604882569651,
    0.358346695604388,
    0.3985292469390364,
    0.3815413768837339,
    0.3416343354514859,
    0.3431585023152877,
    0.3342392530361118,
    0.3630405647615143,
    0.3667184680822694,
    0.37258849272339983,
    0.36291184841637986,
    0.36958398204870535,
    0.3542159449622739,
    0.3552805205436091,
    0.3880286779966075,
    0.3719370117988552,
    0.3723055741212329,
    0.3735666204802309,
    0.3753475450989035,
    0.3738633070515901,
    0.37996891407904193,
    0.3912187653844239,
    0.38613630566570056,
    0.35790125640143605,
    0.3886784007447701,
    0.4020545483935907,
    0.36571988494764607,
    0.364945597801304,
    0.3642656644557658,
    0.36039406072646685,
    0.3618292415350125,
    0.3654656851744505,
    0.3622756620574536,
    0.3629226815682172,
    0.36471610435225393,
    0.35694378854618913,
    0.361725584942335,
    0.3742175369812233,
    0.3690919317840551,
    0.3796450025430695,
    0.3656909173886144,
    0.36865022026568467,
    0.3646964239572353,
    0.3704826033442784,
    0.3679545360332397,
    0.3692862787867229,
    0.37247670537484256,
    0.3754766128605396,
    0.37195099383072444,
    0.3764261440268777,
    0.36603008027071826,
    0.37012443488016267,
    0.37246490712038544,
    0.3750090444158357,
    0.3774136193938079,
    0.37615812746559324
  ],