{
  "train_loss": [
    0.5348341668326698,
    0.4443323960687281,
    0.42148116827388843,
    0.40356317305501294,
    0.38873288952024093,
    0.37866627764659033,
    0.3676809229395223,
    0.3622177138258451,
    0.35060490032953623,
    0.3470099416805697,
    0.3350689225916923,
    0.3241869742891075,
    0.31822949564330083,
    0.31340476110428456,
    0.307293300950632,
    0.30362287835705154,
    0.29565637380987225,
    0.29132314707100876,
    0.2816673905473424,
    0.2766491445343349,
    0.2751443493369704,
    0.268835043327818,
    0.26273585191662824,
    0.23112802689275858,
    0.21904973354084253,
    0.21364551036428578,
    0.21048121914534706,
    0.20335681457143814,
    0.1984364211737145,
    0.19662278369535363,
    0.3366642392915035,
    0.30994233933557486,
    0.2999050794128848,
    0.30169545605900616,
    0.28198742085198997,
    0.29533547900422724,
    0.29323583599464437,
    0.2877514328546372,
    0.2785271734038172,
    0.2791542338757356,
    0.2856012224747566,
    0.2754534790502619,
    0.2803209142375754,
    0.27615509899115437,
    0.2798494485625564,
    0.27895158539289594,
    0.2793306442048262,
    0.28117294232937,
    0.2734084808360758,
    0.27943522523519615,
    0.26595635857619837,
    0.2731241413029313,
    0.2752064306531512,
    0.25470897509838797,
    0.2596432626714445,
    0.2707222101487177,
    0.2645723771924724,
    0.2579665753518508,
    0.25190134446922324,
    0.2529544337516826,
    0.23850022809712168,
    0.23531771399348228,
    0.22737645182489208,
    0.22547134249395298,
    0.22256211931509573,
    0.21620476202829944,
    0.214056432491007,
    0.21042849592949303,
    0.21501854821256838,
    0.21352135147965415,
    0.2051862026483487,
    0.210932087358618,
    0.20827626056387552,
    0.20216138560073418,
    0.20048204534426353,
    0.21013201776800505,
    0.20380956246280926,
    0.20570046625736918,
    0.19621760178271877,
    0.1985410979164409,
    0.2098317738344527
  ],
  "train_acc": [
    0.6692455968947215,
    0.7440785825565737,
    0.7494388846346809,
    0.7621663013915662,
    0.767737846901323,
    0.7726492566871749,
    0.7769797470359906,
    0.7821816165403607,
    0.7864857014602202,
    0.7879380000528109,
    0.7938792215679543,
    0.797919252198252,
    0.7992131182171054,
    0.8054183940218109,
    0.8078740989147368,
    0.8058672863140661,
    0.812125372976684,
    0.8143170235800481,
    0.8192020279369439,
    0.8238229780042777,
    0.8228195717039424,
    0.8245623300150511,
    0.8274405217712761,
    0.8436270497214228,
    0.8512318132608064,
    0.8560376013308336,
    0.8589950093739273,
    0.861001821974598,
    0.8672335032082596,
    0.8670222597766101,
    0.686548865968391,
    0.709655926014765,
    0.7067242344287199,
    0.7020335278910477,
    0.7068308413954852,
    0.7112283787745529,
    0.6915060899229765,
    0.705231736894006,
    0.7092561498893952,
    0.7145065430025852,
    0.6998214333306682,
    0.7045387916100317,
    0.698062418379041,
    0.696969696969697,
    0.7050451747021668,
    0.7046987020601796,
    0.7097092294981477,
    0.7076037419045335,
    0.7041656672263532,
    0.70531169211908,
    0.7026731696916394,
    0.7060312891447456,
    0.7075770901628421,
    0.7153860504783988,
    0.7111217718077877,
    0.7140534633938328,
    0.7168518962714213,
    0.7062178513365849,
    0.7057647717278324,
    0.714479891260894,
    0.7012872791236907,
    0.718904080381653,
    0.7168518962714213,
    0.7322832547106953,
    0.7275658964313317,
    0.7288718317742064,
    0.7204765331414408,
    0.7328695930279043,
    0.7242077769782256,
    0.7302843740838464,
    0.7335358865701873,
    0.7151195330614856,
    0.7278590655899363,
    0.7327896378028305,
    0.7338557074704832,
    0.7311905333013512,
    0.7350550358465926,
    0.7420644439114096,
    0.7342288318541617,
    0.7278590655899363,
    0.7265531302470617
  ],
  "val_loss": [
    0.49156442611483375,
    0.6029426484918682,
    0.44048447329448825,
    0.5619250537463254,
    0.5365678705615579,
    0.46439285083270376,
    0.6075222383796406,
    0.490507498805767,
    0.41205382924629086,
    0.5613373612382294,
    0.46564137484108725,
    0.4509872706569527,
    0.42251614741368093,
    0.6986365850327002,
    0.4049564302376245,
    0.4718264219652473,
    0.47365553632133406,
    0.6231159517435967,
    0.4808068834721933,
    0.6249851793650082,
    0.6841923569821134,
    0.5018536299262775,
    0.6357200498840817,
    0.5170708166425145,
    0.5925131826176286,
    0.5730185040717151,
    0.6904576705458831,
    0.6279690259117531,
    0.702729921243145,
    0.715053121503136,
    0.4973803944473337,
    0.48837611086089233,
    0.45220373617656995,
    0.5456205221834658,
    0.4241886319956876,
    0.4156197324615123,
    0.44066455756826156,
    0.40106488170439025,
    0.5412699609060129,
    0.4082775496743702,
    0.48652407477482656,
    0.4931724687344034,
    0.43337186420425716,
    0.5847053179496768,
    0.4427057158930495,
    0.40104996555955646,
    0.45121478143653304,
    0.42251956130195806,
    0.528768626375062,
    0.47707971056229076,
    0.47458672526247825,
    0.4683249223551187,
    0.44689124032195204,
    0.4395343092479829,
    0.46745489952858965,
    0.43965264965137435,
    0.4396077786671939,
    0.4383078751556328,
    0.4490290975328741,
    0.4128264640200182,
    0.4476058509654445,
    0.45202634894594934,
    0.49567561679110755,
    0.47936462488616527,
    0.5227025386042261,
    0.4578800489679254,
    0.47171754717167014,
    0.5017917447369477,
    0.48481587302695783,
    0.5467876821096533,
    0.48451890371657386,
    0.5166154724452988,
    0.5004341664184504,
    0.5074098483690257,
    0.5005903075212043,
    0.5560022509103552,
    0.48617187574010934,
    0.5005981594571548,
    0.533264743830885,
    0.5239743426222203,
    0.5339939562102085
  ],
  "val_acc": [
    0.6942413162705667,
    0.6869287020109689,
    0.7326325411334552,
    0.6581352833638026,
    0.6581352833638026,
    0.7340036563071298,
    0.703382084095064,
    0.7152650822669104,
    0.7394881170018281,
    0.6636197440585009,
    0.7477148080438757,
    0.7399451553930531,
    0.7157221206581352,
    0.6553930530164533,
    0.7806215722120659,
    0.7975319926873857,
    0.7682815356489945,
    0.7106946983546618,
    0.7504570383912249,
    0.7244058500914077,
    0.6741316270566727,
    0.7742230347349177,
    0.7020109689213894,
    0.7312614259597806,
    0.7070383912248629,
    0.7184643510054844,
    0.6604204753199269,
    0.7102376599634369,
    0.7216636197440585,
    0.70018281535649,
    0.8113468634686347,
    0.7859778597785978,
    0.7804428044280443,
    0.7642988929889298,
    0.8371771217712177,
    0.808579335793358,
    0.7938191881918819,
    0.8136531365313653,
    0.7716789667896679,
    0.8583948339483395,
    0.7606088560885609,
    0.8219557195571956,
    0.7762915129151291,
    0.724169741697417,
    0.790590405904059,
    0.8242619926199262,
    0.7938191881918819,
    0.8173431734317343,
    0.8067343173431735,
    0.8145756457564576,
    0.8039667896678967,
    0.7947416974169742,
    0.7938191881918819,
    0.809040590405904,
    0.8122693726937269,
    0.7578413284132841,
    0.8113468634686347,
    0.8035055350553506,
    0.8224169741697417,
    0.8408671586715867,
    0.8154981549815498,
    0.7928966789667896,
    0.7855166051660517,
    0.7952029520295203,
    0.7726014760147601,
    0.8081180811808119,
    0.790590405904059,
    0.7873616236162362,
    0.8076568265682657,
    0.7569188191881919,
    0.7850553505535055,
    0.7730627306273062,
    0.7850553505535055,
    0.7809040590405905,
    0.7896678966789668,
    0.7550738007380073,
    0.7998154981549815,
    0.7726014760147601,
    0.775830258302583,
    0.7698339483394834,
    0.7656826568265682
  ],