{
  "train_loss": [
    0.5257938842030969,
    0.4501830937109349,
    0.4261555535072183,
    0.4130621319832182,
    0.39819170619018196,
    0.38506488059321997,
    0.3736941054423004,
    0.36680626339002526,
    0.35929394212360244,
    0.35182252914114115,
    0.338446718298611,
    0.33825817838650885,
    0.32784620822948757,
    0.3214493054344104,
    0.3135017721228192,
    0.3103341800613278,
    0.30750272195342626,
    0.29752021391667055,
    0.29685437590924246,
    0.28974082958458197,
    0.28175604931495096,
    0.24790285358574524,
    0.23895139419675868,
    0.23569518215908775,
    0.2311014509003413,
    0.22607144363102963,
    0.22217684860684056,
    0.21635383684105977,
    0.34271700482362333,
    0.325699430755908,
    0.3139853328306566,
    0.31309315590062026,
    0.3160269286941495,
    0.30096094877749036,
    0.30608788032921513,
    0.30652576332324005,
    0.29177181335272795,
    0.2965566145135875,
    0.28517555491309443,
    0.28152276308616836,
    0.287077047856318,
    0.2841144741969005,
    0.2868648484058325,
    0.28436345747230235,
    0.27375027521360945,
    0.2803252029734808,
    0.2782347700711459,
    0.28207275387466374,
    0.27295730230865034,
    0.2762928657702074,
    0.27596468060435053,
    0.26516729000555395,
    0.2753914850920829,
    0.2723645397910128,
    0.26790792205205316,
    0.26301015709838343,
    0.26190045519758515,
    0.2718153765108984,
    0.26102093619655525,
    0.2537748404734382,
    0.2564690358979946,
    0.25267017938195063,
    0.24905126301119754,
    0.2558231166991725,
    0.23406785215029158,
    0.23145713931442305,
    0.2308909514320687,
    0.22614558115585554,
    0.22332405461195431,
    0.2186735871778847,
    0.22669365531805885,
    0.22094552942072723,
    0.21331092760820447,
    0.22026647178816247,
    0.21934836141236017,
    0.2087842292621703,
    0.21628638338861075,
    0.20904867573245814,
    0.21099940031555892,
    0.21237596779313628,
    0.20751819258159743,
    0.20843363382726288,
    0.21041715739750858,
    0.20927962579585993,
    0.2100534918954817,
    0.2094630520455931,
    0.20714162016434107,
    0.206854853317912,
    0.20984863620463218,
    0.20253492314092747,
    0.20556760310321068,
    0.20325489582306477,
    0.1995445336875576,
    0.20725936706524964
  ],
  "train_acc": [
    0.6853180296508847,
    0.7359317710824167,
    0.7507572134544875,
    0.7583559168925023,
    0.7598969126946171,
    0.768372389606249,
    0.7700727987672034,
    0.7751740262500664,
    0.7803283915192093,
    0.7800361336946703,
    0.787634837132685,
    0.7913279132791328,
    0.7982623943886498,
    0.7996705457250651,
    0.802725968436155,
    0.8035761730166321,
    0.8032307774058133,
    0.8101918274084702,
    0.8139646102343376,
    0.8127955789361815,
    0.8185344598544024,
    0.8353791381051066,
    0.8431903926882406,
    0.8432966682608003,
    0.8452893352462937,
    0.8472022955523673,
    0.8502577182634572,
    0.8542696211275839,
    0.6785829221197168,
    0.6941375241364514,
    0.6964975327183008,
    0.6992329972108989,
    0.6908120574983909,
    0.7044357434027033,
    0.6905706929843382,
    0.6875402274190088,
    0.6890420510620039,
    0.698964814417507,
    0.6999570907530572,
    0.6936547951083458,
    0.6993134520489166,
    0.7078953014374598,
    0.7017002789101051,
    0.6836783951941643,
    0.696390259600944,
    0.6925552456554388,
    0.7107648573267539,
    0.7001180004290924,
    0.7244689980690839,
    0.7127225917185154,
    0.7188907959665308,
    0.7232889937781591,
    0.6940838875777731,
    0.6998229993563613,
    0.7137953228920833,
    0.7163162411499678,
    0.7111671315168419,
    0.7085925767002789,
    0.696926625187728,
    0.707922119716799,
    0.7177912465136237,
    0.7428663376957735,
    0.717147607809483,
    0.7244689980690839,
    0.7248176357004934,
    0.7247371808624758,
    0.7121594078523922,
    0.7178180647929628,
    0.7194271615533148,
    0.7278481012658228,
    0.7156726024458271,
    0.7199903454194378,
    0.7281967388972324,
    0.7258903668740614,
    0.7177107916756061,
    0.7358131302295645,
    0.7246030894657799,
    0.7270435528856468,
    0.7343113065865694,
    0.7194271615533148,
    0.7307444754344561,
    0.7259708217120789,
    0.7441267968247157,
    0.7177376099549453,
    0.7287867410426947,
    0.7308517485518129,
    0.7287599227633555,
    0.7395676893370521,
    0.747559536580133,
    0.7272580991203604,
    0.7201244368161339,
    0.7330240291782879,
    0.7395408710577129,
    0.7375563183866123
  ],
  "val_loss": [
    0.3299281884179716,
    0.27771886294280773,
    0.26757928593716995,
    0.31203132474145734,
    0.25269420750785065,
    0.2560267343392421,
    0.23972047693813295,
    0.24956349320517537,
    0.28070847142704636,
    0.28574238435894406,
    0.2669131246531985,
    0.29202591315427945,
    0.22931385410341518,
    0.2196276237695377,
    0.25524883102639334,
    0.23710951915418477,
    0.2577902569504854,
    0.2942213064763769,
    0.27034264880897546,
    0.27904464653367145,
    0.263718134471728,
    0.2806488390196617,
    0.2783490836279921,
    0.27868850428169056,
    0.2545381911900567,
    0.32757939961611915,
    0.3103963113146269,
    0.26717886323206724,
    0.16796374301624545,
    0.17366458910345234,
    0.17700519335871726,
    0.1698966866197326,
    0.1716901314622531,
    0.18753884021958867,
    0.168401010616585,
    0.17146089946285564,
    0.16260378015709526,
    0.16888724082739334,
    0.16480604219288408,
    0.1817866150558039,
    0.1612084423701411,
    0.16423673463159785,
    0.17512414950404506,
    0.15428783402189822,
    0.16937080743904456,
    0.1695567145584111,
    0.1889020703240687,
    0.17896258437199866,
    0.17615669608979023,
    0.1595282564140198,
    0.17375069889831118,
    0.15661486327294163,
    0.17262615976992057,
    0.18424373462453275,
    0.1825186058010494,
    0.175481760900664,
    0.18098389173414678,
    0.1745352065211415,
    0.17264291290650124,
    0.16954306011940695,
    0.1750626103937316,
    0.1880404135044982,
    0.19467591894507055,
    0.1701532035164463,
    0.18549714740517853,
    0.1946841499200554,
    0.18419767542290705,
    0.19217906635096982,
    0.19544716792785422,
    0.1876211005007902,
    0.20166917904691511,
    0.16882708371681202,
    0.1852549430599634,
    0.17377832426005765,
    0.19493338881086755,
    0.17062392891139214,
    0.18576925371530859,
    0.1827920092810457,
    0.18017670159306276,
    0.16932650354055448,
    0.18322527583940168,
    0.17581010476009176,
    0.1754635771281558,
    0.18985074819926429,
    0.16938258650551571,
    0.19868732931309482,
    0.17442385287597256,
    0.1799198315543162,
    0.18322738478238174,
    0.17635686469071427,
    0.18099360871553952,
    0.1746350902602154,
    0.18672600463751785,
    0.17145373764618646
  ],