{
  "train_loss": [
    0.5087734658559345,
    0.43591947166006645,
    0.40902778751275126,
    0.39513953633477134,
    0.3816049184844715,
    0.37225822422080085,
    0.3594330910592015,
    0.35011567556489137,
    0.3467045481359483,
    0.3372044089776,
    0.3244819849348399,
    0.32051380209621094,
    0.309934045857853,
    0.30476547359906886,
    0.3004536435926881,
    0.29538395824130925,
    0.28347555030495925,
    0.28268156012454915,
    0.27642819466182744,
    0.2739341384314845,
    0.2368834647135115,
    0.2248674514766871,
    0.22007003036521686,
    0.2131044140856796,
    0.20886148304282937,
    0.20812409778504573,
    0.20183160027734576,
    0.1990557729045211,
    0.1958293801512235,
    0.17464409527953284,
    0.1692842238638793,
    0.16581767862488,
    0.1636702804729683,
    0.16338521187560698,
    0.16151706040231797,
    0.15503133707933844,
    0.30307579722702416,
    0.2682923799093308,
    0.2730534621252652,
    0.2578306466956585,
    0.2689580691455562,
    0.2688343374060506,
    0.2617074823581741,
    0.25745226640552,
    0.25204745157310676,
    0.2546046579977789,
    0.24584232708011836,
    0.2456862128719634,
    0.2471744032225255,
    0.24282797428150352,
    0.24202399418121165,
    0.24523653910755752,
    0.23908348714385647,
    0.2396029237092248,
    0.24118769550540223,
    0.23947547854312307,
    0.24769728779075015,
    0.23419248791862907,
    0.2464225245550692,
    0.23845606547362666,
    0.2421183962743661,
    0.23204103163830064,
    0.230051356481162,
    0.21576689172886926,
    0.20405795748836755,
    0.20577177112904665,
    0.20141259779856527,
    0.19422764908615503,
    0.20402464864020659,
    0.1990017109852882,
    0.19636811271581747,
    0.19308141085592945,
    0.18665829511296578,
    0.1913355135457198,
    0.18004162633899476,
    0.18544000331076899,
    0.18670595120415767,
    0.18898805243124364,
    0.17936492994357073,
    0.19268644861318157,
    0.18241458236543123,
    0.17515052887353508,
    0.19195814588662297,
    0.18312612600440634,
    0.18538142189544615,
    0.19574631634687029,
    0.18527988069668944,
    0.18526594288996892,
    0.18635448063757754,
    0.18744120219269736,
    0.18410821156466317
  ],
  "train_acc": [
    0.7017821473968197,
    0.7555838024332667,
    0.7695919479104516,
    0.7733015123608913,
    0.778230304288049,
    0.7859607253106436,
    0.7892811746089393,
    0.7917196295623752,
    0.7960777192663883,
    0.797763884925679,
    0.8040675503904122,
    0.8088147552465693,
    0.8107343899971465,
    0.8159225920257335,
    0.8142883083867286,
    0.8185945160704557,
    0.8237308360787569,
    0.8231601338556124,
    0.8295935043710602,
    0.8269475213364809,
    0.8476225064204,
    0.8545487561285636,
    0.8584917896702897,
    0.8613453007860126,
    0.8628498793743028,
    0.8649251601857376,
    0.8686347246361773,
    0.8729149913097616,
    0.8724739941373317,
    0.8841993307219383,
    0.8893097097200965,
    0.8892059456795247,
    0.8913849905315313,
    0.8930452151806791,
    0.8939790915458248,
    0.8995564087265558,
    0.7078981125160344,
    0.7279771721772821,
    0.735202492211838,
    0.7185266630016492,
    0.7246524778135554,
    0.7079242912118118,
    0.7218513573653761,
    0.7193905599623027,
    0.7244692269431137,
    0.7321395848058849,
    0.7365637843922616,
    0.7201497421398466,
    0.744731537474803,
    0.7233435430246865,
    0.7307259352339066,
    0.7197047043116312,
    0.7435796748605984,
    0.7204377077933978,
    0.7214848556244928,
    0.728945783921045,
    0.7231341134584675,
    0.7310924369747899,
    0.7255163747742087,
    0.7364590696091521,
    0.7267467734757455,
    0.7256996256446504,
    0.7297311447943663,
    0.7356475300400535,
    0.7419042383308464,
    0.7645488101782769,
    0.7450456818241316,
    0.7446791800832483,
    0.7391554752742219,
    0.7353857430822797,
    0.7377418257022436,
    0.7400193722348752,
    0.7459619361763397,
    0.7502814209796068,
    0.7476373727060918,
    0.7485274483625226,
    0.7433440665986021,
    0.7432917092070473,
    0.7472446922694311,
    0.7493128092358439,
    0.749181915756957,
    0.7436058535563759,
    0.7397837639728788,
    0.7493651666273986,
    0.7499934553260557,
    0.7502552422838294,
    0.7532919709940051,
    0.7460928296552266,
    0.7631875179978533,
    0.7588418544988089,
    0.7587894971072541
  ],
  "val_loss": [
    0.6396941577877066,
    0.5810672247891593,
    0.527262250974062,
    0.5085158403751708,
    0.4965808033326273,
    0.5970243120087727,
    0.5918687960530455,
    0.548334056084646,
    0.5903534467670353,
    0.5793063564509697,
    0.5663986267010646,
    0.5295691400428545,
    0.6355542882491122,
    0.5601533201306016,
    0.7062031051291804,
    0.5747129380548747,
    0.5539360750685072,
    0.7806296412171608,
    0.6171150611187508,
    0.682777442423624,
    0.6373595651982746,
    0.7186098298550886,
    0.6604383724510758,
    0.675410633500043,
    0.7372989628689814,
    0.7626593111623621,
    0.6969729944615601,
    0.7840311145579774,
    0.7133123104012089,
    0.7930971242527823,
    0.8033836147045196,
    0.8118940510329441,
    0.7885189086213495,
    0.8125983231566468,
    0.8137575903069274,
    0.8317482312723532,
    0.6066672448467532,
    0.5795034708046332,
    0.6481802947652345,
    0.6722555346990949,
    0.5618750921651283,
    0.4578853746743538,
    0.5275912948227184,
    0.6227378307949731,
    0.591225760153065,
    0.5415608429712938,
    0.565458812409221,
    0.5409396531615701,
    0.5668867586607984,
    0.5248638983610081,
    0.5831210163397359,
    0.5968744652100082,
    0.5218413745573708,
    0.46349970210156316,
    0.5511555030901168,
    0.5332401937968758,
    0.5868249675857006,
    0.5565403143176693,
    0.5412075775529449,
    0.5270676111265639,
    0.5421894418030251,
    0.5402059172659801,
    0.5627059217833535,
    0.574666621629844,
    0.566069563644006,
    0.5693907189452274,
    0.5808872602149406,
    0.5617402241991313,
    0.5824197089144726,
    0.5717214653171105,
    0.543478948243552,
    0.5634082796199515,
    0.5841181720182811,
    0.5737106889141413,
    0.5813365846468093,
    0.6017988727383052,
    0.5772884195515652,
    0.5706320177224099,
    0.5757427722838697,
    0.5792337736609031,
    0.6171954089136875,
    0.5999237032928919,
    0.6205911296867149,
    0.5921900712283705,
    0.5844855705742489,
    0.5804744043242374,
    0.5805014182622009,
    0.59465909655071,
    0.5870404102041716,
    0.5869935882653746,
    0.5915909813519524
  ],