{
  "train_loss": [
    0.5297379518678758,
    0.45533058928379466,
    0.4304454971410357,
    0.41328273840730123,
    0.3982619578899232,
    0.38320765466113865,
    0.3720673711041455,
    0.3644259775282757,
    0.35200094096249807,
    0.3447052103132735,
    0.3367038779436357,
    0.32833801290306963,
    0.29565880474674555,
    0.28294532975350867,
    0.2720471733884622,
    0.2647212328087959,
    0.25633678972305274,
    0.2516915350442374,
    0.2500919888737297,
    0.24060756764443939,
    0.23714479261814833,
    0.23314548752975414,
    0.2240301210369988,
    0.22188202134085058,
    0.21763729137057486,
    0.2136849944930775,
    0.2118535343280541,
    0.18619925865016676,
    0.17875282174900392,
    0.17585184804794113,
    0.1720622238503862,
    0.1709373656646098,
    0.16571035805942042,
    0.16497017612139678,
    0.3170640249532327,
    0.2892421777020005,
    0.27950632318030777,
    0.26837853995534516,
    0.2772635575672442,
    0.26847557800611493,
    0.2706939765612601,
    0.25976145048908494,
    0.2683351837921162,
    0.26361932199568616,
    0.26274249242393244,
    0.26967176115970554,
    0.2609311715277191,
    0.25913757805478543,
    0.26284943409348227,
    0.2523622358909986,
    0.25510589840466935,
    0.25031342926103944,
    0.2466805334535905,
    0.2520037858122228,
    0.25781793807019143,
    0.24485467080062995,
    0.24845019081832403,
    0.24876482627698907,
    0.2540169439927759,
    0.2523910760980481,
    0.2545552385024409,
    0.24806421521778393,
    0.23662170239403632,
    0.24808017545381802,
    0.24087595112361454,
    0.23570304890069826,
    0.22207075457649275,
    0.21695301974929945,
    0.21154805947319355,
    0.21161282903861126,
    0.21272651419009886,
    0.20596000414262006,
    0.2025492117315693,
    0.2064048870730815,
    0.20599632588328634,
    0.20067676841317855,
    0.1972717127730936,
    0.2003386514459582,
    0.196722284599424,
    0.19467976314067778,
    0.1918217835913969,
    0.1914205544585763,
    0.18406442931183975,
    0.18755430519873836,
    0.19112904818707038,
    0.19259791492354716,
    0.18532214839295022,
    0.18837167369217864,
    0.17397037683785066,
    0.18658453980491696,
    0.1811224312715651,
    0.18593165640718864,
    0.1815702975770305,
    0.185031216141711,
    0.18275162629457495,
    0.17501996892040528
  ],
  "train_acc": [
    0.6921679610372515,
    0.7474266157693826,
    0.7607213373700145,
    0.7681979728840331,
    0.7725417928129524,
    0.7779386599973673,
    0.7855206002369356,
    0.7885744372778728,
    0.7961563775174411,
    0.7981571673028827,
    0.801421613794919,
    0.8033434250361985,
    0.8209029880215875,
    0.8247992628669212,
    0.834039752533895,
    0.8375411346584178,
    0.8400421218902199,
    0.8422008687639858,
    0.8420955640384362,
    0.8479399763064368,
    0.8485718046597341,
    0.8505199420824009,
    0.8584704488613927,
    0.8577069896011583,
    0.861261024088456,
    0.8647624062129788,
    0.8654205607476636,
    0.8779254969066737,
    0.8811109648545479,
    0.8846123469790707,
    0.8873502698433592,
    0.8901145188890351,
    0.8922206134000263,
    0.8924575490325128,
    0.6933439617377442,
    0.7180018599707719,
    0.7166733094194234,
    0.7185864222133652,
    0.7127939418094859,
    0.7321376378371197,
    0.7239006244187591,
    0.7288428324697754,
    0.7165670253753156,
    0.7172844426730437,
    0.7154244719011559,
    0.7213498073601701,
    0.7225720738674106,
    0.722279792746114,
    0.7152650458349941,
    0.7278331340507507,
    0.7171781586289359,
    0.7288428324697754,
    0.7129002258535937,
    0.7357778663478145,
    0.7046366414242062,
    0.7235552012754085,
    0.7460342766042248,
    0.7033612328949117,
    0.7262654444001594,
    0.72222665072406,
    0.7232629201541119,
    0.7199946857977946,
    0.7249900358708649,
    0.720579248040388,
    0.7237677693636243,
    0.7368407067888934,
    0.7356715823037067,
    0.7363889996014348,
    0.7346353128736548,
    0.7411186395642354,
    0.7400557991231567,
    0.7384881094725654,
    0.735352730171383,
    0.7274611398963731,
    0.7415703467516939,
    0.7556529825959878,
    0.7385412514946194,
    0.7330410522120366,
    0.7584163677427926,
    0.7577520924671184,
    0.7626411584960808,
    0.7486648066958947,
    0.7552012754085293,
    0.7632257207386741,
    0.752836455427129,
    0.753633585757938,
    0.7517204729639962,
    0.7451840042513618,
    0.7636774279261326,
    0.7575395243789026,
    0.7630397236614853,
    0.7439883087551481,
    0.7560781187724193,
    0.7482928125415172,
    0.7593197821177096,
    0.7441477348213099
  ],
  "val_loss": [
    0.555769732714637,
    0.5327001866044783,
    0.5384760234091017,
    0.4982923095791272,
    0.4826210790122388,
    0.4632303446765729,
    0.4231427465451033,
    0.5668751075351015,
    0.6615220190794184,
    0.4295182135047697,
    0.5283747979292358,
    0.6491699673257395,
    0.6959745301008811,
    0.6085922449695326,
    0.5328773539678185,
    0.5717994739670552,
    0.5766306348225595,
    0.638796625206487,
    0.4938381497135556,
    0.6096980745373926,
    0.6496856062139147,
    0.7999135360868983,
    0.7228781626199903,
    0.7001706481038528,
    0.744749234408697,
    0.7146610394999341,
    1.0379523855277806,
    0.9410396814126533,
    0.7169383586683807,
    0.7834379633736587,
    0.7527796037224073,
    0.725642061251103,
    0.7630166245831383,
    0.869449636782634,
    0.8426907141142651,
    0.6363828337484048,
    0.6626760087308012,
    0.5915999298891221,
    0.6455338886775291,
    0.5463789489375503,
    0.58334746860641,
    0.5440820662495278,
    0.6849246183567511,
    0.6245166390039242,
    0.676370464354132,
    0.5898966265115387,
    0.6256261862511076,
    0.6201950809858229,
    0.6693387693746797,
    0.6913295671558368,
    0.6989121016488589,
    0.5937959303951784,
    0.6366135498662336,
    0.6459572444250946,
    0.6003206940081115,
    0.6204215625214068,
    0.5793267906992118,
    0.5807162986581825,
    0.6301913098381257,
    0.6137027902327027,
    0.6620420350063344,
    0.559516571513946,
    0.6094391361737204,
    0.6774952384609038,
    0.6615710561353317,
    0.6383989782413872,
    0.565876291985249,
    0.6075576603368236,
    0.6623067084326231,
    0.5537863731709824,
    0.6129606960502259,
    0.6806296456971436,
    0.5812294803182442,
    0.5411541657087642,
    0.6062139852015004,
    0.5894098833107132,
    0.49075668151633745,
    0.6470811042302059,
    0.5904451011575559,
    0.5770757516777621,
    0.6129934974976602,
    0.5966644713797541,
    0.6465107713564269,
    0.5866302366053099,
    0.6277194100486664,
    0.5947249062144768,
    0.6356087592028103,
    0.6153888967158245,
    0.6035535595497226,
    0.6064342475887443,
    0.6116604078320607,
    0.6286647975955311,
    0.6384298614676683,
    0.654075012990859,
    0.6526248890873277,
    0.55664176800193
  ],