{
  "train_loss": [
    0.5161009520593715,
    0.43930551590960437,
    0.41305421995149627,
    0.39597801085092565,
    0.38893823745551315,
    0.37510706479344524,
    0.3630059308490766,
    0.3542104058144384,
    0.34607396151214,
    0.3385542285572644,
    0.3314327086033461,
    0.2967573480847103,
    0.2837325912995392,
    0.2716175564513632,
    0.2666464217307264,
    0.26005242322406075,
    0.2513995683199129,
    0.2459318687496925,
    0.4053008511805399,
    0.37229909422217317,
    0.36074142041898116,
    0.35521873514269287,
    0.34885906951235146,
    0.3337870387843752,
    0.33716340655792043,
    0.33597345185241223,
    0.3277696590915735,
    0.33403347000073175,
    0.32542815693635657,
    0.32584575632272555,
    0.326654251916512,
    0.31979933111265046,
    0.32405947581742406,
    0.3230447696511773,
    0.3137241590497306,
    0.31178199463733436,
    0.3198765570025847,
    0.31765314326200245,
    0.3084991659278173,
    0.3127639489725659,
    0.3138117805632538,
    0.3063794500201075,
    0.3031297366506647,
    0.2870171041714983,
    0.2798989799629143,
    0.276175902479035,
    0.27749978711230444,
    0.2744384564897841,
    0.2741607909069576,
    0.2734119236570421,
    0.2699366205063407,
    0.2659234987060184,
    0.26339293058730495,
    0.26266645350682694,
    0.26253206241799354,
    0.25591174608774614,
    0.2586260356231426,
    0.25333565073545916,
    0.25548523244463356,
    0.2486424525096556,
    0.2519098395018906,
    0.25069907694263416,
    0.25013832684122295,
    0.24975849872234257,
    0.24715090804168882,
    0.25152399271986386,
    0.2523002001943495,
    0.24912621971052246,
    0.24836314775350268,
    0.2505986709985358,
    0.24948678606797012
  ],
  "train_acc": [
    0.7034215688772261,
    0.7576877022241472,
    0.765407250770681,
    0.7738911110544954,
    0.7769483580036177,
    0.7846679065501516,
    0.7859162823877098,
    0.7916740974752235,
    0.7971007108099156,
    0.7978395454892869,
    0.8011515630175028,
    0.8158008713153805,
    0.8247942727573819,
    0.8289979873124251,
    0.8317495095666353,
    0.8369977834959619,
    0.8423479656569259,
    0.8437492038419403,
    0.6663495410249158,
    0.6792059859607621,
    0.6842199994857422,
    0.6812373042606259,
    0.6767375485330797,
    0.6919081535573783,
    0.6794631148594791,
    0.6873055462703453,
    0.6851970893008665,
    0.6776632125684605,
    0.6924224113548122,
    0.6962793448355661,
    0.6814944331593428,
    0.684991386181893,
    0.6922167082358386,
    0.6910596281916125,
    0.6848371088426628,
    0.6953022550204417,
    0.6870227044817567,
    0.6916510246586614,
    0.6854285053097118,
    0.6731377439510426,
    0.6867912884729115,
    0.7101385924764084,
    0.6928595304826309,
    0.6890283098917487,
    0.6997762978581162,
    0.7108071276130724,
    0.7003934072150368,
    0.7233807307603302,
    0.7003934072150368,
    0.7152811704507469,
    0.7253606232804505,
    0.7029646962022061,
    0.70347895399964,
    0.7126327427939626,
    0.727237664241084,
    0.7141240904065208,
    0.7214779769098248,
    0.7264148517651899,
    0.7057674011982207,
    0.7195237972795763,
    0.7110385436219177,
    0.7186752719138104,
    0.7162325473759996,
    0.7145354966444679,
    0.7118613560978119,
    0.7241264045666093,
    0.7302460723560721,
    0.7161811215962562,
    0.7241521174564809,
    0.7229436116325114,
    0.7266719806639068
  ],
  "val_loss": [
    0.3168588537969246,
    0.29359711921168674,
    0.2748134436252516,
    0.2813410006666462,
    0.28993754167153213,
    0.3202797919801701,
    0.27974939636219337,
    0.28552072173426585,
    0.2916609909428929,
    0.27418855009491805,
    0.26615330982764873,
    0.284981015591306,
    0.2671274689210992,
    0.2797153988990802,
    0.2932992751351358,
    0.3009774018847293,
    0.30003010316349654,
    0.3164205269069059,
    0.26600741158095,
    0.23284557534927,
    0.2291051121410312,
    0.24769304945245238,
    0.24142357526248237,
    0.25020701976855286,
    0.23848247661279087,
    0.23888363006336283,
    0.24574263407052852,
    0.2196942990268846,
    0.24022549222459494,
    0.23548444767422197,
    0.23984121857668422,
    0.24910854663121676,
    0.22776485417470013,
    0.24127915618696005,
    0.2801840882126264,
    0.231587643480781,
    0.2062171054875921,
    0.2381619232723193,
    0.238582348674243,
    0.2427752708580733,
    0.24885194260473337,
    0.23599708736791827,
    0.22270821473306898,
    0.23083319529627536,
    0.22352583898864467,
    0.23064125154335746,
    0.22730384810236676,
    0.21799066520802868,
    0.23704464175173015,
    0.22598258989235506,
    0.22160066871342116,
    0.2059044383963925,
    0.21388869698951662,
    0.20752547199751867,
    0.20937924406149064,
    0.21777970180618036,
    0.22818246308882484,
    0.20962165825229964,
    0.21336701470619335,
    0.21758354268602162,
    0.21039883117603178,
    0.2229590195071955,
    0.2176596948068245,
    0.2113898639550729,
    0.2093276454827406,
    0.21897768244615706,
    0.22137776469493428,
    0.21534096632584607,
    0.2214256478272276,
    0.21763736840286282,
    0.21472312795448398
  ],
  "val_acc": [
    0.7655642023346303,
    0.7908560311284046,
    0.8404669260700389,
    0.7986381322957199,
    0.7801556420233463,
    0.7723735408560312,
    0.806420233463035,
    0.8122568093385214,
    0.7957198443579766,
    0.806420233463035,
    0.7976653696498055,
    0.7898832684824902,
    0.8239299610894941,
    0.7889105058365758,
    0.7986381322957199,
    0.8005836575875487,
    0.7733463035019456,
    0.8083657587548638,
    0.8241650294695482,
    0.8320235756385069,
    0.8388998035363457,
    0.8104125736738703,
    0.8005893909626719,
    0.8133595284872298,
    0.8222003929273084,
    0.8055009823182712,
    0.8005893909626719,
    0.8143418467583498,
    0.8231827111984283,
    0.8271119842829077,
    0.8290766208251473,
    0.8467583497053045,
    0.8290766208251473,
    0.8143418467583498,
    0.8055009823182712,
    0.8074656188605108,
    0.831041257367387,
    0.8163064833005894,
    0.8192534381139489,
    0.8212180746561886,
    0.8035363457760314,
    0.825147347740668,
    0.8212180746561886,
    0.8300589390962672,
    0.8271119842829077,
    0.8222003929273084,
    0.8241650294695482,
    0.825147347740668,
    0.8163064833005894,
    0.8300589390962672,
    0.831041257367387,
    0.8388998035363457,
    0.8359528487229863,
    0.8379174852652259,
    0.8330058939096268,
    0.825147347740668,
    0.8320235756385069,
    0.8408644400785854,
    0.8330058939096268,
    0.8398821218074656,
    0.8428290766208252,
    0.8280943025540275,
    0.8379174852652259,
    0.8408644400785854,
    0.8408644400785854,
    0.8330058939096268,
    0.8330058939096268,
    0.8388998035363457,
    0.8359528487229863,
    0.8339882121807466,
    0.8388998035363457
  ],