{
  "train_loss": [
    0.5085523393323396,
    0.42557746736334867,
    0.403799530081437,
    0.38412509884515683,
    0.3702590638862429,
    0.3630799475692793,
    0.34774555013246167,
    0.3395908756205213,
    0.33075873041104487,
    0.32346973687096275,
    0.3188592503641975,
    0.3122109333345686,
    0.2980746582914928,
    0.29803553029902,
    0.2917152985692094,
    0.2860409955073658,
    0.27943690757938827,
    0.27129021799214253,
    0.2687171284540414,
    0.2350916179998189,
    0.22474919661791057,
    0.21760302812430204,
    0.2141541526560951,
    0.21121365304157247,
    0.20569688538031103,
    0.20106735665590098,
    0.33440676758647003,
    0.30407348612267276,
    0.3081190950580312,
    0.2993583882977708,
    0.3014004644397165,
    0.29655720008582837,
    0.293600632666975,
    0.29505284360391376,
    0.28050812008648945,
    0.28969530897877466,
    0.2855122526523194,
    0.28221105875831426,
    0.2838357127965533,
    0.28044436176274606,
    0.28585915190056777,
    0.2875683906784144,
    0.2737150985825228,
    0.27021653848824045,
    0.2770410036503824,
    0.2726723798531051,
    0.2872020508375818,
    0.2681535415601648,
    0.2704463737844481,
    0.2527184810162312,
    0.2511177675659526,
    0.24693968141969896,
    0.23745497381542965,
    0.2243437142029786,
    0.23167536538148598,
    0.23085152102651008,
    0.23424613911617084,
    0.22779666374190372,
    0.2216582654368119,
    0.2209626954096751,
    0.2238362699856523,
    0.21794231510378653,
    0.21510708068446885,
    0.21102912697463483,
    0.21690107305063544,
    0.20221871974813538,
    0.21559892137431214,
    0.2112386910543964,
    0.22202883050439554,
    0.20305002014953266
  ],
  "train_acc": [
    0.6974535922537849,
    0.7566201251805489,
    0.7651794789493394,
    0.7729898892633607,
    0.780693307655272,
    0.7822981864869203,
    0.7924624190873589,
    0.7950034772374686,
    0.8006740491092923,
    0.8046862461884128,
    0.8036965709088963,
    0.8105975498849837,
    0.8169903172310491,
    0.8155191783020382,
    0.8171775530947414,
    0.8236505643823891,
    0.8252019472529823,
    0.8290536564489381,
    0.830070079708982,
    0.8496228534745627,
    0.8560423688011555,
    0.8600278178997486,
    0.8607232653934628,
    0.865002942277858,
    0.864093510939924,
    0.8680254640774622,
    0.7008586240414731,
    0.6962684955178745,
    0.6932444108435036,
    0.6893293012204341,
    0.7011286316016848,
    0.7139269899557188,
    0.7218922129819635,
    0.7039367102278864,
    0.7030456852791879,
    0.6968625121503402,
    0.7087698455556756,
    0.7055837563451777,
    0.701803650502214,
    0.7119019332541311,
    0.694918457716816,
    0.7066637865860244,
    0.7082838319472945,
    0.7124149476185333,
    0.7061507722216223,
    0.7096068689923318,
    0.7030456852791879,
    0.7110649098174749,
    0.6991575764121395,
    0.738470677178961,
    0.7030456852791879,
    0.721163192569392,
    0.7171940814342802,
    0.7374716492061778,
    0.7329355221946214,
    0.730937466249055,
    0.7206501782049898,
    0.7319634949778594,
    0.7201101630845663,
    0.7223512258343233,
    0.7281563883788746,
    0.720542175180905,
    0.740387730856464,
    0.73798466357058,
    0.7364456204773734,
    0.7443298412355546,
    0.7308294632249703,
    0.7245922885840803,
    0.7218112107139,
    0.7318554919537748
  ],
  "val_loss": [
    0.5621486322514646,
    0.64128916828482,
    0.6694623690199207,
    0.4486290302013492,
    0.6091733877776979,
    0.5915610464843544,
    0.6018059469558097,
    0.5655184260144964,
    0.6530529636198336,
    0.4999007025817493,
    0.4888911428725397,
    0.5679500630417386,
    0.5129598869034299,
    0.5887773018269925,
    0.6132580208778381,
    0.6006165163339795,
    0.6319553780018746,
    0.5476876134969093,
    0.5438939970678037,
    0.5672142753743373,
    0.5811910929980578,
    0.5501124195257823,
    0.5941382881086152,
    0.6192171180892635,
    0.5316950278158661,
    0.6392351368378412,
    0.5143507008219371,
    0.5264781817496363,
    0.46260493893156035,
    0.5036742353450149,
    0.5173291528600854,
    0.4912392207747579,
    0.508058948330784,
    0.4518230019106839,
    0.4976991926923313,
    0.4484138493110069,
    0.4710904681612273,
    0.44997906969917667,
    0.45214123844343174,
    0.45600895245175826,
    0.48995823621912143,
    0.4784576976161362,
    0.4765591152837186,
    0.4940064989787589,
    0.5019244200805246,
    0.4730680482844043,
    0.4658728816521146,
    0.46019551401075565,
    0.4528232695037895,
    0.4925601462825132,
    0.5288320899307187,
    0.5207703481568615,
    0.5409984201044115,
    0.5461477140468392,
    0.5184749987104843,
    0.5354656099326598,
    0.5418209913746198,
    0.5276532902340059,
    0.5400727592476267,
    0.5519591533742886,
    0.542280012096013,
    0.5368183285024984,
    0.5234619650590874,
    0.5414136544762419,
    0.5552791681309686,
    0.5449209435367973,
    0.5516060814099173,
    0.54356162404868,
    0.5420016150428033,
    0.5485168016270587
  ],
  "val_acc": [
    0.614054054054054,
    0.5722522522522523,
    0.5931531531531532,
    0.692972972972973,
    0.5967567567567568,
    0.6947747747747748,
    0.6500900900900901,
    0.6767567567567567,
    0.6082882882882883,
    0.6763963963963964,
    0.6911711711711712,
    0.6673873873873873,
    0.6562162162162162,
    0.6544144144144144,
    0.6518918918918919,
    0.6082882882882883,
    0.6522522522522523,
    0.6147747747747748,
    0.6165765765765766,
    0.6526126126126126,
    0.6767567567567567,
    0.6601801801801802,
    0.6854054054054054,
    0.6558558558558558,
    0.7034234234234235,
    0.6598198198198199,
    0.7030852994555354,
    0.6929219600725953,
    0.7517241379310344,
    0.7081669691470055,
    0.6878402903811253,
    0.7019963702359346,
    0.6903811252268602,
    0.7154264972776769,
    0.676950998185118,
    0.7197822141560799,
    0.7241379310344828,
    0.7052631578947368,
    0.7027223230490018,
    0.7005444646098004,
    0.6791288566243194,
    0.7437386569872958,
    0.6852994555353902,
    0.6842105263157895,
    0.7052631578947368,
    0.6972776769509982,
    0.6932849364791288,
    0.6918330308529945,
    0.7150635208711433,
    0.7361161524500908,
    0.7186932849364791,
    0.7161524500907441,
    0.7041742286751361,
    0.6976406533575318,
    0.7172413793103448,
    0.700907441016334,
    0.7088929219600726,
    0.7030852994555354,
    0.7099818511796733,
    0.6860254083484574,
    0.6994555353901997,
    0.7150635208711433,
    0.7157894736842105,
    0.6983666061705989,
    0.6900181488203266,
    0.713611615245009,
    0.6947368421052632,
    0.6980036297640654,
    0.7092558983666062,
    0.708529945553539
  ],