{
  "train_loss": [
    0.5143218993904579,
    0.44410997469524216,
    0.4176439001172475,
    0.4018353608027151,
    0.38962980928282376,
    0.38237602662365566,
    0.3686993218910625,
    0.3629677437653879,
    0.3535757399918817,
    0.34596766884681873,
    0.3367252050292889,
    0.33026016737638175,
    0.32431895815433515,
    0.3166174775557374,
    0.31030771272631325,
    0.3048898867661395,
    0.297693679236265,
    0.2944438726658757,
    0.28857621436108893,
    0.2772246917144732,
    0.27751776151625795,
    0.2722106794044154,
    0.2657390757397436,
    0.2657800488724088,
    0.23103851278871415,
    0.21849388560442,
    0.21387732019294178,
    0.20815890951667468,
    0.20646025287785727,
    0.19958082903674454,
    0.19738342587940763,
    0.33342749153710133,
    0.2997946861377523,
    0.2973917870303137,
    0.2927146386394342,
    0.28086375091875304,
    0.29141198431851234,
    0.28949911248285226,
    0.2740223367091583,
    0.27980794122879077,
    0.2858046851002172,
    0.2780082695527793,
    0.27730980534913613,
    0.27650014047468213,
    0.273529653795938,
    0.2733169151082177,
    0.26240681120589043,
    0.2650540030185646,
    0.26960883645335315,
    0.25731766823840635,
    0.26168929372683364,
    0.25644268228080425,
    0.2583568610586336,
    0.2659982524100702,
    0.2513135317579808,
    0.25236206754672214,
    0.2551850377322246,
    0.25786724766551017,
    0.26340784717995325,
    0.24976082101031719,
    0.2532203856245981,
    0.25795423845671583,
    0.24346116784494568,
    0.24604134680370246,
    0.23223411627850415,
    0.2276518259810258,
    0.2332679019675919,
    0.23328924454595043,
    0.21388851089867714,
    0.21447095640088312,
    0.21126817816576138,
    0.20758293858083998,
    0.20623425796759645,
    0.2120090120785067,
    0.21091359387025344,
    0.20355178306696542,
    0.20294784078727915,
    0.20993290483625587,
    0.2015008633383493,
    0.19752508384944714,
    0.20669813348206845,
    0.20079764263014058,
    0.19567648257447431,
    0.19355470034872527,
    0.2024093344086702,
    0.18969458017496688,
    0.20286062353227538,
    0.19595529337765843,
    0.2017502725550644,
    0.19425487544953346,
    0.1969893421659612,
    0.1904425949052597,
    0.19655806304817194,
    0.20201590789194412
  ],
  "train_acc": [
    0.6992600698243968,
    0.7524360377260174,
    0.7617112188004794,
    0.7678859882236465,
    0.776457714553697,
    0.7788546714605805,
    0.7845865249335626,
    0.7872961283935178,
    0.7943046219582096,
    0.7922203116043979,
    0.8006617685373352,
    0.8045959043301547,
    0.8052993590745662,
    0.8095461414204576,
    0.8117607211713824,
    0.8154082642905529,
    0.8234589130321505,
    0.8247876608827054,
    0.8238757751029129,
    0.8284873117607212,
    0.8311448074618311,
    0.8334114949716013,
    0.8356521286019488,
    0.8340107341983222,
    0.8540461674743369,
    0.8620186545776666,
    0.8647022041581992,
    0.868766609348132,
    0.869496117971966,
    0.8741858162680423,
    0.8738731697149705,
    0.6980437526293648,
    0.6852387463188894,
    0.7085612116112747,
    0.6986222128733698,
    0.7109276398822044,
    0.6984644509886412,
    0.712031973075305,
    0.6974915860328145,
    0.715765671013883,
    0.7105858224652923,
    0.7154501472444258,
    0.7148190997055112,
    0.709455195624737,
    0.7052745056794278,
    0.7051167437946992,
    0.7191838451830038,
    0.704669751787968,
    0.7220235591081194,
    0.7086663862010938,
    0.7245740429112326,
    0.7331457719814892,
    0.7221550273453934,
    0.7213662179217502,
    0.7258887252839714,
    0.7198937736642828,
    0.7173958771560791,
    0.731305216659655,
    0.7056952040387042,
    0.726993058477072,
    0.7362747160286075,
    0.7187894404711822,
    0.7260727808161548,
    0.7145298695835086,
    0.7259676062263357,
    0.7293857803954564,
    0.7258624316365166,
    0.7230753050063105,
    0.7239167017248632,
    0.732830248212032,
    0.7322254943205722,
    0.726993058477072,
    0.7315681531342028,
    0.7364587715607909,
    0.7409023979806478,
    0.747186579722339,
    0.7364061842658813,
    0.7277818679007152,
    0.7465292385359698,
    0.7350915018931427,
    0.7286495582667227,
    0.7403765250315524,
    0.7391144299537232,
    0.7666438788388725,
    0.7378786285233487,
    0.7510254522507362,
    0.7553113167858645,
    0.7490797223390829,
    0.7514198569625579,
    0.7436106436684897,
    0.7411390408077408,
    0.7302271771140093,
    0.753497055111485,
    0.736800588977703
  ],
  "val_loss": [
    1.0241013076177912,
    1.0885177660970329,
    1.0741392701864243,
    1.14285349339419,
    0.9874727243934408,
    1.0399352422124044,
    0.8730397496264793,
    0.9031806151818678,
    0.9788802845500453,
    0.8664405790453701,
    1.025089407940476,
    0.861487137142978,
    0.9638952418042056,
    0.8961726827127051,
    0.7173834051183193,
    0.7043800078892294,
    0.6627896360966856,
    0.6453863329194873,
    0.6033065769713738,
    0.6770553036662884,
    0.6869800868191126,
    0.8006979012851081,
    0.8588356759722178,
    0.7157035276853625,
    0.7112941754648107,
    0.7095515378896211,
    0.6239488850568415,
    0.7036744467181967,
    0.6912623800078913,
    0.6221115293573437,
    0.732566498977945,
    0.6573703517429312,
    0.6160736963806445,
    0.6883874152356769,
    0.6572534025238271,
    0.6337919729189915,
    0.6175073421925132,
    0.6439729086183317,
    0.6212931427211441,
    0.6573851405702836,
    0.6764715763124806,
    0.6980001180405505,
    0.6329904577144754,
    0.6214223990097032,
    0.5868627961006081,
    0.6224954670414938,
    0.6475490581178874,
    0.5978244269016193,
    0.6809082731953141,
    0.6545864580362513,
    0.6585412653435392,
    0.6468027147023301,
    0.6583685090841606,
    0.6582842944701861,
    0.6517247624477448,
    0.6398805329892022,
    0.6431317216471621,
    0.6793714441489755,
    0.6576031145078746,
    0.6322919891155951,
    0.6352422733753048,
    0.626777530073771,
    0.6031297778743401,
    0.6332169933364405,
    0.6414914506220678,
    0.6404607365703026,
    0.6438930080081636,
    0.6673726279920305,
    0.6780829442305523,
    0.665222277640425,
    0.6716434448783161,
    0.6516636115199292,
    0.6607121987039583,
    0.6799900578302249,
    0.6666544684236161,
    0.6706432449582376,
    0.6409759705439646,
    0.6628326783098324,
    0.6502155945314998,
    0.6405917319332995,
    0.6467274897454077,
    0.6509386716617478,
    0.6441791224897954,
    0.6370910372127566,
    0.6530087190108341,
    0.6681721712587869,
    0.6608413132833458,
    0.66011121275655,
    0.6572316823167759,
    0.6406031943247681,
    0.6445690916818485,
    0.6646015852646172,
    0.6557794319345938,
    0.6634316797144929
  ],