{
  "train_loss": [
    0.5253286374452998,
    0.4517604398813885,
    0.4216188976128453,
    0.40654193803310484,
    0.39137965609162106,
    0.3814609372740503,
    0.3697681340722385,
    0.36404111541966055,
    0.3527873543846363,
    0.3177740780402632,
    0.30462918972418296,
    0.29721770349985255,
    0.28779565438826743,
    0.282141416631313,
    0.271728214222963,
    0.26597328154205074,
    0.2601359791879237,
    0.2534753759179769,
    0.24945294509588542,
    0.24454702772494794,
    0.23926732386525415,
    0.23325586964969977,
    0.23202116876446632,
    0.2278185032744943,
    0.1992090472626544,
    0.19338510775284298,
    0.19028048835061753,
    0.1861117947183361,
    0.18363278880075087,
    0.18114302942892,
    0.17446927373173396,
    0.3248216255128578,
    0.295980797075997,
    0.29182226182829435,
    0.28504974985118886,
    0.26754135407157825,
    0.2731719824531749,
    0.2843451142320582,
    0.2713494155644795,
    0.26305015264838094,
    0.26314709216655874,
    0.26425669504745214,
    0.2571023266627815,
    0.2643750946527008,
    0.2598708411470427,
    0.251938601261374,
    0.2585687321818228,
    0.2614005971444526,
    0.25363127158455295,
    0.25592022235442663,
    0.2537017427235648,
    0.25363637585022863,
    0.25574502654108633,
    0.2540846910373225,
    0.23426061225049372,
    0.22973473682675113,
    0.2222585247061347,
    0.22337378780028128,
    0.21730188159141892,
    0.21291565179389269,
    0.20669270909081397,
    0.2173534094068385,
    0.20752393726934057,
    0.20885330283203252,
    0.2054599716392633,
    0.19887692878481622,
    0.19822725112715,
    0.2059061555377887,
    0.19772677069042208,
    0.2064728404946082,
    0.2066033750949151,
    0.19157661863867192,
    0.18658249546926864,
    0.202199619814482,
    0.20318174439551978,
    0.19545470013922428,
    0.19425998863113111,
    0.19138030647837842,
    0.19380679374683685,
    0.1933896814394097,
    0.19204005926759712,
    0.19313332977307507,
    0.19359555966101358,
    0.1994122977053745
  ],
  "train_acc": [
    0.6863945757010328,
    0.7397177472339754,
    0.7601114293973877,
    0.7605581982076687,
    0.7689942445665029,
    0.7700454652965757,
    0.775538093611206,
    0.7804525505242963,
    0.7844734698168248,
    0.804288980578697,
    0.8107014270321411,
    0.8124096607185094,
    0.8164568605292897,
    0.8209245486320991,
    0.827494678195054,
    0.826758823684003,
    0.8327245013271661,
    0.8367717011379464,
    0.837849202386271,
    0.8414496333867704,
    0.8431315865548868,
    0.8496491550813382,
    0.8475729941394444,
    0.8505689732201519,
    0.8675461880108276,
    0.8695960684344696,
    0.8710677774565715,
    0.8731964994349689,
    0.8783212004940737,
    0.8787942498226065,
    0.8821581561588394,
    0.708124452932283,
    0.7031378478024456,
    0.7012811331264422,
    0.7095833001777141,
    0.7143311848492082,
    0.7113339168722315,
    0.7190525450253309,
    0.7086549428397124,
    0.7113869658629745,
    0.7062412137609082,
    0.7174610753030424,
    0.7066390811914803,
    0.7096363491684571,
    0.7141189888862365,
    0.725020556483913,
    0.7035357152330177,
    0.7108830004509165,
    0.7220498130023076,
    0.709238481737885,
    0.7273281875812313,
    0.7104586085249728,
    0.7190525450253309,
    0.7149677727381236,
    0.7329248561046126,
    0.7331635765629559,
    0.710803426964802,
    0.7296623431739211,
    0.7349672422482162,
    0.7317047293175247,
    0.7298745391368929,
    0.7341715073870719,
    0.7426593459059442,
    0.7355242566510172,
    0.751969443781332,
    0.7322352192249543,
    0.7464523487440652,
    0.7291849022572345,
    0.731996498766611,
    0.7303519800535795,
    0.7516246253415029,
    0.7394233574706242,
    0.7474868040635527,
    0.730882469961009,
    0.7238269541921964,
    0.7418105620540569,
    0.7431633113180022,
    0.7515715763507599,
    0.7443303891143471,
    0.748176440943211,
    0.7371687753640487,
    0.7583087981751148,
    0.7502984005729291,
    0.7460014323227501
  ],
  "val_loss": [
    0.37251791455317085,
    0.3483086813545581,
    0.34693395145247213,
    0.3595416975944466,
    0.3082823636195008,
    0.400831948993455,
    0.34347952756007044,
    0.35004067390200194,
    0.3617781181768878,
    0.4283679802086271,
    0.35253764976380747,
    0.4075230338060215,
    0.34906755684634494,
    0.37677889277400956,
    0.39957456441100586,
    0.3388922616038691,
    0.37739687140375155,
    0.37396302578385715,
    0.3898548520824804,
    0.39781141573096945,
    0.4549404557268658,
    0.41662845594093184,
    0.41315418089442557,
    0.42077369645706636,
    0.4994358701078899,
    0.49324109783829845,
    0.516573820285932,
    0.6194074795027652,
    0.5261205305219634,
    0.5452812756381216,
    0.512589127546304,
    0.34737915712510925,
    0.3473304181522659,
    0.297267080573205,
    0.28236603119060455,
    0.29225005983728414,
    0.3158713451936782,
    0.2939717138424982,
    0.2978107039543725,
    0.308261385139073,
    0.2935271759707532,
    0.317943355337002,
    0.3207043356382411,
    0.3018965960655537,
    0.3290055548585869,
    0.2901097606045,
    0.3028208450658461,
    0.34182158938197377,
    0.3102408603454356,
    0.334998200020768,
    0.30559813946899256,
    0.32940129068039387,
    0.31734983966168245,
    0.327544992416112,
    0.34548127243386434,
    0.3588217365493486,
    0.36527032005847315,
    0.3353980392851379,
    0.3677625540691543,
    0.3892476029822142,
    0.37127883856604676,
    0.31963203358638387,
    0.362419086283934,
    0.34659665863699934,
    0.37595106420793056,
    0.3626408622279573,
    0.3434426530000395,
    0.3724256656512309,
    0.3812426995911253,
    0.36875384141362255,
    0.3813744887066024,
    0.3888219088864332,
    0.3688020726453239,
    0.370933171670347,
    0.35222162219784814,
    0.3478179036825567,
    0.3645697984599815,
    0.3505221586025933,
    0.36943631969415286,
    0.37943832317195625,
    0.371052610011892,
    0.36522135191706634,
    0.36264066859495275,
    0.3601345810505618
  ],