{
  "fold": 7,
  "model": "conformer",
  "seq_length": 11,
  "val_accuracy": 0.8154981549815498,
  "val_f1_macro": 0.7334592279000292,
  "val_f1_weighted": 0.8069812730667203,
  "val_kappa": 0.7571194909367928,
  "test_accuracy": 0.9026469268730373,
  "test_f1_macro": 0.8541169850089194,
  "test_f1_weighted": 0.9001101461794933,
  "test_kappa": 0.8720485698701104,
  "total_params": 1338821
}