{
  "fold": 13,
  "model": "conformer",
  "seq_length": 11,
  "val_accuracy": 0.9194214876033058,
  "val_f1_macro": 0.8402532070177969,
  "val_f1_weighted": 0.9248037584143975,
  "val_kappa": 0.8894795200298609,
  "test_accuracy": 0.843811394891945,
  "test_f1_macro": 0.8141338700431486,
  "test_f1_weighted": 0.8553341679606572,
  "test_kappa": 0.787971674015389,
  "total_params": 1338821
}