{
  "fold": 10,
  "model": "conformer",
  "seq_length": 11,
  "val_accuracy": 0.6292397660818714,
  "val_f1_macro": 0.6044887159321767,
  "val_f1_weighted": 0.6617481367900355,
  "val_kappa": 0.529697053828418,
  "test_accuracy": 0.8566176470588235,
  "test_f1_macro": 0.7563737411210935,
  "test_f1_weighted": 0.8727355665508911,
  "test_kappa": 0.7775801912599635,
  "total_params": 1338821
}