{
  "fold": 9,
  "model": "conformer",
  "seq_length": 11,
  "val_accuracy": 0.8676470588235294,
  "val_f1_macro": 0.7720593742295879,
  "val_f1_weighted": 0.8797479900742682,
  "val_kappa": 0.7922615188171509,
  "test_accuracy": 0.8367162832656744,
  "test_f1_macro": 0.7889663571700031,
  "test_f1_weighted": 0.8419833470295216,
  "test_kappa": 0.7677510203798151,
  "total_params": 1338821
}