{
  "fold": 16,
  "model": "conformer",
  "seq_length": 11,
  "val_accuracy": 0.7361161524500908,
  "val_f1_macro": 0.6555350842832821,
  "val_f1_weighted": 0.7391486048060498,
  "val_kappa": 0.6528488653243181,
  "test_accuracy": 0.7950164551010813,
  "test_f1_macro": 0.7475588219832857,
  "test_f1_weighted": 0.8227181428428777,
  "test_kappa": 0.7279636256966853,
  "total_params": 1338821
}