{
  "fold": 3,
  "model": "conformer",
  "seq_length": 11,
  "val_accuracy": 0.8347826086956521,
  "val_f1_macro": 0.8070605564880543,
  "val_f1_weighted": 0.8400769667082081,
  "val_kappa": 0.7702058521152909,
  "test_accuracy": 0.8676071622354856,
  "test_f1_macro": 0.8118758711289157,
  "test_f1_weighted": 0.8769379031798226,
  "test_kappa": 0.8122013260985499,
  "total_params": 1338821
}