{
  "fold": 11,
  "model": "conformer",
  "seq_length": 11,
  "val_accuracy": 0.821304131408661,
  "val_f1_macro": 0.7683589140151217,
  "val_f1_weighted": 0.8243131844863734,
  "val_kappa": 0.7594049698818793,
  "test_accuracy": 0.6216374269005848,
  "test_f1_macro": 0.5874580401567943,
  "test_f1_weighted": 0.6410446521360985,
  "test_kappa": 0.5016050518364621,
  "total_params": 1338821
}