{
  "fold": 17,
  "model": "conformer",
  "seq_length": 11,
  "val_accuracy": 0.7837982832618026,
  "val_f1_macro": 0.7561362229752884,
  "val_f1_weighted": 0.7925688614334989,
  "val_kappa": 0.7214882001984306,
  "test_accuracy": 0.6754990925589837,
  "test_f1_macro": 0.5984200943600751,
  "test_f1_weighted": 0.6788039384502471,
  "test_kappa": 0.5774689205134389,
  "total_params": 1338821
}