{
  "fold": 2,
  "model": "conformer",
  "seq_length": 11,
  "val_accuracy": 0.8638090070537168,
  "val_f1_macro": 0.8071786069729228,
  "val_f1_weighted": 0.8687607859295282,
  "val_kappa": 0.8090884516575013,
  "test_accuracy": 0.82025819265144,
  "test_f1_macro": 0.7965943790052515,
  "test_f1_weighted": 0.8147013957369122,
  "test_kappa": 0.7531444901165428,
  "total_params": 1338821
}