{
  "train_loss": [
    0.8897999915488405,
    0.8031291743135821,
    0.7752996552897382,
    0.7573851904723401,
    0.7403483083223523,
    0.7314918653061775,
    0.7192175338097734,
    0.7102653943363234,
    0.6968675345345317,
    0.6887542233191735,
    0.6759558091076505,
    0.6734347913726755,
    0.6581623155312537,
    0.656178759716754,
    0.6453353097581028,
    0.6402764554662237,
    0.6355680153889349,
    0.6259107460914832,
    0.6183544503040586,
    0.6159726687344054,
    0.6076500363423069,
    0.6058098901672002,
    0.5578210106404928,
    0.5483776489658562,
    0.5432061854628827,
    0.5376302955794072,
    0.5283056164161797,
    0.5263179107705275,
    0.5168797115890411,
    0.5176737072419265,
    0.5123891771423603,
    0.5092556456982396,
    0.5043433633404277,
    0.5010634886211502,
    0.4928819005378107,
    0.47327818851437453,
    0.467112130855117,
    0.46142677855244224,
    0.45997549390456666,
    0.4545208513744594,
    0.4511557915543695,
    0.4508744837063895,
    0.6370535457805575,
    0.5643177142614038,
    0.5442449651383117,
    0.5541559285459061,
    0.5485271484844021,
    0.5432797613731946,
    0.538090439803984,
    0.5496448431469726,
    0.5444908346760893,
    0.5450221616258016,
    0.5347259698231583,
    0.5474328215876284,
    0.5338186806630822,
    0.5449960753546033,
    0.5406392669011172,
    0.5393963142634168,
    0.5349412649327423,
    0.5222988231807804,
    0.5302668478547318,
    0.5244519824568153,
    0.5272609028416285,
    0.5333184857859782,
    0.5026293876443011,
    0.5001177845747593,
    0.49914684060244463,
    0.49827680006098646,
    0.4873438286109665,
    0.4892740922074453,
    0.4797088405179595,
    0.4837540269639871,
    0.4756166190691351,
    0.47893858334964845,
    0.47064592519874865,
    0.4643561269578921,
    0.470806524269121,
    0.46747117732329324,
    0.46948753879260974,
    0.46183736461371916
  ],
  "train_acc": [
    0.7368699004515329,
    0.7903408940878245,
    0.8041509334319136,
    0.8094320192231523,
    0.8166142958992368,
    0.8173272424810542,
    0.8232156531382853,
    0.8233740857120224,
    0.8300282538089832,
    0.8314013361147052,
    0.8375538010614982,
    0.8373161522008925,
    0.8422539674157007,
    0.8436798605793351,
    0.8483800269335375,
    0.8492250006601357,
    0.8513902458345436,
    0.8541100050170315,
    0.8601040373900875,
    0.8589950093739273,
    0.8622956879934515,
    0.8619524174170209,
    0.8805946502600934,
    0.8848723297509968,
    0.8869847640674923,
    0.8884898735179954,
    0.8925563095772491,
    0.8931108235853291,
    0.8979958279422249,
    0.8974149085051887,
    0.8993425048189908,
    0.9022206965752159,
    0.9036465897388503,
    0.9035409680230255,
    0.9074225660795859,
    0.9166908716432098,
    0.919859523117953,
    0.923265823453302,
    0.9236354994586887,
    0.9266193129307385,
    0.9287845581051464,
    0.9278075572337673,
    0.7228485381519683,
    0.7502465286106447,
    0.7616001705711468,
    0.7474214439913648,
    0.7632525785560086,
    0.7493137176514485,
    0.7386530209749207,
    0.7739932304576104,
    0.7484608619173263,
    0.7629061059140215,
    0.7473947922496735,
    0.7404653394099304,
    0.7499267077103489,
    0.75419098638096,
    0.7497667972602009,
    0.7437435036379627,
    0.7673835985181632,
    0.7491005037179179,
    0.744436448921937,
    0.7512859465366062,
    0.7598411556195197,
    0.752938354521468,
    0.761120439220703,
    0.7569627675168572,
    0.7697023000453079,
    0.768369712960742,
    0.7640254790650569,
    0.7660510114335972,
    0.7752192105754111,
    0.7764718424349031,
    0.793395698408891,
    0.7842541510087684,
    0.7805495589136751,
    0.7790304096372698,
    0.7625596332720344,
    0.7743397030995975,
    0.7836944644332507,
    0.7772713946856427
  ],
  "val_loss": [
    0.8158230984777594,
    0.8229996071655092,
    0.7871614381861644,
    0.7547178854672085,
    0.7776349274615265,
    0.8057825490151288,
    0.7424595675259229,
    0.7703606283098078,
    0.7473125325369443,
    0.939213418818915,
    0.771564675586969,
    0.7404594494939069,
    0.9022190440071566,
    0.7105652705189079,
    0.8759913254917431,
    0.762144941353057,
    0.78270083229982,
    1.1198276142969428,
    0.922482255880314,
    0.814729117061364,
    0.833098230239896,
    0.82680369355125,
    0.8044555610559976,
    1.046467285269575,
    0.889520963432584,
    0.9089359111498218,
    0.7913645600705957,
    0.9765405943668303,
    0.9160701364442243,
    0.8691225522070088,
    0.9590917960817242,
    1.0886408882777476,
    0.8696686093724406,
    1.0311288229944064,
    0.9296922159587225,
    1.09079683894867,
    0.9609159036135979,
    1.0276427440604083,
    0.9973673086061774,
    0.9433783083554813,
    0.9049740769309579,
    1.0176296047253408,
    0.7907012837399416,
    0.7366344700000382,
    0.749236835764783,
    0.7136209735791181,
    0.7509255857925133,
    0.6841346826060671,
    0.6530556652378772,
    0.7128373921137454,
    0.7025369379353259,
    0.6830756982094247,
    0.7553952787195185,
    0.7207752222064676,
    0.7286362885549059,
    0.6764567607663214,
    0.7592703312965337,
    0.7122153319775838,
    0.7413004834713531,
    0.7237853887336281,
    0.6891215253360157,
    0.8046326135797254,
    0.7427173543900142,
    0.73752995082813,
    0.7451210906144877,
    0.8850145429042873,
    0.9286944074384401,
    0.8991057628635111,
    0.9598783032480641,
    1.03169026486988,
    0.9503328920070535,
    1.030496510852307,
    0.9681837262922547,
    1.0777942165457455,
    1.0659425035393986,
    1.1224635926339899,
    1.032272900382531,
    1.0932875616524051,
    1.0985914704104631,
    1.0877865525409305
  ],
  "val_acc": [
    0.7262340036563071,
    0.7417733089579525,
    0.7518281535648994,
    0.796617915904936,
    0.7705667276051188,
    0.6974405850091407,
    0.7550274223034735,
    0.773308957952468,
    0.7682815356489945,
    0.7285191956124314,
    0.7518281535648994,
    0.7522851919561243,
    0.7367458866544789,
    0.7847349177330896,
    0.726691042047532,
    0.7710237659963437,
    0.7390310786106032,
    0.7084095063985375,
    0.7289762340036563,
    0.8062157221206582,
    0.7486288848263254,
    0.7815356489945156,
    0.7861060329067642,
    0.7189213893967094,
    0.7714808043875686,
    0.7413162705667276,
    0.8007312614259597,
    0.7330895795246801,
    0.7376599634369287,
    0.773308957952468,
    0.7353747714808044,
    0.6896709323583181,
    0.7906764168190128,
    0.7330895795246801,
    0.7330895795246801,
    0.7120658135283364,
    0.7408592321755028,
    0.7417733089579525,
    0.7504570383912249,
    0.7504570383912249,
    0.7550274223034735,
    0.7239488117001828,
    0.7795202952029521,
    0.7965867158671587,
    0.790129151291513,
    0.8187269372693727,
    0.8076568265682657,
    0.8205719557195572,
    0.841789667896679,
    0.808579335793358,
    0.8224169741697417,
    0.8173431734317343,
    0.801660516605166,
    0.8256457564575646,
    0.8053505535055351,
    0.8247232472324724,
    0.8002767527675276,
    0.8201107011070111,
    0.8150369003690037,
    0.8058118081180812,
    0.834409594095941,
    0.790129151291513,
    0.7887453874538746,
    0.794280442804428,
    0.8081180811808119,
    0.7550738007380073,
    0.7375461254612546,
    0.7523062730627307,
    0.753690036900369,
    0.7380073800738007,
    0.7601476014760148,
    0.7398523985239852,
    0.7509225092250923,
    0.7301660516605166,
    0.7297047970479705,
    0.716789667896679,
    0.7361623616236163,
    0.7269372693726938,
    0.7237084870848709,
    0.7273985239852399
  ],