{
  "train_loss": [
    0.8965169293512965,
    0.8099086971365811,
    0.784552120569271,
    0.7679971673762592,
    0.749374867558903,
    0.7404982526537398,
    0.7317968512485259,
    0.7160890637282652,
    0.7089439729773654,
    0.6955484826172185,
    0.6819755850739584,
    0.6742683242775507,
    0.6620139527857516,
    0.6535566763860922,
    0.6178216116733106,
    0.601985009918248,
    0.5912872735679158,
    0.5819570279300283,
    0.5703168300228463,
    0.5692069229615806,
    0.5633067127747239,
    0.72545070948711,
    0.6678773814564098,
    0.6603775258303101,
    0.653864570951278,
    0.6642808026616216,
    0.6467637392634238,
    0.6475734729508377,
    0.6540412370151648,
    0.6459638148011702,
    0.6358378454922078,
    0.6367620038245009,
    0.6284401875640095,
    0.6419139337900769,
    0.6287411301247197,
    0.6373748288490991,
    0.6236588344514425,
    0.6209434585487666,
    0.6231809243209432,
    0.6205495852326213,
    0.6121892184965383,
    0.6079354925524338,
    0.6237198118797982,
    0.6080689118300299,
    0.6062499917486329,
    0.602067345536783,
    0.6096361077962619,
    0.6045146619939418,
    0.5947579952988536,
    0.6060402550861403,
    0.5901589461780566,
    0.6017563879458223,
    0.5872725988441656,
    0.5829752127361184,
    0.5594693580962311,
    0.5681742562499514,
    0.5647987968310015,
    0.5545169792185429,
    0.5580541399476442,
    0.5467063987217087,
    0.545600706963674,
    0.5354962857272088,
    0.538015533383662,
    0.5498103022812941,
    0.5285520038393147,
    0.5321780926902187,
    0.5306221126892406,
    0.5287075344018288,
    0.5333012140041109,
    0.5253210606067577,
    0.5290638944012117,
    0.5344876988912557,
    0.5318901112881951,
    0.5243394806864284
  ],
  "train_acc": [
    0.7373700144793998,
    0.7891272870870081,
    0.800947742529946,
    0.806818480979334,
    0.8122680005265236,
    0.8183756746083981,
    0.8191917862314071,
    0.8255627221271554,
    0.8292483875213901,
    0.833908121626958,
    0.837962353560616,
    0.841805976043175,
    0.8477293668553376,
    0.8497301566407792,
    0.8616822429906542,
    0.8674476767144925,
    0.8703962090298802,
    0.8752665525865473,
    0.8792944583388179,
    0.881058312491773,
    0.8816111623009083,
    0.6787299056729108,
    0.699614720340109,
    0.7239006244187591,
    0.7032018068287499,
    0.7165935963863425,
    0.7220140826358443,
    0.7146007705593198,
    0.7020061113325362,
    0.6973561844028165,
    0.707426597582038,
    0.706576325229175,
    0.7099242726185732,
    0.7194898365882821,
    0.7210840972499004,
    0.7202338248970374,
    0.7198352597316328,
    0.724060050484921,
    0.7194101235552013,
    0.7217483725255746,
    0.7278862760728045,
    0.7300650989770161,
    0.6994021522518932,
    0.7275939949515079,
    0.7202603959080643,
    0.72310349408795,
    0.7134316460741331,
    0.7322704928922545,
    0.7178424339046101,
    0.7167264514414774,
    0.7379566892520261,
    0.7267702936096718,
    0.728337983260263,
    0.7356715823037067,
    0.7235817722864355,
    0.7338381825428457,
    0.7303042380762588,
    0.7356450112926797,
    0.7441211638102829,
    0.743164607413312,
    0.7517470439750232,
    0.7455825694167663,
    0.7608874717683007,
    0.7347150259067358,
    0.7511624817324299,
    0.7471768300783845,
    0.7365484256675967,
    0.751082768699349,
    0.7453965723395776,
    0.7501527833134051,
    0.7606749036800851,
    0.7561046897834462,
    0.7467782649129799,
    0.74940879500465
  ],
  "val_loss": [
    0.8625869921819768,
    0.8032644983882866,
    0.8213601504455273,
    0.7746358566579565,
    0.8242581409925087,
    0.8045963067103511,
    1.0346293493651124,
    0.8891499736726343,
    0.7903433570467968,
    0.8543878801042468,
    0.8439589239503078,
    0.9740937349250066,
    0.8917050559729367,
    1.1290786339587284,
    0.8619559990386813,
    0.9027191608001349,
    0.843362095140309,
    0.8994235030669379,
    0.9169028652218356,
    0.9070546729023126,
    0.9185207428130429,
    0.7253821149187268,
    0.7149794978323617,
    0.6454314687756346,
    0.6898859708524626,
    0.6995656135775955,
    0.6887505689585931,
    0.6661734021053295,
    0.6602529617028298,
    0.6658198195098055,
    0.6397772544131142,
    0.6673677876784051,
    0.671082003291811,
    0.6740968010453979,
    0.686911408660902,
    0.7068806742248611,
    0.6680369829942122,
    0.7188186113682854,
    0.6435813862671327,
    0.6500205922623968,
    0.6860293048732685,
    0.6934242142288545,
    0.6658183937039608,
    0.6835390627384186,
    0.6943170299833084,
    0.6773279731891598,
    0.6605150005017161,
    0.6849120427385461,
    0.6865750559214447,
    0.6966700250839643,
    0.6807716481143455,
    0.6786163917482787,
    0.6859920378533944,
    0.7025595849533423,
    0.6861270248830733,
    0.7005553845734204,
    0.6765937735035261,
    0.7009398252985328,
    0.6843967212820953,
    0.6877874847438626,
    0.7127793743806894,
    0.7120645986472246,
    0.7306731788380498,
    0.730143967723657,
    0.6842444962280865,
    0.7413032347597219,
    0.7539997078929662,
    0.765849764557794,
    0.7809986210212688,
    0.7501661913634057,
    0.7507335855861407,
    0.7246010098402881,
    0.7110320547782439,
    0.7616568109780817
  ],
  "val_acc": [
    0.7546705998033432,
    0.8313667649950836,
    0.755653883972468,
    0.7940019665683382,
    0.7718780727630286,
    0.8436578171091446,
    0.6750245821042281,
    0.7949852507374632,
    0.8269419862340216,
    0.7787610619469026,
    0.8225172074729596,
    0.7767944936086529,
    0.7895771878072763,
    0.7084562438544739,
    0.8097345132743363,
    0.7748279252704031,
    0.772369714847591,
    0.775811209439528,
    0.7787610619469026,
    0.7708947885939036,
    0.8244837758112095,
    0.8470705064548163,
    0.8689175769612711,
    0.8699106256206555,
    0.8584905660377359,
    0.8723932472691162,
    0.8753723932472691,
    0.862462760675273,
    0.8674280039721947,
    0.8594836146971202,
    0.8634558093346574,
    0.8455809334657398,
    0.8594836146971202,
    0.8500496524329693,
    0.8699106256206555,
    0.8445878848063555,
    0.8848063555114201,
    0.8699106256206555,
    0.8545183714001986,
    0.8733862959285005,
    0.839622641509434,
    0.874875868917577,
    0.8629592850049652,
    0.8579940417080437,
    0.846077457795432,
    0.8584905660377359,
    0.8416087388282025,
    0.8619662363455809,
    0.8659384309831182,
    0.8579940417080437,
    0.8669314796425025,
    0.8510427010923535,
    0.8619662363455809,
    0.8495531281032771,
    0.8594836146971202,
    0.8530287984111221,
    0.8545183714001986,
    0.8475670307845085,
    0.8699106256206555,
    0.8674280039721947,
    0.8570009930486594,
    0.8664349553128103,
    0.8560079443892751,
    0.846077457795432,
    0.8664349553128103,
    0.8574975173783516,
    0.8361469712015889,
    0.846077457795432,
    0.8401191658391262,
    0.8445878848063555,
    0.846077457795432,
    0.858987090367428,
    0.8629592850049652,
    0.8490566037735849
  ],