{
  "train_loss": [
    0.8757974957581138,
    0.7900909270589963,
    0.7633314332985786,
    0.7448321703238018,
    0.7319153403304406,
    0.7183014754005999,
    0.7096172960160966,
    0.6970765277839591,
    0.6889168036324513,
    0.6789352158315235,
    0.6717516300375135,
    0.655347742254519,
    0.6484424419114121,
    0.641090366589197,
    0.6348406632910344,
    0.6303007876926515,
    0.6182493596705466,
    0.6118030132676888,
    0.601984849558807,
    0.6017198535532564,
    0.5961723803852302,
    0.5865447442786215,
    0.586922263860387,
    0.5840314726145611,
    0.5445769261590528,
    0.5301754829555718,
    0.5251968546833256,
    0.5190888580442474,
    0.5137046489979297,
    0.5091074635482842,
    0.5019101657775649,
    0.6750488520189744,
    0.6166210534959636,
    0.5983074481875682,
    0.597694654775735,
    0.5996086741184083,
    0.5980231862763603,
    0.5936607017314616,
    0.5871308203066402,
    0.5856403215474061,
    0.5837854375005745,
    0.5800563480586337,
    0.5817791465102773,
    0.5884139551183666,
    0.576218060677693,
    0.5829778689265098,
    0.5711307627339803,
    0.5744121630051869,
    0.5739660555802889,
    0.5619132544966954,
    0.5655795816215952,
    0.5663673490665824,
    0.564041130060413,
    0.5551540931265605,
    0.5663233186946546,
    0.5639499628627178,
    0.5602831527847822,
    0.5520003104918932,
    0.5545413726355856,
    0.544848746245605,
    0.5562322138460485,
    0.5381852464496898,
    0.5220363845207039,
    0.5137001199526806,
    0.5153124311144507,
    0.5050452049029629,
    0.5003854820012341,
    0.49399926427749535,
    0.49902974017977314,
    0.5024911314362166,
    0.49683755813941566,
    0.4992761964785366,
    0.49269050150480087,
    0.48515990290574,
    0.48721260362908636,
    0.48476974458004024,
    0.484516337779577
  ],
  "train_acc": [
    0.7448442242340917,
    0.800565514021116,
    0.8100080417131443,
    0.8181794599081689,
    0.8222781395107526,
    0.826480583153908,
    0.8306570857869205,
    0.8341072401359308,
    0.8375833354950841,
    0.841656074087525,
    0.8417338971179538,
    0.8477781524812577,
    0.8497496692521207,
    0.8534851747127034,
    0.8558458066357104,
    0.8561570987574256,
    0.8607745985628681,
    0.8618381799787284,
    0.8675452022101741,
    0.8653402163480246,
    0.8675452022101741,
    0.8714882357519002,
    0.871566058782329,
    0.8736672806039067,
    0.8878310721419492,
    0.8945497937689694,
    0.8959506083166878,
    0.8976627149861216,
    0.9005421671119873,
    0.9025396248929933,
    0.9041220265117124,
    0.7109610199219875,
    0.7233435430246865,
    0.7241289038980078,
    0.7291290347914867,
    0.7361187465640462,
    0.7343385952511846,
    0.7307259352339066,
    0.7271394539124061,
    0.7333176261158669,
    0.739443440927773,
    0.7333176261158669,
    0.7256210895573183,
    0.7216681064949344,
    0.7419304170266238,
    0.7331605539412026,
    0.7286839969632712,
    0.7386319013586743,
    0.7378203617895757,
    0.7413283070237441,
    0.7472185135736538,
    0.7340244509018561,
    0.752035393596691,
    0.7444435718212519,
    0.7423754548548391,
    0.7418518809392916,
    0.7387889735333386,
    0.7361449252598236,
    0.74326553051127,
    0.749391345323176,
    0.7382392209220137,
    0.7509620670698186,
    0.7352810282991701,
    0.7413544857195214,
    0.748003874446975,
    0.743553496164821,
    0.7597319301552397,
    0.7375585748318019,
    0.7609885075525538,
    0.7502290635880521,
    0.7538155449095526,
    0.7541820466504359,
    0.7594701431974659,
    0.7501243488049425,
    0.7724547763030446,
    0.7578994214508233,
    0.760307861462342
  ],
  "val_loss": [
    0.8965457102651958,
    0.937729703874762,
    1.0417054355761404,
    0.8677769349148968,
    0.9256205141338707,
    0.8263597985157654,
    0.8910348441813485,
    0.9294785053757038,
    0.8866240465329632,
    0.847033681012892,
    0.918649964728574,
    0.8923329678205741,
    0.9260696368948352,
    0.9008316510178409,
    0.904661897825102,
    0.8758897526972749,
    0.976672968498999,
    1.0067816860514829,
    0.9629944150174058,
    0.9078167530043834,
    1.0276763379250682,
    0.9644870767163314,
    0.9101178197804315,
    0.9099545852781928,
    0.9850486296776658,
    0.9733295936987516,
    0.9564599483808665,
    0.9925568008904624,
    0.9992047858802247,
    1.057651313259544,
    1.0174922298597784,
    0.764050636616674,
    0.8023941698449355,
    0.7718009392143542,
    0.7702048413785552,
    0.7630295849902645,
    0.7523679337791094,
    0.7480449326273337,
    0.7532528020541664,
    0.7673789255651091,
    0.7968933322407109,
    0.7465493507560893,
    0.8270393210361703,
    0.7691896066640728,
    0.7322583443611757,
    0.720808060104542,
    0.817166119265046,
    0.8064239492251424,
    0.7726616878424075,
    0.7743696507498541,
    0.7922771943630182,
    0.7991292212898308,
    0.793948803302837,
    0.8068452297217101,
    0.7911894760095046,
    0.8342702270681553,
    0.7772384301947978,
    0.8097114841430089,
    0.7812854098911722,
    0.8195121835244124,
    0.7893448289708156,
    0.7888305667415075,
    0.8232168763979802,
    0.8279456936523889,
    0.8671582874639405,
    0.8410950678091491,
    0.883992765720001,
    0.8421018370916263,
    0.8752258703476046,
    0.8917959451734753,
    0.8983874849533785,
    0.8963872296350877,
    0.9004528652737543,
    0.895589544115641,
    0.8995633900551252,
    0.864700997599682,
    0.8857989878485961
  ],
  "val_acc": [
    0.7111877772301627,
    0.6830951207491375,
    0.6801379990142927,
    0.7299162148841793,
    0.7131591917200591,
    0.7693445046821095,
    0.7412518482010843,
    0.7437161163134549,
    0.7570231641202563,
    0.7811729916214885,
    0.7274519467718088,
    0.7348447511089207,
    0.728437654016757,
    0.7338590438639724,
    0.7713159191720059,
    0.7688516510596353,
    0.7530803351404632,
    0.7511089206505668,
    0.7461803844258256,
    0.7910300640709709,
    0.6914736323311976,
    0.7698373583045836,
    0.7604731394775751,
    0.7732873336619024,
    0.7826515524889108,
    0.7713159191720059,
    0.7811729916214885,
    0.7614588467225234,
    0.7737801872843766,
    0.7654016757023164,
    0.7737801872843766,
    0.821304131408661,
    0.8068690890990543,
    0.8148332503733201,
    0.818815331010453,
    0.8297660527625684,
    0.8247884519661524,
    0.8222996515679443,
    0.8143354902936785,
    0.8163265306122449,
    0.8043802887008462,
    0.8242906918865107,
    0.79940268790443,
    0.8158287705326033,
    0.827775012444002,
    0.8252862120457939,
    0.8247884519661524,
    0.8103534096565456,
    0.8173220507715281,
    0.8198108511697362,
    0.8078646092583375,
    0.8083623693379791,
    0.8178198108511697,
    0.7839721254355401,
    0.8063713290194127,
    0.7740169238427078,
    0.8038825286212046,
    0.8003982080637133,
    0.8113489298158287,
    0.796913887506222,
    0.8068690890990543,
    0.8113489298158287,
    0.8013937282229965,
    0.8018914883026381,
    0.7924340467894475,
    0.8078646092583375,
    0.7939273270283723,
    0.8018914883026381,
    0.7989049278247885,
    0.7874564459930313,
    0.794425087108014,
    0.7964161274265804,
    0.7964161274265804,
    0.7904430064708811,
    0.794425087108014,
    0.8028870084619214,
    0.8003982080637133
  ],