{
  "train_loss": [
    0.85783173510155,
    0.771100738716503,
    0.7461823917140562,
    0.7273125543146934,
    0.7085052990086904,
    0.7006349665410878,
    0.6882733706709139,
    0.6782177813932677,
    0.6695040159697888,
    0.6598393447274273,
    0.6219569688202232,
    0.6099170234736091,
    0.5962116536987999,
    0.5885175830166304,
    0.5804039455433307,
    0.5769960444237431,
    0.5694486779621502,
    0.7401760361766001,
    0.6634619004886831,
    0.6783622298118092,
    0.6627478644932587,
    0.6534534030347396,
    0.663020986339832,
    0.6497093406850388,
    0.6521646829406673,
    0.6462486936188836,
    0.6371870363153898,
    0.6339898898671315,
    0.6315837385059884,
    0.6330678337322532,
    0.6340688279147848,
    0.6341888862406027,
    0.6175026661093876,
    0.6242053119934639,
    0.6220713690581519,
    0.6298190417615728,
    0.612907238984574,
    0.6007728808667003,
    0.5987229015923998,
    0.5853114728343604,
    0.5808748840796457,
    0.584796020524756,
    0.5826465297252574,
    0.5758730844540323,
    0.5691835102696104,
    0.5655002659334581,
    0.5652241782295432,
    0.5640808974503054,
    0.562177340249699,
    0.5609986057728513,
    0.5511238842298125,
    0.5385867661746921,
    0.5461066793012676,
    0.5486290304098677,
    0.5442753195157511,
    0.5454115954005753,
    0.5355108122045915,
    0.5373505898023582,
    0.5487122882299591,
    0.5355754440431268,
    0.5316918726705915
  ],
  "train_acc": [
    0.7565131332584389,
    0.8066121007863907,
    0.8172310490557962,
    0.822848124966565,
    0.8281709730915315,
    0.8308190231637511,
    0.8355534157171134,
    0.8380677258866955,
    0.8426683785374204,
    0.8467340715775958,
    0.8612849729845397,
    0.8639597710372867,
    0.8682661959022094,
    0.8719841651955277,
    0.8740705076766704,
    0.875702134488846,
    0.878885144171615,
    0.6895183065125824,
    0.7102548871368398,
    0.7111459120855383,
    0.7140619937358246,
    0.7046927313964791,
    0.7079868236310617,
    0.708364834215358,
    0.7106868992331785,
    0.7111999135975807,
    0.7269413543579221,
    0.7091478561399719,
    0.7110919105734961,
    0.7052327465169025,
    0.7147640133923749,
    0.7113889188897289,
    0.7099038773085646,
    0.7039637109839075,
    0.7131439680311049,
    0.7081758289232098,
    0.7199481585484394,
    0.7330435252187061,
    0.7115509234258559,
    0.7312344745652878,
    0.7297494329841235,
    0.7339075494113835,
    0.7133059725672318,
    0.7292634193757426,
    0.7372286424019873,
    0.7199211577924182,
    0.740387730856464,
    0.7324225078302192,
    0.7384166756669187,
    0.7389026892752997,
    0.7359326061129712,
    0.7374176476941354,
    0.7249162976563344,
    0.7348525758721244,
    0.7451128631601684,
    0.7409007452208661,
    0.7415757641213954,
    0.7493789826115131,
    0.7445728480397451,
    0.7390376930554056,
    0.7369316340857544
  ],
  "val_loss": [
    0.9628829826105822,
    0.9139703890976605,
    1.1149752086884266,
    0.9668064423509546,
    1.2086338103354515,
    1.0139279075356218,
    1.0620181636337762,
    1.0083655428564227,
    1.0945505335739067,
    0.9513041685937761,
    1.0007908016711742,
    1.0938940909853927,
    0.966839484738874,
    1.001336624063887,
    0.9674514357463734,
    1.063108225384274,
    1.0805980354386406,
    0.9644862121981848,
    1.031952677112742,
    1.0244485602296631,
    0.959602341667061,
    1.0333050423655017,
    1.0627908206137469,
    1.0294882234774139,
    1.055076301281768,
    0.9790987433842003,
    1.0082699228003755,
    1.0344710103072186,
    0.9987182876916633,
    0.9974994117356905,
    1.0583116324648882,
    1.059433637664885,
    1.0373775448210658,
    1.0187953399227232,
    0.9916582539596488,
    0.9510753121652966,
    1.092196951944469,
    0.9475076261103261,
    0.9505379816148761,
    0.9718145080897855,
    0.9532631537983508,
    0.9807656803927275,
    0.966919220034743,
    0.9690270536932452,
    0.9827252511536794,
    0.9122160061193249,
    0.9971843102125421,
    0.9763039595526922,
    0.9920123492524758,
    0.9788725366068838,
    0.9856778733635122,
    1.0116020684990823,
    1.0190721838530525,
    1.0241055427250976,
    0.9590122348600204,
    0.9752527458048992,
    0.9942770652459451,
    0.9958820685068189,
    1.0152175886769477,
    1.0101344980475258,
    0.9823995161510856
  ],
  "val_acc": [
    0.7012612612612613,
    0.7726126126126126,
    0.6446846846846847,
    0.7412612612612612,
    0.6136936936936936,
    0.7347747747747748,
    0.729009009009009,
    0.6353153153153153,
    0.6418018018018018,
    0.689009009009009,
    0.6875675675675675,
    0.6378378378378379,
    0.710990990990991,
    0.7016216216216217,
    0.7113513513513513,
    0.6976576576576576,
    0.6987387387387387,
    0.6932849364791288,
    0.6747731397459165,
    0.662431941923775,
    0.7172413793103448,
    0.6838475499092559,
    0.6540834845735027,
    0.6972776769509982,
    0.6631578947368421,
    0.6871143375680581,
    0.6932849364791288,
    0.6664246823956442,
    0.7067150635208711,
    0.688929219600726,
    0.6584392014519056,
    0.6595281306715064,
    0.6784029038112522,
    0.6813067150635209,
    0.6827586206896552,
    0.6925589836660617,
    0.6976406533575318,
    0.7343012704174229,
    0.7364791288566244,
    0.7328493647912886,
    0.756442831215971,
    0.7277676950998185,
    0.7372050816696915,
    0.7379310344827587,
    0.7288566243194192,
    0.7720508166969147,
    0.7219600725952813,
    0.7404718693284936,
    0.7223230490018149,
    0.7430127041742287,
    0.7408348457350272,
    0.7274047186932849,
    0.7313974591651543,
    0.720508166969147,
    0.756442831215971,
    0.7466424682395645,
    0.74010889292196,
    0.7343012704174229,
    0.7328493647912886,
    0.7346642468239565,
    0.7419237749546279
  ],
  "val_f1": [
    0.61396780400457,
    0.6533792455717464,
    0.5552886792826011,
    0.611104645243073,
    0.5244500828698764,
    0.6270153640791534,
    0.6217404170393597,
    0.5534608302863726,
    0.5840796140430466,
    0.6055852105070605,
    0.6026103432538682,
    0.5535776166342266,
    0.6135391830364976,
    0.6151241617815197,
    0.617943206663376,
    0.5903953550689055,
    0.5998636844241637,
    0.6183387731006336,
    0.5991993577613919,
    0.5963930860174531,
    0.6350332152533417,
    0.6105839597991224,
    0.5814819030516196,
    0.6279198927739207,
    0.587761918420592,
    0.6137557288539217,
    0.6178100878179501,
    0.596930847836777,
    0.6343702696404583,
    0.6128102785685741,
    0.5907494465656502,
    0.5951947009501545,
    0.6093703568066469,
    0.6133393407808588,
    0.6186343888408732,
    0.6263688663309147,
    0.6187903679458326,
    0.6452268803570205,
    0.6460653958569937,
    0.6446355430559367,
    0.6608835942103622,
    0.6421792638972887,
    0.6479417703456392,
    0.6498976795553442,
    0.6401673600937015,
    0.6767574138610535,
    0.6359753006138148,
    0.6508223847958308,
    0.6393804378145578,
    0.6525165112066948,
    0.6523504127520241,
    0.6419333082692713,
    0.6427795320220597,
    0.6343866507321027,
    0.6643251357318849,
    0.6572992473092676,
    0.6539543972998092,
    0.6484874916842702,
    0.6462168192228493,
    0.6478341293688464,
    0.6588207944024898
  ],