{
  "train_loss": [
    0.8916100672855235,
    0.7892187651312742,
    0.7699824052299235,
    0.7521469889614908,
    0.7341108427259873,
    0.7235788689674031,
    0.7134576400590076,
    0.700220940431218,
    0.687106357208574,
    0.6801975024228141,
    0.6674839925708053,
    0.6555024129251142,
    0.6486296404836448,
    0.6446620152019342,
    0.6360067639993431,
    0.6278992778714306,
    0.5877641963300411,
    0.5727230336512221,
    0.5663528614716908,
    0.5560808460661562,
    0.5523951468036169,
    0.5517078287041763,
    0.5436936843683968,
    0.5380392740380001,
    0.5313275577477831,
    0.5285524878343804,
    0.5246564965144711,
    0.4966092276411464,
    0.48985050955095555,
    0.4837746976784216,
    0.4773822780361792,
    0.4774706025838209,
    0.47737641872626096,
    0.4723299602136391,
    0.4699468339343006,
    0.463585922051887,
    0.46598624819559636,
    0.4576993351113568,
    0.4562908452139788,
    0.439649084770597,
    0.43655457977529527,
    0.4317789534467223,
    0.42828489260689184,
    0.42507496086921503,
    0.426850504599595,
    0.4229468461075851,
    0.62833578080396,
    0.5424546292897463,
    0.535722557943645,
    0.5396625589231187,
    0.5184167911573399,
    0.5340458267647118,
    0.5176192558135974,
    0.523342783478009,
    0.5151786467212935,
    0.5212677110654439,
    0.5202190086896662,
    0.5142817364730813,
    0.5081036496677209,
    0.5071858878414865,
    0.5020081048894257,
    0.5162766415598797,
    0.519124267733341,
    0.508110444159393,
    0.5085397501160464,
    0.5020792828026006,
    0.505788584616633,
    0.48547340771928743,
    0.479193209708468,
    0.47862664627881696,
    0.4665927894152981,
    0.4663622254171304,
    0.466543456015569,
    0.46058192421127936,
    0.4591781257382846,
    0.46467464222182936,
    0.45698344181126194,
    0.45236518443631757,
    0.45477489874389104,
    0.44686682255861876,
    0.4500171593598903,
    0.4594324374563961,
    0.447895074393912,
    0.4560692013249962,
    0.44724080033465163,
    0.45896720310380545,
    0.4531895870014828,
    0.44393267862127805,
    0.4446079335476339,
    0.4492911404411912,
    0.4506587565505968,
    0.4450931221139872,
    0.4360172293300394,
    0.43706708188570714,
    0.43816340587661445,
    0.45455902341684856,
    0.44933680385326275
  ],
  "train_acc": [
    0.7389644030229391,
    0.7942158250327129,
    0.8048708841829786,
    0.8083424573397068,
    0.817101503458221,
    0.8213208000640906,
    0.8269287259326514,
    0.8278900846529762,
    0.8340855075172912,
    0.8344860736507598,
    0.8378508291718962,
    0.840254225972708,
    0.844687157849761,
    0.8460490827035544,
    0.8497075867225679,
    0.853472908377173,
    0.8665580687371485,
    0.8735813282772986,
    0.8774801719763933,
    0.8796432290971239,
    0.8819131038534462,
    0.8798301599594093,
    0.8845835447432371,
    0.8884022752156381,
    0.888428979624536,
    0.8909391940609395,
    0.8913130557855102,
    0.9040777632387107,
    0.9065612732662163,
    0.9089913744759259,
    0.9112078404144525,
    0.9116084065479211,
    0.9119822682724917,
    0.9138515768953455,
    0.9166021310118301,
    0.9197265468528855,
    0.9188185969503565,
    0.9225305097871659,
    0.9226373274227575,
    0.9306219456832323,
    0.9317168264480465,
    0.9355889657382433,
    0.9375116831788929,
    0.9387667903970945,
    0.9389537212593799,
    0.9409298475178252,
    0.711351322209343,
    0.741488530069817,
    0.773809202900504,
    0.7580127773135295,
    0.7661805536835863,
    0.7503841280966116,
    0.7474189287543467,
    0.7615979728819042,
    0.7672318516322074,
    0.7639701323557161,
    0.74898239749845,
    0.7525406367091678,
    0.7625684017575545,
    0.7533762837965334,
    0.761139714801736,
    0.7503571717389547,
    0.7648596921583956,
    0.7581475591018142,
    0.7730813812437664,
    0.7671509825592366,
    0.7656683828881041,
    0.7765857077391702,
    0.7638083942097744,
    0.7646440412971399,
    0.7622449254656711,
    0.7787152599940697,
    0.7730544248861094,
    0.780844812248969,
    0.7717066070032618,
    0.7753457152869504,
    0.7822465428471305,
    0.7769900531040246,
    0.7754535407175782,
    0.7849691349704828,
    0.791789093457692,
    0.7742674609806723,
    0.7751839771410087,
    0.7746718063455266,
    0.7720300832951451,
    0.772677035878912,
    0.7734318138933067,
    0.7734048575356498,
    0.7756422352211769,
    0.7830013208615252,
    0.777313529395908,
    0.784268269671402,
    0.7815726339057066,
    0.7944577728657304,
    0.7912499663045529,
    0.7814378521174219,
    0.7676631533547187
  ],
  "val_loss": [
    0.8412212512495354,
    0.9216724553661231,
    0.9515324615577125,
    0.8372782603995879,
    0.9202793047741284,
    0.8748349670371067,
    0.8951183681883366,
    0.813848298915775,
    0.8723114397867813,
    0.9578436519803144,
    0.8473210334777832,
    0.905418503795272,
    0.883976695159451,
    1.1807296749570506,
    0.9584001385588173,
    0.9041946362383042,
    0.9333096163518272,
    0.9061327039029469,
    0.8959303146803385,
    0.865534904769925,
    0.9231907970471109,
    1.0141968895487303,
    0.93415996866777,
    1.2036864976162238,
    0.8810130804985359,
    1.0092777734336933,
    0.9566222151379614,
    0.9157842435723523,
    1.021182701817545,
    1.0322149436752575,
    0.8780393145586315,
    1.1015216404191273,
    1.046966258445117,
    1.0040893947239748,
    0.96038215475189,
    1.0721061618371404,
    0.9469361633798051,
    1.0083182379291065,
    1.0075427609707068,
    1.0612425049849317,
    1.0886632772479214,
    1.1227032656885048,
    1.0719326636543594,
    1.1475879926569361,
    1.1247895643302437,
    1.0952156916933944,
    0.7705190369485407,
    0.7866035439792125,
    0.7853173159017325,
    0.789982850976432,
    0.8373008278204233,
    0.6813109984238719,
    0.7342300177965582,
    0.7314415972839233,
    0.750788527023753,
    0.776778313521774,
    0.7110767342644114,
    0.8030951431395025,
    0.7791210107529841,
    0.693144876518662,
    0.7210916053200754,
    0.7602752522790045,
    0.7299455845922049,
    0.7196020485091557,
    0.7113771715184362,
    0.698117504279043,
    0.7590479986399734,
    0.7451397593053899,
    0.7676707725879112,
    0.7363018767061399,
    0.7943534362915821,
    0.7590701875128429,
    0.762868783874135,
    0.7861233053489868,
    0.7640325174569299,
    0.7679509236378798,
    0.8024879519122275,
    0.8049198788659473,
    0.7943845586312674,
    0.7724034394464641,
    0.7747573880561932,
    0.7880968624961505,
    0.8178393069039951,
    0.7458891525591378,
    0.7920650469623488,
    0.7918019338454447,
    0.7794927980174579,
    0.8008069869325258,
    0.8264503335526812,
    0.814763900143023,
    0.7857645492795828,
    0.8164819824230407,
    0.8087649591438749,
    0.80030617295827,
    0.7821099266627051,
    0.7836339340335503,
    0.765027003328622
  ],