{
  "train_loss": [
    0.8996345869233185,
    0.8031984563015186,
    0.7779760842910872,
    0.7555373152757315,
    0.7347397058215782,
    0.7245937516456998,
    0.7123382292005526,
    0.6998548713854521,
    0.6894443431275172,
    0.6821457755386584,
    0.6696127209307807,
    0.6602757149121078,
    0.6244040259287488,
    0.6093286786817196,
    0.5987646020284346,
    0.5882561218179193,
    0.5811936641173621,
    0.5715595530684001,
    0.5686030407495738,
    0.72706917591356,
    0.6801791271251048,
    0.6671005959624686,
    0.6488012652132922,
    0.6573168177357076,
    0.6507511180822407,
    0.6627876014065202,
    0.6419825929516069,
    0.6387633568230018,
    0.6345583300758141,
    0.6380251400425628,
    0.6304250175211072,
    0.6339633379065077,
    0.6362209234432168,
    0.6276614713417705,
    0.6237133309710958,
    0.6275104274385714,
    0.6204070131490491,
    0.6162665976448601,
    0.6081472941025877,
    0.6166622670260145,
    0.6162137006139429,
    0.6125968611273976,
    0.6054331756335496,
    0.601126721961601,
    0.5923616233518839,
    0.5868992587055886,
    0.5865145368094926,
    0.5776524536452581,
    0.5708404732569422,
    0.5584064556195019,
    0.5693477424330221,
    0.5626802223841648,
    0.5531632516938505,
    0.5485666917919648,
    0.552511386701473,
    0.5525333892862444,
    0.5529597775305611,
    0.5482386885785935,
    0.5407589228300701,
    0.5483222274448861
  ],
  "train_acc": [
    0.7369134653728566,
    0.7933537152731623,
    0.8034560680579556,
    0.8075235943107802,
    0.8201515352917719,
    0.8197261730692543,
    0.8245912534892995,
    0.8311311976605078,
    0.8328592316894856,
    0.8358367672471089,
    0.8398777083610262,
    0.8427223182241127,
    0.8588063272630599,
    0.8630333643493288,
    0.8665691878240064,
    0.8709025654659046,
    0.8738003456068058,
    0.8784261597766848,
    0.8774159244982055,
    0.6924728297329934,
    0.7054340534013149,
    0.708117536562458,
    0.7107741848919898,
    0.7101569837649269,
    0.7187709647121965,
    0.7054877230645378,
    0.7060512545283778,
    0.7025895612505032,
    0.7036361196833489,
    0.7134308332215216,
    0.7124916141151214,
    0.7103984972494297,
    0.7107741848919898,
    0.7224473366429626,
    0.7143432174963102,
    0.7205688984301624,
    0.719495505165705,
    0.7067221253186636,
    0.729746410841272,
    0.7196565141553737,
    0.7116865691667785,
    0.7108815242184355,
    0.7169730309942305,
    0.7249161411512143,
    0.7287803569032605,
    0.7330202602978666,
    0.7277337984704146,
    0.7179122501006306,
    0.7225546759694083,
    0.730309942305112,
    0.7336911310881524,
    0.7385482356098215,
    0.7460888232926338,
    0.746840198577754,
    0.7420904333825306,
    0.748960150275057,
    0.7316248490540722,
    0.7460619884610225,
    0.75051657050852,
    0.7409902052864619
  ],
  "val_loss": [
    0.7831166436575451,
    0.8369835972701073,
    0.7955840630499906,
    0.7371493180946508,
    0.7518479192371511,
    0.890383089445969,
    0.7925889094493788,
    0.7311932601063817,
    0.7675780638887942,
    0.7543251643553456,
    0.8047974889454107,
    0.8018925092469844,
    0.7895407307271051,
    0.7804876386206869,
    0.768398472192492,
    0.7871201098304748,
    0.8153306388502742,
    0.8049555758154235,
    0.8135975340521179,
    0.6983639437928342,
    0.6914583263580155,
    0.6834281837696583,
    0.6893220384858679,
    0.7103084952077288,
    0.7184047184032366,
    0.6951173794188351,
    0.6939263961442528,
    0.7074035339647828,
    0.6999981578168325,
    0.7055094730751452,
    0.6930632338424701,
    0.6871461339986807,
    0.7039096333532617,
    0.7052720855986957,
    0.7080754195224773,
    0.709497378927356,
    0.7002836785871267,
    0.7048156073055801,
    0.6973315369659703,
    0.7043670327400982,
    0.7228125358149329,
    0.7006119512750838,
    0.7222911788918033,
    0.7150072910081275,
    0.7095239960450603,
    0.7107229489671496,
    0.7219855047631495,
    0.7228414922386311,
    0.7254378920004931,
    0.7208079538729166,
    0.732294745751289,
    0.7287328634564703,
    0.731283346185038,
    0.732206848679413,
    0.7377666298656662,
    0.7273793612790818,
    0.7355553379149452,
    0.7227029730637641,
    0.7310877210694686,
    0.7426427928146473
  ],
  "val_acc": [
    0.850124599501602,
    0.8209327162691349,
    0.8152367390530438,
    0.8515485938056248,
    0.854752580989676,
    0.8106087575649698,
    0.8380206479174084,
    0.8462086151655394,
    0.8276966892132431,
    0.8447846208615165,
    0.8398006407974368,
    0.8540405838376647,
    0.8494126023495906,
    0.850124599501602,
    0.8558205767176932,
    0.8458526165895336,
    0.8469206123175508,
    0.850124599501602,
    0.8487006051975792,
    0.8673359627106489,
    0.8486912871997132,
    0.8601649336679813,
    0.862674793832915,
    0.8415202581570456,
    0.8583721764073144,
    0.8662603083542488,
    0.8659017569021155,
    0.8705629257798494,
    0.8673359627106489,
    0.8615991394765149,
    0.8605234851201148,
    0.8651846539978487,
    0.8691287199713159,
    0.8587307278594478,
    0.8594478307637146,
    0.855145213338114,
    0.8659017569021155,
    0.856937970598781,
    0.8605234851201148,
    0.8590892793115812,
    0.8576550735030477,
    0.8598063822158479,
    0.8562208676945141,
    0.8594478307637146,
    0.8662603083542488,
    0.8601649336679813,
    0.856937970598781,
    0.8565794191466476,
    0.8572965220509143,
    0.8619576909286483,
    0.8605234851201148,
    0.8633918967371818,
    0.8580136249551811,
    0.8615991394765149,
    0.8630333452850484,
    0.8648261025457153,
    0.8637504481893151,
    0.8655432054499821,
    0.8601649336679813,
    0.8594478307637146
  ],
  "val_f1": [
    0.7849857385938298,
    0.7664773328476603,
    0.7549546036601151,
    0.7968344205514779,
    0.7825086995474815,
    0.7308185589053762,
    0.750447975299074,
    0.7944505022064596,
    0.7763002059994547,
    0.7909952309586153,
    0.7697062062387475,
    0.7810986911918235,
    0.7850668664298751,
    0.7832605483588616,
    0.7915165120473344,
    0.7837042400339534,
    0.7727206576296902,
    0.7838124624214883,
    0.7785525290296589,
    0.8078731981251694,
    0.8004280918084629,
    0.8075954218030326,
    0.8187655187522042,
    0.7991221405094976,
    0.8104183630546963,
    0.8209332818254488,
    0.8109752697717101,
    0.8243346000891186,
    0.8153708048917812,
    0.8158385297276161,
    0.8151168930324157,
    0.8186459468355739,
    0.8205656988302978,
    0.8118944525886999,
    0.8132323311296501,
    0.8095957219989532,
    0.8196626318912328,
    0.8093861344467367,
    0.816464862311931,
    0.815390926713419,
    0.8076130131271896,
    0.8136263112600602,
    0.8068609230132694,
    0.8049153185483375,
    0.8162381971036646,
    0.8114470609171949,
    0.806500454388751,
    0.8082620323105976,
    0.8002101920522187,
    0.8155685451225428,
    0.8047799113178045,
    0.8140107336313802,
    0.8057666018129581,
    0.8068582038096561,
    0.8056172893974332,
    0.8130259857885648,
    0.808908676978065,
    0.8137165304859458,
    0.8047268431164722,
    0.8022127211186613
  ],