{
  "train_loss": [
    0.8876505748876237,
    0.8011245550371665,
    0.7761842387564964,
    0.753153581065399,
    0.7422604562514269,
    0.7303980776430024,
    0.7212186921931856,
    0.7113381475092581,
    0.6965625441660852,
    0.6866709041426101,
    0.6763356703326941,
    0.6688349005392557,
    0.6605186238316478,
    0.6515283188579021,
    0.6515194367371369,
    0.6370874017202612,
    0.6320417819039441,
    0.6269978715632659,
    0.6126095073845975,
    0.614980952666327,
    0.6103393694125675,
    0.5978735529476328,
    0.5610659309795925,
    0.5477090134805078,
    0.538619817777296,
    0.5329522512078881,
    0.5303340636376047,
    0.5287275865842593,
    0.5208936102921572,
    0.6968477414316531,
    0.609893456473353,
    0.6235202718401487,
    0.6160994067574459,
    0.6090764934308847,
    0.6168659910266854,
    0.6116952565649502,
    0.6079653862303898,
    0.61593402459529,
    0.5994068655002895,
    0.6041508969764284,
    0.5972345489519932,
    0.5906186001134944,
    0.5883877301684606,
    0.5996781815731709,
    0.5877248595321806,
    0.5885975054205572,
    0.5825930747590797,
    0.5903744379320616,
    0.5884509635110896,
    0.5805862438786366,
    0.5861566492742639,
    0.5698021807255291,
    0.5733629276887952,
    0.5688143150134094,
    0.5679779724877246,
    0.5657719974877413,
    0.568683662524707,
    0.5568762452439051,
    0.5671205043096335,
    0.562913411858863,
    0.5682159356974694,
    0.5637502607328108,
    0.550732054073508,
    0.5422164206737796,
    0.5306252253163196,
    0.5357032034033736,
    0.5130082624204223,
    0.5099207209895028,
    0.5034113715255887,
    0.5116150044977064,
    0.5026018530146213,
    0.5063642493632646,
    0.5079442339948815,
    0.49709196216048424,
    0.5057731047375558,
    0.5047558640901927,
    0.5000989992315947,
    0.49739492363076354,
    0.4920376138489612,
    0.4956205519918299,
    0.49300214673253495,
    0.490421224988906,
    0.49440931797154203,
    0.4890133368513145,
    0.4950284327146416,
    0.49187926544639193,
    0.4829049279002262,
    0.48316663739153254,
    0.4949505925874918,
    0.49622072158692937,
    0.48348609913364093,
    0.48490599036469967,
    0.4879477245277125
  ],
  "train_acc": [
    0.7451197053406998,
    0.7968692449355432,
    0.8082609839515917,
    0.8142067876874507,
    0.8162062615101289,
    0.821099710602473,
    0.8223888450407787,
    0.8249671139173902,
    0.8330439358063667,
    0.8359905288082083,
    0.8404367271770586,
    0.8425414364640884,
    0.8452512496711392,
    0.8478821362799264,
    0.8468034727703236,
    0.8541436464088398,
    0.8538016311496974,
    0.8555906340436727,
    0.8628781899500132,
    0.8596421994212049,
    0.8632465140752433,
    0.8677979479084451,
    0.8817416469350171,
    0.8867666403578006,
    0.8915285451197054,
    0.8931596948171534,
    0.8929229150223625,
    0.8954222573007103,
    0.8994475138121547,
    0.6856346255974509,
    0.7224375995751461,
    0.7340414232607542,
    0.7177907594264472,
    0.7209771640998407,
    0.7121083377588954,
    0.710833775889538,
    0.7208975039830059,
    0.7132501327668614,
    0.7292618162506639,
    0.7423260754115772,
    0.7202867764206055,
    0.7245884227296867,
    0.7342007434944238,
    0.7323420074349443,
    0.7391662241104621,
    0.7194105151354222,
    0.7575411577270313,
    0.7268985661178969,
    0.7312533191715348,
    0.7411046202867764,
    0.72052575677111,
    0.7346255974508763,
    0.7369622942113648,
    0.722809346787042,
    0.7315985130111524,
    0.733271375464684,
    0.7400955921402018,
    0.7486457780138077,
    0.7340679766330324,
    0.747344662772172,
    0.7305894848645778,
    0.7424057355284122,
    0.7444237918215614,
    0.744768985661179,
    0.7401221455124801,
    0.749522039298991,
    0.7312798725438131,
    0.7668082846521508,
    0.7572756240042485,
    0.7623207647371216,
    0.7409984067976633,
    0.7453797132235794,
    0.752575677110993,
    0.7594264471587892,
    0.7583112055231014,
    0.7518587360594795,
    0.7464949548592671,
    0.7614445034519384,
    0.7579660116834838,
    0.7622145512480085,
    0.759506107275624,
    0.7668879447689857,
    0.7443972384492831,
    0.7640201805629315,
    0.76311736590547,
    0.7599309612320765,
    0.7550982474774296,
    0.7652416356877323,
    0.763595326606479,
    0.7576473712161444,
    0.7724907063197026,
    0.7668348380244291,
    0.7653212958045672
  ],
  "val_loss": [
    0.8391696440120987,
    0.7970040763305688,
    0.7994659085170934,
    0.7805610998210476,
    0.811017507314682,
    0.8416846637118769,
    0.7721011648432675,
    0.8047533559480976,
    0.7948168594244814,
    0.8466660215869332,
    0.7836381129415618,
    0.8678129948262562,
    0.8481090332570752,
    0.7765673074144602,
    0.8217523890843871,
    0.8345958291015586,
    0.8735777795681964,
    0.8040350211352049,
    0.8164687902408458,
    0.8287473170419494,
    0.8750073411993422,
    0.9370220126557399,
    0.8924790328043443,
    0.8926633570228514,
    0.9530239802366409,
    0.9109288419908567,
    0.9186634754130972,
    0.9583972218589861,
    0.9770920098072694,
    0.7163929693817352,
    0.704744483570628,
    0.7382290897655684,
    0.6954746445143445,
    0.693457555746193,
    0.6872989783992925,
    0.6845332187401829,
    0.6788254601244601,
    0.6946213198497923,
    0.7579943980736269,
    0.7117709924839052,
    0.6738902438254584,
    0.6848860561847687,
    0.6763487934202388,
    0.6941690390154441,
    0.7203230362007583,
    0.6973348430841853,
    0.6842859479334537,
    0.7172511609691518,
    0.7101553465515437,
    0.7134905184771457,
    0.7065696743581112,
    0.6931830080523007,
    0.7062572091139128,
    0.7014645282526194,
    0.709019760833764,
    0.6994005614926356,
    0.6908083131594688,
    0.7165181308059219,
    0.7171044833171442,
    0.7228278156639873,
    0.7207399176884882,
    0.7295482985968422,
    0.7072934625558478,
    0.6921060627415067,
    0.6929872650784241,
    0.7040523456243748,
    0.6931189151530928,
    0.6993889376737069,
    0.6942540889694577,
    0.6898216870137129,
    0.6996745631684921,
    0.693867318884433,
    0.704422692655283,
    0.7057145638742308,
    0.7139486744043496,
    0.7287616736029986,
    0.721547004537306,
    0.7291301302904915,
    0.7212836848159261,
    0.7108372106438592,
    0.7068263691404592,
    0.7123826193636742,
    0.7087705320206241,
    0.7058743888176746,
    0.7014297936026848,
    0.707761459888632,
    0.726673488340516,
    0.7125462592511937,
    0.7168661818000841,
    0.7065142572789952,
    0.7169627092146231,
    0.7154541815906825,
    0.7146520637577365
  ],