{
  "train_loss": [
    0.8958068623057217,
    0.7972908157524016,
    0.7793224204624615,
    0.7595361961047651,
    0.7445443989715154,
    0.7303689910872089,
    0.7184259602367414,
    0.7087690603433116,
    0.6988197384843586,
    0.6835052614076353,
    0.6722377048856639,
    0.6343038216117436,
    0.6184653984339807,
    0.6114183350421901,
    0.6036410831710972,
    0.5900170590822255,
    0.5843549771422596,
    0.5801417697576835,
    0.5703040471238403,
    0.5663762239407306,
    0.5347976049695651,
    0.5293020703861355,
    0.5235402172112116,
    0.5143983844350157,
    0.5140273172226274,
    0.5066259840208148,
    0.5034013069880494,
    0.679146517186925,
    0.6302801522418011,
    0.6144837302756491,
    0.6106631279308703,
    0.59501718730309,
    0.6081642162861651,
    0.596478482322036,
    0.5921824197251815,
    0.592857264139411,
    0.5940242604726871,
    0.5888129962693661,
    0.5863839156940538,
    0.584592614413544,
    0.5854648987515589,
    0.5858302222257471,
    0.5777748346899342,
    0.574395357283359,
    0.5757743460623892,
    0.5744993388739977,
    0.5660353600796574,
    0.5746712405240024,
    0.5791348137241811,
    0.5611877296567201,
    0.5642344474586428,
    0.5668850830507601,
    0.5662204537647167,
    0.5613383597729134,
    0.5510523956326978,
    0.542781217002184,
    0.530718155771696,
    0.5259168925472847,
    0.529667462363964,
    0.5229287094978589,
    0.516437213224484,
    0.512176828101632,
    0.5149188263050785,
    0.5222134476994409,
    0.5130806622313717,
    0.5102001195273458,
    0.5054881853525379,
    0.5067573844498895,
    0.5009888040711946,
    0.49984596981803814,
    0.5051069518334529
  ],
  "train_acc": [
    0.743880911605849,
    0.7986036095376103,
    0.8065867474641022,
    0.8145435384007377,
    0.8180213410617837,
    0.8238967197997629,
    0.8291397707811883,
    0.8271373995521012,
    0.833961269924911,
    0.8394150968251877,
    0.8398893426426031,
    0.8555131076274536,
    0.8608351995784481,
    0.8646028191279146,
    0.8651561059148992,
    0.8703991568963246,
    0.8724278751152681,
    0.8752733500197603,
    0.8800685021736266,
    0.8814121986563035,
    0.8934527730206824,
    0.8948491634830721,
    0.8980634962455539,
    0.9014359109471742,
    0.9021736266631537,
    0.9050454485575024,
    0.905414306415492,
    0.7207818109293976,
    0.7220050525196118,
    0.7210211408057439,
    0.7265257279617072,
    0.7339449541284404,
    0.735008642467757,
    0.7220050525196118,
    0.7412578114612418,
    0.731870761866773,
    0.7235739928201037,
    0.7374019412312193,
    0.7313389176971148,
    0.7336790320436112,
    0.7274564552586092,
    0.7293445020608962,
    0.7189469485440766,
    0.7257279617072198,
    0.7436777024331871,
    0.7251163409121127,
    0.7305145592341444,
    0.7409121127509639,
    0.7367637282276293,
    0.7475867570801755,
    0.7500066480521207,
    0.7473740194123122,
    0.7323228294109826,
    0.738731551655365,
    0.7317378008243585,
    0.7278819305943358,
    0.7272437175907459,
    0.7651110224704162,
    0.7382794841111554,
    0.7464432921154102,
    0.7552719053317378,
    0.7550059832469087,
    0.7360989230155565,
    0.7497407259672916,
    0.7389176971147454,
    0.7562292248371227,
    0.7663342640606302,
    0.7634888977529584,
    0.7480920090413509,
    0.7600319106501795,
    0.7588086690599655
  ],
  "val_loss": [
    0.7599981522286646,
    0.7789629837332975,
    0.741859479666502,
    0.7427625681921389,
    0.7332461813505549,
    0.8523163860110222,
    0.8059388699322722,
    0.7592351770997668,
    0.7574364450042513,
    0.8257402363111875,
    0.7528462078076582,
    0.7552951250819643,
    0.8405457849423008,
    0.8084013040048362,
    0.8935124814758957,
    0.8473288242212799,
    0.8393624460983078,
    0.8350320420498892,
    0.8218149878123505,
    0.9270386169115868,
    0.9374447066542752,
    0.9897996491759363,
    0.9385789607314546,
    0.9567664160594205,
    0.9701030094009495,
    0.9242349307405314,
    0.9515006358233185,
    0.6682155772933719,
    0.6575260155130613,
    0.6676418794156126,
    0.6412008861344782,
    0.644598330474126,
    0.6482680967848972,
    0.6826739355811832,
    0.639774889162142,
    0.6394826402716943,
    0.6445389565853726,
    0.6407273199460278,
    0.6431057021665624,
    0.6473483284356345,
    0.6519796483383541,
    0.6450771387937323,
    0.6517251327995003,
    0.6403654875946246,
    0.6658275281290108,
    0.6465047812059883,
    0.6454641201913168,
    0.651452599385767,
    0.6432062327798979,
    0.6453083774626444,
    0.6569154054648758,
    0.6471408301899632,
    0.6609377258695717,
    0.6542546137052542,
    0.6336937828109187,
    0.641744901495814,
    0.6442167268098343,
    0.6576302557775419,
    0.653467802843128,
    0.6467601162301979,
    0.6593575581547081,
    0.6510807568770691,
    0.6638895289224619,
    0.6595306972746352,
    0.6590207453397101,
    0.6690278179527459,
    0.6663134722362957,
    0.6678471865468081,
    0.6796085886947725,
    0.6678891903921977,
    0.6685909373868253
  ],
  "val_acc": [
    0.856621480709072,
    0.829509906152242,
    0.8529718456725756,
    0.8477580813347236,
    0.8534932221063608,
    0.7956204379562044,
    0.8305526590198123,
    0.862356621480709,
    0.8722627737226277,
    0.8107403545359749,
    0.8383733055265902,
    0.8607924921793535,
    0.8461939520333681,
    0.8561001042752867,
    0.8404588112617309,
    0.8425443169968717,
    0.8493222106360793,
    0.8555787278415016,
    0.8399374348279458,
    0.8456725755995829,
    0.8263816475495308,
    0.8065693430656934,
    0.82429614181439,
    0.8420229405630866,
    0.8279457768508863,
    0.8300312825860271,
    0.8263816475495308,
    0.8825079030558483,
    0.8830347734457323,
    0.8735511064278187,
    0.8851422550052687,
    0.8825079030558483,
    0.8872497365648051,
    0.8619599578503688,
    0.880927291886196,
    0.8851422550052687,
    0.8819810326659642,
    0.8830347734457323,
    0.89304531085353,
    0.8872497365648051,
    0.8714436248682824,
    0.8798735511064278,
    0.8709167544783983,
    0.8735511064278187,
    0.8819810326659642,
    0.8856691253951527,
    0.8856691253951527,
    0.880927291886196,
    0.8819810326659642,
    0.8740779768177028,
    0.8788198103266597,
    0.8798735511064278,
    0.8772391991570073,
    0.8793466807165438,
    0.8877766069546892,
    0.8951527924130663,
    0.8877766069546892,
    0.8877766069546892,
    0.8761854583772392,
    0.8840885142255005,
    0.8793466807165438,
    0.8846153846153846,
    0.8788198103266597,
    0.8798735511064278,
    0.8851422550052687,
    0.8761854583772392,
    0.880927291886196,
    0.8788198103266597,
    0.8767123287671232,
    0.8793466807165438,
    0.8788198103266597
  ],