{
  "train_loss": [
    0.8818311988176083,
    0.7938914155629646,
    0.7693814903407342,
    0.7504218198069159,
    0.7341625123843275,
    0.7233942229350945,
    0.7117288925854806,
    0.7011888159882147,
    0.6903863389192394,
    0.6816182637323389,
    0.6445793506021041,
    0.6292875520344956,
    0.620357663554722,
    0.6071524961046776,
    0.6020714004784887,
    0.5937793375880809,
    0.58327593433426,
    0.7425719769158375,
    0.699610749981114,
    0.6849858669321737,
    0.6720164958495375,
    0.6709042368552269,
    0.6725586736405463,
    0.6608015608675349,
    0.6600869147310603,
    0.6499847483898251,
    0.6522640741811531,
    0.6691154186817144,
    0.6529620639635577,
    0.6386684767398244,
    0.6371285938164631,
    0.6496861231124447,
    0.6449626715913821,
    0.6421006092766871,
    0.6421656149994677,
    0.6285742353894601,
    0.6316345809851089,
    0.6347565978764721,
    0.6197696674256611,
    0.6245572835943404,
    0.618466081762347,
    0.6311281217499081,
    0.624739281640638,
    0.6184273010472248,
    0.6079388996738267,
    0.6193852718483777,
    0.600812074677758,
    0.6062119133849587,
    0.6070532347230219,
    0.6043752984811364,
    0.6049649565319989,
    0.5929827290083258,
    0.5876049056240384,
    0.5782291012937566,
    0.5706995449792986,
    0.571662134183308,
    0.5731436271814427,
    0.565452701437118,
    0.5610306238203031,
    0.5561533961809566,
    0.5526247896360004,
    0.5556932249571541,
    0.552240321895885,
    0.5428171995039178,
    0.5385141610096917,
    0.5516056888676558,
    0.5421317684229261,
    0.538288869506453,
    0.5381591422998425,
    0.536864311047848,
    0.5407765341302845,
    0.5314404400861205,
    0.5273482439382554,
    0.5326402256452691,
    0.5336479760369442,
    0.5301530040753252,
    0.5250935681741483,
    0.5356261042972814,
    0.5303447399444454,
    0.5318851622798033,
    0.5254215747474328
  ],
  "train_acc": [
    0.7471911543654939,
    0.7933555832972409,
    0.8043107181982625,
    0.8126926702504395,
    0.8175587883111258,
    0.8220427505031719,
    0.8247433186415633,
    0.8308323354818985,
    0.8326412065934626,
    0.8370487376117806,
    0.8512904129831087,
    0.8561055769279764,
    0.8588825762400958,
    0.8661180606863519,
    0.867570252987185,
    0.8700160505464829,
    0.8753407556495376,
    0.7001619912061917,
    0.6959450772672341,
    0.6982592373556864,
    0.6940423234167288,
    0.6981563857961997,
    0.7101385924764084,
    0.6998791494176031,
    0.712607029904091,
    0.7020647450566969,
    0.7204751742048289,
    0.7030161219819495,
    0.7039417860173305,
    0.7009848036820858,
    0.706744491013345,
    0.7025018641845157,
    0.7010105165719576,
    0.7071044714715486,
    0.703144686431308,
    0.7182638656758633,
    0.7234835823198169,
    0.720552312874444,
    0.720295183975727,
    0.7143040806356227,
    0.7372914041809159,
    0.708750096423337,
    0.7268262580031369,
    0.7230721760818698,
    0.7257977424082692,
    0.7123756138952457,
    0.7114499498598648,
    0.7186752719138104,
    0.724563523694428,
    0.7256691779589108,
    0.7307860430433777,
    0.7133269908204983,
    0.7259520197474995,
    0.7191638168213725,
    0.719960916407395,
    0.7220693733768738,
    0.731171736391453,
    0.7432825075210203,
    0.7398626931680852,
    0.7404798025250058,
    0.7283690313954385,
    0.7418682985780772,
    0.7471137281119025,
    0.7394512869301381,
    0.7320459746470905,
    0.7341287187266977,
    0.742305417705896,
    0.7501735620066339,
    0.7548275950734104,
    0.7491193335218945,
    0.7395798513794966,
    0.7474222827903628,
    0.7486307886143324,
    0.7484765112751022,
    0.7576303000694248,
    0.7375999588593762,
    0.7417654470185904,
    0.7331259160217016,
    0.752924841222905,
    0.7530019798925202,
    0.744053894217171
  ],
  "val_loss": [
    0.6922480977694812,
    0.6912338194448197,
    0.7264504198434288,
    0.7083524217401497,
    0.7163366764667897,
    0.7426055811258605,
    0.7134041984489455,
    0.723365948473897,
    0.709279459390195,
    0.6885156007592316,
    0.7769767988748587,
    0.6909884354715681,
    0.6550960496705793,
    0.6982321247516439,
    0.7531849864855814,
    0.7077161268501431,
    0.714515467794025,
    0.64915478733059,
    0.6314893226726584,
    0.6367037170411093,
    0.6188508085979694,
    0.6236403539396222,
    0.6435200661596474,
    0.6164136076957163,
    0.6078768741990822,
    0.6191405095379573,
    0.644941482363609,
    0.6208325798947123,
    0.6286585613177661,
    0.6343927103550354,
    0.61516606989216,
    0.6142669073022419,
    0.624893075356549,
    0.6129025573931883,
    0.6248783041194286,
    0.6020820129128477,
    0.6141117907811711,
    0.6222130287958269,
    0.6083263839157719,
    0.5982519895248188,
    0.6093424206164122,
    0.6117764431507507,
    0.6233428720758097,
    0.6265738707745707,
    0.6288956867454094,
    0.6233300896313898,
    0.6178349658173522,
    0.6113950032850614,
    0.6286781868203918,
    0.61537754851849,
    0.6141955486566473,
    0.6223769201979422,
    0.6161710136882916,
    0.6029300449639267,
    0.6288365139122796,
    0.6215711561542129,
    0.6085777793862731,
    0.6299092453448852,
    0.6232104439632363,
    0.6314295495774283,
    0.5944230641386598,
    0.613005447364275,
    0.6100036994296113,
    0.5996978763044466,
    0.6113985094785221,
    0.5885266489504831,
    0.5989441320095175,
    0.618957673344022,
    0.5882076408516447,
    0.5945437835101295,
    0.6172414023890243,
    0.6161509516314111,
    0.598969718562128,
    0.6020626028769143,
    0.6180005906138767,
    0.5940456122218508,
    0.6159129698407674,
    0.6071711256368221,
    0.6127907284233566,
    0.6030399363729481,
    0.6169895728819497
  ],
  "val_acc": [
    0.8414396887159533,
    0.8550583657587548,
    0.8365758754863813,
    0.8190661478599222,
    0.8433852140077821,
    0.8171206225680934,
    0.8142023346303502,
    0.811284046692607,
    0.8219844357976653,
    0.8346303501945526,
    0.8180933852140078,
    0.8336575875486382,
    0.8511673151750972,
    0.8346303501945526,
    0.8287937743190662,
    0.8258754863813229,
    0.8249027237354085,
    0.8418467583497053,
    0.8379174852652259,
    0.8231827111984283,
    0.8330058939096268,
    0.8330058939096268,
    0.8163064833005894,
    0.8418467583497053,
    0.8359528487229863,
    0.8261296660117878,
    0.8231827111984283,
    0.8428290766208252,
    0.831041257367387,
    0.825147347740668,
    0.8398821218074656,
    0.8408644400785854,
    0.8280943025540275,
    0.8428290766208252,
    0.8192534381139489,
    0.8526522593320236,
    0.8369351669941061,
    0.8349705304518664,
    0.8447937131630648,
    0.8546168958742633,
    0.8388998035363457,
    0.8379174852652259,
    0.8241650294695482,
    0.8379174852652259,
    0.8290766208251473,
    0.843811394891945,
    0.8369351669941061,
    0.8398821218074656,
    0.8280943025540275,
    0.8428290766208252,
    0.8379174852652259,
    0.8398821218074656,
    0.8418467583497053,
    0.8487229862475442,
    0.8320235756385069,
    0.8418467583497053,
    0.8398821218074656,
    0.8379174852652259,
    0.8418467583497053,
    0.8408644400785854,
    0.8506876227897839,
    0.8477406679764243,
    0.843811394891945,
    0.8467583497053045,
    0.8477406679764243,
    0.8575638506876228,
    0.849705304518664,
    0.8516699410609038,
    0.8595284872298625,
    0.8546168958742633,
    0.8467583497053045,
    0.849705304518664,
    0.8575638506876228,
    0.8506876227897839,
    0.8467583497053045,
    0.8585461689587426,
    0.849705304518664,
    0.8526522593320236,
    0.8477406679764243,
    0.8506876227897839,
    0.8467583497053045
  ],