{
  "train_loss": [
    0.8855376415598903,
    0.7944500229854395,
    0.7685197402604735,
    0.7526063193787049,
    0.7373346401740222,
    0.727380057575679,
    0.7139365015533498,
    0.6965445816304424,
    0.6883048319438897,
    0.6783681059041039,
    0.6698090564850533,
    0.6615500296004141,
    0.6487979406618049,
    0.6415316389936818,
    0.6355418833490252,
    0.626877837418723,
    0.618637810039835,
    0.6129580557590271,
    0.6044060625967019,
    0.6043732196474233,
    0.7195075825100974,
    0.6636150215690252,
    0.6554635106937478,
    0.6597476628523997,
    0.6448182545369026,
    0.6541694144754708,
    0.6450127444054428,
    0.6375550078360896,
    0.6307398055411434,
    0.6378555302203773,
    0.6397674343063385,
    0.6194431616972479,
    0.624312166942111,
    0.6259960446049577,
    0.6309872374988889,
    0.6254901808702811,
    0.6212306217238714,
    0.6109062034681906,
    0.6106637502351973,
    0.6050544126140206,
    0.6133943941321554,
    0.6044891829747983,
    0.6060323465831434,
    0.6105583443314453,
    0.6126294601011244,
    0.6004787137459152,
    0.5910066129786423,
    0.5984369639282938,
    0.5964789102857387,
    0.5840734488323956,
    0.5800742888061465,
    0.582524400338739,
    0.5709713319505874,
    0.5696590661017756,
    0.5639559137225548,
    0.547979443560911,
    0.5621670662618176,
    0.553274234696915,
    0.5469926821851953,
    0.5476617786790592,
    0.5484194101022928,
    0.5437783291957761,
    0.5275165369509063,
    0.5373890380061999,
    0.537935300866101,
    0.52885968824135,
    0.5353161253284249,
    0.5227864611585644,
    0.5242139161339925,
    0.5313498243739174,
    0.5221191026448092,
    0.5225679743702931,
    0.5144123218664719,
    0.5167765933009166,
    0.5093165790296094,
    0.5149961573993421,
    0.5226384124813042,
    0.5165571232083478,
    0.5129503126830597,
    0.5099163343912756,
    0.5221284831896533,
    0.5184242707312227
  ],
  "train_acc": [
    0.7452673267326733,
    0.7969372937293729,
    0.8082904290429043,
    0.8136237623762376,
    0.8185610561056106,
    0.8225478547854785,
    0.8262178217821782,
    0.8306006600660066,
    0.8344554455445544,
    0.8393399339933993,
    0.8416633663366336,
    0.8463102310231023,
    0.8503234323432344,
    0.8513531353135314,
    0.8545478547854786,
    0.8560792079207921,
    0.8589306930693069,
    0.8619141914191419,
    0.8636831683168317,
    0.867009900990099,
    0.6900199866755496,
    0.7111525649566955,
    0.6951632245169886,
    0.7188274483677548,
    0.7160293137908061,
    0.7113924050632912,
    0.7153897401732179,
    0.715203197868088,
    0.721199200532978,
    0.7203464357095269,
    0.7215189873417721,
    0.7295136575616256,
    0.7027848101265822,
    0.7288207861425716,
    0.7193337774816789,
    0.7165889407061958,
    0.7248500999333778,
    0.7216522318454364,
    0.715176548967355,
    0.7262891405729514,
    0.7251165889407062,
    0.7275416389073951,
    0.7156029313790806,
    0.7093670886075949,
    0.7147501665556296,
    0.7195203197868087,
    0.7299400399733511,
    0.7243171219187209,
    0.7289806795469687,
    0.7321785476349101,
    0.7339906728847435,
    0.728927381745503,
    0.7281812125249834,
    0.7294337108594271,
    0.7211725516322451,
    0.7476882078614258,
    0.7320986009327115,
    0.7371352431712191,
    0.7437175216522318,
    0.7374550299800133,
    0.7521119253830779,
    0.7339107261825449,
    0.7385209860093271,
    0.7504330446369087,
    0.7350299800133244,
    0.737001998667555,
    0.745929380413058,
    0.762584943371086,
    0.753124583610926,
    0.7371085942704864,
    0.7449433710859427,
    0.7473151232511659,
    0.7419320453031313,
    0.7521119253830779,
    0.7491005996002665,
    0.7479013990672885,
    0.7389473684210527,
    0.7576548967355097,
    0.7537375083277815,
    0.755549633577615,
    0.7562958027981346,
    0.7449167221852099
  ],
  "val_loss": [
    0.9110710148602887,
    0.8897050536612561,
    0.9058586167398914,
    0.8129936998442006,
    0.8042811991304214,
    0.9228196120761566,
    0.7801372360553464,
    0.8391938695924964,
    0.8370345267441754,
    0.8368336207119711,
    0.7600048636043876,
    0.7809622220437167,
    0.7600693392731888,
    0.8599825417300608,
    0.825231903292008,
    0.8185688675209907,
    0.8173377035094089,
    0.7902291715687958,
    0.8062890611168249,
    0.8136442254258418,
    0.7076286962803673,
    0.736050170572365,
    0.7580820514875299,
    0.7134528760524357,
    0.7312428144847646,
    0.7272760070422116,
    0.7279616151662434,
    0.7273432748282657,
    0.7417152668623364,
    0.711275644162122,
    0.7194172271034297,
    0.7111298945896766,
    0.6974540620165712,
    0.7364616696448887,
    0.6918400403331307,
    0.6939017316874336,
    0.7033284113687628,
    0.7206548250773374,
    0.7076437771320343,
    0.6971844518009354,
    0.7608148004202282,
    0.7170990192714859,
    0.7134981453418732,
    0.699703261256218,
    0.6963210680028972,
    0.7140191315728075,
    0.6953370790271198,
    0.7088462337851524,
    0.7234540572937798,
    0.718866369303535,
    0.7044071533224162,
    0.7244853552650002,
    0.6907349526882172,
    0.6927173790686271,
    0.6788729849983665,
    0.7098437801879995,
    0.6844282535945668,
    0.7058779251049546,
    0.6878647155621472,
    0.6892031422432732,
    0.6884870805284556,
    0.6707591808894101,
    0.6848731689593371,
    0.6777873275911107,
    0.6861760804758352,
    0.6886357949937091,
    0.7015496742199449,
    0.700842583880705,
    0.6997996332014308,
    0.6898555036853341,
    0.6829827467308325,
    0.690761622698868,
    0.6823628395795822,
    0.6928907650358537,
    0.6872315691674457,
    0.692710321615724,
    0.6903690901749274,
    0.6794080541414373,
    0.6862627061850884,
    0.7135498295812046,
    0.6884667465791983,
    0.6854409553548869
  ],
  "val_acc": [
    0.7408925318761385,
    0.7153916211293261,
    0.761384335154827,
    0.7814207650273224,
    0.8119307832422586,
    0.7609289617486339,
    0.8110200364298725,
    0.7941712204007286,
    0.8055555555555556,
    0.7800546448087432,
    0.8337887067395264,
    0.8201275045537341,
    0.8219489981785064,
    0.808287795992714,
    0.7836976320582878,
    0.8014571948998178,
    0.8105646630236795,
    0.8337887067395264,
    0.813752276867031,
    0.8333333333333334,
    0.8010110294117647,
    0.7817095588235294,
    0.7679227941176471,
    0.8010110294117647,
    0.7706801470588235,
    0.7849264705882353,
    0.7922794117647058,
    0.7757352941176471,
    0.7679227941176471,
    0.7821691176470589,
    0.7863051470588235,
    0.7945772058823529,
    0.8033088235294118,
    0.7899816176470589,
    0.8120404411764706,
    0.8065257352941176,
    0.8097426470588235,
    0.7941176470588235,
    0.8111213235294118,
    0.8207720588235294,
    0.765625,
    0.7927389705882353,
    0.8010110294117647,
    0.8079044117647058,
    0.8221507352941176,
    0.8028492647058824,
    0.8239889705882353,
    0.8198529411764706,
    0.7973345588235294,
    0.8005514705882353,
    0.8115808823529411,
    0.8010110294117647,
    0.8244485294117647,
    0.8253676470588235,
    0.8354779411764706,
    0.8235294117647058,
    0.8363970588235294,
    0.8446691176470589,
    0.8460477941176471,
    0.8419117647058824,
    0.8511029411764706,
    0.8556985294117647,
    0.8685661764705882,
    0.8534007352941176,
    0.8658088235294118,
    0.8616727941176471,
    0.8432904411764706,
    0.8501838235294118,
    0.8506433823529411,
    0.8584558823529411,
    0.8635110294117647,
    0.8658088235294118,
    0.8667279411764706,
    0.8621323529411765,
    0.8662683823529411,
    0.8612132352941176,
    0.8607536764705882,
    0.8681066176470589,
    0.8639705882352942,
    0.8492647058823529,
    0.8552389705882353,
    0.8589154411764706
  ],