{
  "train_loss": [
    0.8878883240005185,
    0.7973678899013679,
    0.77921046508636,
    0.7582265254676563,
    0.7427811534073526,
    0.7317927242615515,
    0.7181006605522251,
    0.7033462049816854,
    0.6970801867343744,
    0.6905486158490419,
    0.6759089342080901,
    0.6714863111053873,
    0.6631834445977723,
    0.6555000657912267,
    0.6525307962467549,
    0.6432360508951112,
    0.6007320627101047,
    0.5898836974038816,
    0.5758206790249265,
    0.5684281565046512,
    0.5614860956471651,
    0.5563155402789086,
    0.551651992375788,
    0.7126585384071012,
    0.6622865042628452,
    0.6472757490455366,
    0.6435957041332132,
    0.6481252918291865,
    0.6342861174394379,
    0.6405052465021365,
    0.6299953099577976,
    0.6367436423177683,
    0.6380351719744237,
    0.6179668500210433,
    0.6214954268298221,
    0.6202595892470427,
    0.6178213463573364,
    0.6150126140262704,
    0.6128901871602433,
    0.6081166765419529,
    0.6073924812412959,
    0.6127139139704942,
    0.6012595327377994,
    0.6037943641254162,
    0.6036150763824804,
    0.5871713780072957,
    0.5963065163897686,
    0.591281691354921,
    0.6018462588977471,
    0.5966811614836347,
    0.5799226222126066,
    0.5839560367388478,
    0.5684327367483509,
    0.558158434123298,
    0.554492462353735,
    0.5572049100135315,
    0.5583481877836936,
    0.5490196408119825,
    0.5401997773928495,
    0.539535822788356,
    0.5406075646010812,
    0.5359231543281499,
    0.5364376522996976,
    0.5351398300092368,
    0.5322100804973643,
    0.5295258500738624,
    0.5237062791425972,
    0.5217511896714804,
    0.5277945535209991,
    0.5251507924571631
  ],
  "train_acc": [
    0.7395344008720252,
    0.794217642936856,
    0.802055487789053,
    0.8091406919104098,
    0.8128779424359607,
    0.8161480366458177,
    0.8220134437206406,
    0.828060522696011,
    0.8317977732215619,
    0.8320053982507591,
    0.8370662583374425,
    0.8382860553839765,
    0.8406477900910955,
    0.8426721341257689,
    0.8450338688328878,
    0.849809244504425,
    0.8652513560509719,
    0.8700267317225091,
    0.873686122862111,
    0.8781241078612027,
    0.8811606239132127,
    0.8822506553164984,
    0.8837559367781787,
    0.6894004871532962,
    0.7078127864644719,
    0.714046253372096,
    0.7117414420785207,
    0.7275870197218511,
    0.7202011471674393,
    0.7115842958539588,
    0.7155391425054346,
    0.7057436945077394,
    0.7127890835756004,
    0.7330347555066656,
    0.7231345433592624,
    0.7114533406668239,
    0.7049841544223566,
    0.7199392367931694,
    0.7253869725779838,
    0.7124224090516226,
    0.7110866661428459,
    0.7181582462481338,
    0.7055079751708965,
    0.7136271967732641,
    0.7060579869568634,
    0.7334800031429245,
    0.7268798617113224,
    0.7313847201487651,
    0.7197820905686074,
    0.7266965244493334,
    0.7235797909955214,
    0.7327990361698227,
    0.7365443545218826,
    0.7253083994657028,
    0.7233440716586784,
    0.7299965951651345,
    0.7294203923417406,
    0.7331395196563736,
    0.742201618606113,
    0.7393206044891438,
    0.738718210628323,
    0.7370943663078494,
    0.7419135171944161,
    0.7452397789476441,
    0.7390063120400199,
    0.7626306277991671,
    0.7487755690002881,
    0.7378539063932322,
    0.7601424792436028,
    0.7349728922762631
  ],
  "val_loss": [
    0.8075148846559335,
    0.8373712927600016,
    0.7851769448833609,
    0.8434963982678537,
    0.7587967502807916,
    0.7631487714275998,
    0.6957142307047821,
    0.6871819338566388,
    0.8489408541456739,
    0.77460989344819,
    0.747267295767249,
    0.7289655622517697,
    0.8128419426771311,
    0.754713863855796,
    0.7445328278750614,
    0.7191673071074063,
    0.7303731911697973,
    0.7425584791006742,
    0.734100231036119,
    0.772523008491353,
    0.7850291047479723,
    0.7513905581189074,
    0.7271605911050963,
    0.5414506460642802,
    0.5397201351752549,
    0.5272652416562438,
    0.5335087572640216,
    0.5400056944974678,
    0.5314992479878706,
    0.5381150378067251,
    0.5250987663192552,
    0.5221491052023155,
    0.5354556174236773,
    0.5297806593566695,
    0.5267954822660076,
    0.5206745445987594,
    0.5304058435139545,
    0.5220449100116338,
    0.519038409270172,
    0.5328857541213935,
    0.5175340665527632,
    0.5285099803137352,
    0.5256658438238649,
    0.5224394952881395,
    0.5317883041159105,
    0.5305006967704539,
    0.5396117662333353,
    0.5270002396324525,
    0.5420786111882486,
    0.5308663574102588,
    0.5354773808005324,
    0.5378418429478671,
    0.5387687005382183,
    0.5429048895706231,
    0.5233972889531754,
    0.5420553431749473,
    0.523038558674092,
    0.5455773670171641,
    0.5350504812013201,
    0.5211408534018873,
    0.5277542880269871,
    0.5469209261890855,
    0.5288494716136595,
    0.5513582765375421,
    0.5435553799510456,
    0.549541478914823,
    0.5681616156693708,
    0.5640679303882821,
    0.5452990398062124,
    0.5540936296565692
  ],
  "val_acc": [
    0.8386229155459924,
    0.7864443249058634,
    0.7762237762237763,
    0.7767616998386229,
    0.8402366863905325,
    0.8251748251748252,
    0.8251748251748252,
    0.8886498117267349,
    0.7794513179128564,
    0.8327057557826789,
    0.8289402904787521,
    0.8278644432490586,
    0.7869822485207101,
    0.78536847767617,
    0.7875201721355568,
    0.8396987627756859,
    0.8402366863905325,
    0.8622915545992469,
    0.8477676169983862,
    0.806347498655191,
    0.7977407208176439,
    0.8622915545992469,
    0.8472296933835395,
    0.9102773246329527,
    0.9091897770527461,
    0.9168026101141925,
    0.9053833605220228,
    0.9070146818923328,
    0.9173463839042958,
    0.9064709081022295,
    0.9097335508428493,
    0.9113648722131593,
    0.9053833605220228,
    0.9178901576943991,
    0.9135399673735726,
    0.9200652528548124,
    0.9140837411636759,
    0.8966829798803697,
    0.9102773246329527,
    0.8977705274605764,
    0.9086460032626428,
    0.9178901576943991,
    0.9064709081022295,
    0.9119086460032626,
    0.9037520391517129,
    0.9070146818923328,
    0.9059271343121261,
    0.9129961935834693,
    0.9091897770527461,
    0.9097335508428493,
    0.9097335508428493,
    0.8977705274605764,
    0.9053833605220228,
    0.9048395867319196,
    0.9086460032626428,
    0.9004893964110929,
    0.9091897770527461,
    0.9064709081022295,
    0.9081022294725394,
    0.9102773246329527,
    0.9070146818923328,
    0.9081022294725394,
    0.9086460032626428,
    0.9135399673735726,
    0.9032082653616096,
    0.9081022294725394,
    0.9026644915715063,
    0.9091897770527461,
    0.9135399673735726,
    0.9146275149537793
  ],