{
  "train_loss": [
    0.8918770156439245,
    0.8023084311807354,
    0.775599721125336,
    0.7537699128237664,
    0.738626260788246,
    0.7259633909248163,
    0.7139262150631663,
    0.7032773966173738,
    0.6925678309801575,
    0.6879339853049464,
    0.6766993219182372,
    0.6674000927444247,
    0.6609143331084583,
    0.6524436636575422,
    0.6436730363266888,
    0.6364475504850737,
    0.6310601647382058,
    0.6255383858444513,
    0.5834020758533681,
    0.5690433548020876,
    0.5620726765251004,
    0.5572444479046658,
    0.5469463904916955,
    0.5389655473976555,
    0.5345671056985686,
    0.6934104988112634,
    0.6326579875818037,
    0.6295874137284146,
    0.6309259041245866,
    0.6254483045108166,
    0.6194111884600964,
    0.6142145960057569,
    0.6010681744804496,
    0.6074459841150778,
    0.6030087211565026,
    0.6014320006294425,
    0.6012885972907956,
    0.6070204688751065,
    0.5959818074987381,
    0.5924891909067543,
    0.5992856775694909,
    0.596084375656088,
    0.6010015700683617,
    0.5853102539840291,
    0.5723128171442422,
    0.5699122096280422,
    0.5582276516786261,
    0.5602694028530898,
    0.5599655335278203,
    0.5469766640189541,
    0.5475134112582585,
    0.5484324368519063,
    0.5457254659314503,
    0.5334704981767082,
    0.5303164122775526,
    0.5319486311231963,
    0.5292215818326437,
    0.5262129090182555,
    0.5199728781725883
  ],
  "train_acc": [
    0.7344369850472994,
    0.7883989421218595,
    0.8004780795442986,
    0.8112348692910182,
    0.8124046383887702,
    0.81957583155325,
    0.8241023293662904,
    0.8274844878445733,
    0.832570440443495,
    0.8311718034787916,
    0.8355965822398536,
    0.8405808157867969,
    0.838622724036212,
    0.8434035194791984,
    0.8485403316041095,
    0.8491760756789747,
    0.8531431187061337,
    0.8534737056250635,
    0.8670277693011901,
    0.8753178720374326,
    0.8782422947818126,
    0.8800223781914353,
    0.8835062557216967,
    0.8860238022581629,
    0.8877530261417964,
    0.7017503336413099,
    0.7177137870855148,
    0.7190226876090751,
    0.7152756390514321,
    0.73906683092085,
    0.7060620059542142,
    0.7121702083974951,
    0.7342931937172775,
    0.7084488245560004,
    0.7267221024535468,
    0.7196386407966328,
    0.7226927420182733,
    0.7263884611436198,
    0.7194333230674469,
    0.7294425623652603,
    0.7348321527563905,
    0.727594702802587,
    0.713658761934093,
    0.7184067344215173,
    0.7427368853300482,
    0.7403244020121137,
    0.7243866132840571,
    0.7368596653321015,
    0.7261574786982856,
    0.7346524997433529,
    0.7409660199158198,
    0.7343188584334257,
    0.7376552715326968,
    0.746997228210656,
    0.7356790883892824,
    0.7441484447182014,
    0.7539010368545324,
    0.7563391848886152,
    0.7512062416589672
  ],
  "val_loss": [
    0.711105121790997,
    0.6742970596671348,
    0.9190947807152091,
    0.6610914725955035,
    0.6329195843761928,
    0.6581954732384906,
    0.6546133790767023,
    0.6246443437774245,
    0.6290394299356972,
    0.6374850292025412,
    0.6837305137106734,
    0.6921221006867344,
    0.6241821224338437,
    0.6579651042118151,
    0.7150757186617588,
    0.6228839239459828,
    0.6576025534748787,
    0.6456968095039297,
    0.6489806851726369,
    0.7034327041639629,
    0.6637821059773061,
    0.6564968487967743,
    0.6778204380734566,
    0.6680796128718643,
    0.7313469637391026,
    0.5832291164181449,
    0.5863360031084581,
    0.5832390024149714,
    0.5765532528565935,
    0.5876601153661397,
    0.585907798414388,
    0.6097219010029943,
    0.5784753785153066,
    0.5893848331506587,
    0.6011344696864609,
    0.5751404781972081,
    0.6132283070363289,
    0.607525277975177,
    0.5908601850517525,
    0.5922727693210948,
    0.5961876373645688,
    0.5926019625722869,
    0.6025875555582283,
    0.5887945582551405,
    0.5934385322342234,
    0.600983370187854,
    0.5959891504492641,
    0.594638541463978,
    0.5871777603448916,
    0.6079659883148414,
    0.5907530836329973,
    0.5825232400381861,
    0.5922396269218981,
    0.5864209013044341,
    0.5918206668589726,
    0.5852509197617365,
    0.578702554968763,
    0.603486402714548,
    0.602701392055543
  ],
  "val_acc": [
    0.8931492842535788,
    0.8905930470347648,
    0.8041922290388548,
    0.8875255623721882,
    0.9100204498977505,
    0.8849693251533742,
    0.9023517382413088,
    0.9202453987730062,
    0.9033742331288344,
    0.9115541922290389,
    0.9023517382413088,
    0.8829243353783232,
    0.8890593047034765,
    0.9049079754601227,
    0.8916155419222904,
    0.9028629856850716,
    0.8951942740286298,
    0.9038854805725971,
    0.906441717791411,
    0.8962167689161554,
    0.90439672801636,
    0.9115541922290389,
    0.9049079754601227,
    0.9054192229038854,
    0.8921267893660532,
    0.9121900826446281,
    0.9214876033057852,
    0.9261363636363636,
    0.9214876033057852,
    0.9225206611570248,
    0.918904958677686,
    0.9163223140495868,
    0.9199380165289256,
    0.9147727272727273,
    0.9199380165289256,
    0.9158057851239669,
    0.9152892561983471,
    0.9147727272727273,
    0.9214876033057852,
    0.9199380165289256,
    0.918904958677686,
    0.9152892561983471,
    0.9101239669421488,
    0.9266528925619835,
    0.9230371900826446,
    0.9173553719008265,
    0.9106404958677686,
    0.9163223140495868,
    0.9163223140495868,
    0.9132231404958677,
    0.9137396694214877,
    0.9121900826446281,
    0.9127066115702479,
    0.9158057851239669,
    0.9137396694214877,
    0.9121900826446281,
    0.9173553719008265,
    0.9111570247933884,
    0.9096074380165289
  ],
  "val_f1": [
    0.7706448384006261,
    0.7829636080380633,
    0.7002273051915655,
    0.7815973931062926,
    0.7994314731204227,
    0.7723388530485336,
    0.7909802543395499,
    0.8153838042145974,
    0.7949931612142672,
    0.8155377336643536,
    0.7948889017207035,
    0.7722608226470434,
    0.799663666461122,
    0.80608628585643,
    0.7721220119906735,
    0.80948092637435,
    0.7993319064714767,
    0.8088217351695628,
    0.8004589441842217,
    0.7813621795979235,
    0.7966711387535813,
    0.7949574486318817,
    0.797667716797968,
    0.7833575661873713,
    0.7804946327590734,
    0.8278461516177062,
    0.841215258063538,
    0.8496095344924125,
    0.8425649249237324,
    0.8442449891073543,
    0.8426270162321486,
    0.8308783107583805,
    0.8383818621628327,
    0.8311999569398949,
    0.8373143255033663,
    0.8346449352403964,
    0.8293702144127781,
    0.8364420938442125,
    0.8445956695847119,
    0.8371171862218585,
    0.8363026789943252,
    0.8302732111271036,
    0.8318528820162158,
    0.8482872286800779,
    0.8449275618978644,
    0.8369512104155223,
    0.8289182790089997,
    0.8352059082271538,
    0.8366382992826799,
    0.8291326855367493,
    0.8308490528180752,
    0.8308918247494868,
    0.8295477663868003,
    0.8367627145509287,
    0.8323003080338323,
    0.8338530394052416,
    0.8389560284890886,
    0.8281644858400486,
    0.8279089251379469
  ],