{
  "train_loss": [
    0.8885033516164951,
    0.803148697374178,
    0.7710774507522832,
    0.7584780100306793,
    0.7412652334287145,
    0.7331077194164831,
    0.718678359383455,
    0.709214510147308,
    0.6990908809862204,
    0.6891701340749838,
    0.6762757012610142,
    0.6733647775517815,
    0.6585376922597193,
    0.6552330812202243,
    0.6403411988748247,
    0.6352698348003066,
    0.6306733681997888,
    0.5882092199187517,
    0.5703745061039803,
    0.5668097382605283,
    0.5568536018646206,
    0.5487555811002097,
    0.5437218686479197,
    0.5388758757281938,
    0.6931644467751116,
    0.6461768189793531,
    0.6356659102783154,
    0.6333755044928865,
    0.623837767874229,
    0.63701130772648,
    0.6251901897582036,
    0.6285639295205664,
    0.6196490515753925,
    0.6016878236908028,
    0.6124250483911903,
    0.6189819259709454,
    0.6223765346676386,
    0.6092148197107221,
    0.6096346296736285,
    0.6065365202936935,
    0.5967885716993595,
    0.5990903832871666,
    0.5932254975550105,
    0.604396222120752,
    0.5833544317348189,
    0.5885533383134968,
    0.5932117940930973,
    0.5861786048010668,
    0.588895428566251,
    0.5900140161575169,
    0.5786332619449863,
    0.5712248664285208,
    0.5763904611573443,
    0.5738237043207697,
    0.5798689268106783,
    0.5770455917024859,
    0.5738812069939112,
    0.5663645755132465,
    0.5633900439143197,
    0.5527746131332062,
    0.5552505745006645,
    0.5322105197268682,
    0.5304027183207908,
    0.5315770975038974,
    0.5291555419026708,
    0.5232811946343462,
    0.5234089257218446,
    0.5221482959484509,
    0.5264039387755811,
    0.5090289281200164,
    0.5087918414034999,
    0.5136159614035074,
    0.5177212322598601,
    0.512089125470072,
    0.5062872647177368
  ],
  "train_acc": [
    0.7421571945536435,
    0.792897867798287,
    0.8039624066022754,
    0.8089349405118326,
    0.8180208794355783,
    0.8194006925099581,
    0.8235661659420479,
    0.8276795709562365,
    0.8291114524485174,
    0.8351774231339981,
    0.8392127255213351,
    0.8402020254614564,
    0.8468928171617506,
    0.8488714170419932,
    0.8527244799666762,
    0.85243810366822,
    0.8557965166228424,
    0.8711046314857723,
    0.877170602171253,
    0.8808414256332822,
    0.8817005545286506,
    0.8861003358412954,
    0.8885215172736977,
    0.8903439119002369,
    0.7084417119886498,
    0.7189248837392607,
    0.7302225375055832,
    0.7232337563385093,
    0.7236804077664801,
    0.7150363889545729,
    0.7132497832426894,
    0.7208428575181944,
    0.71855705315152,
    0.7249415412101626,
    0.7258611176795144,
    0.7142219069388613,
    0.7145109166863719,
    0.7208691311316046,
    0.7208691311316046,
    0.7248627203699325,
    0.7317464070833661,
    0.7237066813798901,
    0.7264128635611256,
    0.7283833845668795,
    0.7365807519508158,
    0.7259399385197446,
    0.7274638080975276,
    0.7200283755024829,
    0.7184256850844697,
    0.7336118336354799,
    0.7343737684243714,
    0.7323244265783874,
    0.7390767452247707,
    0.7327185307795381,
    0.7294080554898715,
    0.724127059194451,
    0.7332440030477392,
    0.7329549933002286,
    0.7413362759780353,
    0.7237855022201203,
    0.7387877354772602,
    0.7325346154856678,
    0.7351882504400831,
    0.7460655263918446,
    0.7413362759780353,
    0.7518982685688763,
    0.7412837287512152,
    0.7547095452037519,
    0.7567326134363259,
    0.7600693623394026,
    0.7414150968182655,
    0.7600956359528126,
    0.7460129791650245,
    0.754814639657392,
    0.7623814403194872
  ],
  "val_loss": [
    0.7868574535213231,
    1.1203722847256683,
    0.7560090631870447,
    0.9137125037494553,
    0.6941189799843714,
    0.8018511434076169,
    0.7486108560365051,
    0.7612423755216522,
    0.6892078855443372,
    0.7943398331962346,
    0.7346848830604706,
    0.7897416666286067,
    0.8326625162020718,
    0.8536419755210815,
    0.7546284667471693,
    0.7695248660002098,
    0.7426962984132945,
    0.9157621817152409,
    0.7825009867157017,
    0.796578911303578,
    0.8960552841057012,
    0.8983997826414983,
    0.9171434052996398,
    0.8564462083293364,
    0.6306535590134815,
    0.6169167600341678,
    0.6166972749852901,
    0.6070646987586195,
    0.6144099845972905,
    0.6377313417936885,
    0.6264788620638835,
    0.6087250959045267,
    0.6084550891275711,
    0.6183919562506921,
    0.6115884425616821,
    0.6403185275509121,
    0.628791699801459,
    0.6255758943857864,
    0.6308388846339703,
    0.6261887448802954,
    0.6062753104154532,
    0.6308172492313436,
    0.6268758728687879,
    0.6227296852767953,
    0.6159167549432909,
    0.6198194303948531,
    0.6298070321636748,
    0.6209413661008546,
    0.6338824157765296,
    0.6216279162671083,
    0.6231083402281796,
    0.6279595234894714,
    0.6314943789045124,
    0.6465648621627965,
    0.6311923288419333,
    0.6336209584821907,
    0.6640671567462801,
    0.6346668978294987,
    0.6343777030787259,
    0.6082355550010762,
    0.6150072321772769,
    0.6139126943623444,
    0.6226517578796142,
    0.6299929620290798,
    0.6505614731115165,
    0.6443286584695267,
    0.6604226479469533,
    0.6408393709024397,
    0.6562795135810591,
    0.6543989516572336,
    0.6503563467504146,
    0.6514691326583266,
    0.6437865028191182,
    0.6607011833788582,
    0.6429218730231827
  ],
  "val_acc": [
    0.8046162104133119,
    0.6462694578636607,
    0.8062265163714439,
    0.7525496511003757,
    0.8459473966720343,
    0.7734836285560923,
    0.8357487922705314,
    0.8164251207729468,
    0.856682769726248,
    0.8158883521202361,
    0.8454106280193237,
    0.855072463768116,
    0.7949543746645196,
    0.7799248523886205,
    0.8421900161030595,
    0.8298443370907139,
    0.8454106280193237,
    0.7627482555018786,
    0.8395061728395061,
    0.8250134192163178,
    0.809447128287708,
    0.8099838969404187,
    0.8035426731078905,
    0.8368223295759528,
    0.8757460661964189,
    0.8887683125339121,
    0.8806294085729789,
    0.8784590341833967,
    0.8855127509495387,
    0.8855127509495387,
    0.8893109061313077,
    0.8773738469886055,
    0.8893109061313077,
    0.870862723819859,
    0.882799782962561,
    0.8567552902875746,
    0.8686923494302767,
    0.882799782962561,
    0.8654367878459034,
    0.8849701573521432,
    0.887683125339121,
    0.8768312533912099,
    0.8719479110146501,
    0.8893109061313077,
    0.8838849701573521,
    0.8920238741182854,
    0.8724905046120456,
    0.8670645686380901,
    0.8724905046120456,
    0.8741182854042322,
    0.8790016277807922,
    0.8844275637547477,
    0.8768312533912099,
    0.8719479110146501,
    0.8752034725990233,
    0.870862723819859,
    0.8719479110146501,
    0.8730330982094411,
    0.8676071622354856,
    0.8871405317417255,
    0.8860553445469344,
    0.8865979381443299,
    0.8887683125339121,
    0.8849701573521432,
    0.8757460661964189,
    0.8860553445469344,
    0.8730330982094411,
    0.8822571893651655,
    0.8800868149755833,
    0.8762886597938144,
    0.8762886597938144,
    0.8800868149755833,
    0.8800868149755833,
    0.8697775366250678,
    0.8855127509495387
  ],