{
  "train_loss": [
    0.8922798208412035,
    0.7987966937372297,
    0.776605826026209,
    0.7600810771759028,
    0.7461176728115787,
    0.7298356071476779,
    0.7239855949281754,
    0.7141771166290969,
    0.7027292873730269,
    0.6955261537209217,
    0.6798437296904037,
    0.6733471742519327,
    0.6625754981156119,
    0.6557442067672049,
    0.6468848030857463,
    0.6085123473882192,
    0.5947920052733472,
    0.5858054181560826,
    0.579963704489624,
    0.5657060358944818,
    0.5685532797382606,
    0.5591576080410487,
    0.710327562623459,
    0.6590068718883733,
    0.6531743971992433,
    0.6573805753180673,
    0.6450350426659369,
    0.6361670574045716,
    0.6345661083050917,
    0.6311650275298731,
    0.6274744754337049,
    0.6206301690366888,
    0.6356140493300008,
    0.626804354208154,
    0.6084404680470327,
    0.6187077856551418,
    0.6205261252653105,
    0.6166515606034197,
    0.6180986748213212,
    0.6254078904114201,
    0.6022794073808889,
    0.6028852702556265,
    0.593494058079038,
    0.5834006509528938,
    0.5857198745678668,
    0.5650419392799756,
    0.5656919126700212,
    0.5697014994992619,
    0.5625430687928794,
    0.5653736716853361,
    0.547868773358965,
    0.5472984452727733,
    0.5439317175644544,
    0.5573990205937945,
    0.5464572426041274,
    0.5425991106737179,
    0.5513922517552483,
    0.5399004720869388,
    0.5406329980254101,
    0.5408406275541934,
    0.5452135591819234,
    0.5372288223429228,
    0.5460897757296809,
    0.5374943463907504,
    0.5345657054209487,
    0.5415298241814335,
    0.5340060104043448,
    0.5314975767447896,
    0.5339750762055469,
    0.5286638119477423
  ],
  "train_acc": [
    0.7360910357152243,
    0.7890725605108933,
    0.8002943418044204,
    0.8057081285642953,
    0.8091508764552837,
    0.817876008514888,
    0.8212136343328691,
    0.8232372342382592,
    0.8281779716696013,
    0.830254132611495,
    0.8354051141888518,
    0.8379017634227747,
    0.8412656697590076,
    0.842527134635095,
    0.8492286667893091,
    0.8623952064334709,
    0.8658116738062075,
    0.8695435073979659,
    0.8734593046174871,
    0.8779532732385482,
    0.8766392473259572,
    0.8807127276549893,
    0.7041723031219331,
    0.7049945624784488,
    0.704782366515477,
    0.7055781013766214,
    0.695074401209517,
    0.7153921646640673,
    0.6974085568022068,
    0.7219171905254502,
    0.7230046948356808,
    0.7132702050343492,
    0.7139333174186361,
    0.7250736054746558,
    0.7246757380440837,
    0.7184424816317869,
    0.7239065276783109,
    0.7120766027426328,
    0.7162409485159544,
    0.7186546775947588,
    0.7085488448582266,
    0.7214397496087637,
    0.7208031617198483,
    0.7239861011644253,
    0.7295297206970638,
    0.7284156918914617,
    0.7435346542532029,
    0.7187873000716162,
    0.7496352881886422,
    0.7305376515211798,
    0.7492904697488131,
    0.7304846025304369,
    0.7380971327020504,
    0.7335879684888995,
    0.7483355879154399,
    0.7482029654385826,
    0.7326065621601549,
    0.7381767061881648,
    0.7309355189517519,
    0.7398212249011963,
    0.7498474841516141,
    0.7326861356462693,
    0.7458688098458927,
    0.7480172939709822,
    0.7581761756982573,
    0.747672475531153,
    0.7497944351608711,
    0.7570090979019124,
    0.7354181586695313,
    0.7585740431288295
  ],
  "val_loss": [
    0.7578028420034377,
    0.7315287778683759,
    0.8164947618168481,
    0.7245732613685819,
    0.763262052901086,
    0.7976834436153522,
    0.6802852464300309,
    0.7382526324794197,
    0.7737449494419582,
    0.7836842774928215,
    0.7112105783154841,
    0.7475552119741069,
    0.7058608149430178,
    0.737133136179417,
    0.8191652260476608,
    0.7507123823455454,
    0.772363595485479,
    0.8029724884210272,
    0.7454666844904814,
    0.8176648484249207,
    0.8040247354615772,
    0.866569092904912,
    0.6571321006833115,
    0.6364825238420765,
    0.6453909228004617,
    0.6110470956277616,
    0.6229668079939851,
    0.6356160904852606,
    0.6283449674950343,
    0.6170076229147787,
    0.6103584341616187,
    0.6329330958790483,
    0.6320943933402247,
    0.6113136191760038,
    0.599665312868953,
    0.61898420678198,
    0.618116868677093,
    0.6325563936571866,
    0.6062416261831218,
    0.6262044340647911,
    0.6069624033884206,
    0.635800189347244,
    0.6045424898929562,
    0.6104532185500285,
    0.6169615589794791,
    0.6201812943313131,
    0.6111488350953967,
    0.6136603727903909,
    0.6107581904565988,
    0.617866021202965,
    0.6313993986769887,
    0.6047847704143449,
    0.6168105046935101,
    0.6284118034388851,
    0.6121721489017574,
    0.6236407114262621,
    0.6011932526668718,
    0.6260694808873798,
    0.6225897869437526,
    0.6232215493536563,
    0.6286022331337405,
    0.6215433600900876,
    0.6279852137054941,
    0.6314069365236191,
    0.632735405897138,
    0.623397401299651,
    0.6364896585627136,
    0.6226174447598464,
    0.6243141860676106,
    0.6243127943293646
  ],
  "val_acc": [
    0.8252512013979904,
    0.8392311052861512,
    0.8414154652686763,
    0.8387942332896461,
    0.8125819134993447,
    0.8213193534294452,
    0.8693752730449978,
    0.8470948012232415,
    0.8235037134119703,
    0.8156400174748799,
    0.8654434250764526,
    0.8200087374399301,
    0.8497160332022717,
    0.7942332896461337,
    0.8226299694189603,
    0.8667540410659677,
    0.8265618173875054,
    0.8610747051114024,
    0.8488422892092616,
    0.837046745303626,
    0.8283093053735255,
    0.8060288335517694,
    0.8677831643895989,
    0.8629352137505509,
    0.8651388276773909,
    0.8884971353018951,
    0.8673424416042309,
    0.8536800352578229,
    0.8554429263992949,
    0.873071837814015,
    0.8594094314676068,
    0.8532393124724549,
    0.8466284706919348,
    0.869546055531071,
    0.876156897311591,
    0.8527985896870868,
    0.8576465403261349,
    0.8466284706919348,
    0.8616130453944469,
    0.8607315998237108,
    0.8686646099603349,
    0.8624944909651829,
    0.871308946672543,
    0.871308946672543,
    0.869546055531071,
    0.8673424416042309,
    0.879682679594535,
    0.871308946672543,
    0.873953283384751,
    0.8607315998237108,
    0.8642573821066549,
    0.8849713530189511,
    0.876597620096959,
    0.8770383428823271,
    0.884089907448215,
    0.8673424416042309,
    0.884089907448215,
    0.873071837814015,
    0.881886293521375,
    0.883649184662847,
    0.8651388276773909,
    0.8792419568091671,
    0.874834728955487,
    0.873071837814015,
    0.871308946672543,
    0.875275451740855,
    0.874394006170119,
    0.881445570736007,
    0.880564125165271,
    0.883649184662847
  ],