{
  "train_loss": [
    0.8735049544423981,
    0.7831424644020039,
    0.7582638052571276,
    0.7347315337785278,
    0.7211932278907347,
    0.712323794996866,
    0.6969623265980364,
    0.6839759760591442,
    0.6796819930779652,
    0.6663398779943527,
    0.6602906928556007,
    0.6531503992779308,
    0.6474982851380995,
    0.6366778475351234,
    0.5951649008425695,
    0.5864021420216015,
    0.5744966964103738,
    0.5691359462185576,
    0.5621809783236825,
    0.5593495935818288,
    0.5507070854171257,
    0.6980370680954556,
    0.6541277167432675,
    0.6446923260896652,
    0.6368015429761641,
    0.6234630281881927,
    0.626947476959327,
    0.6271411170284852,
    0.6345976821816751,
    0.6282794290120878,
    0.6110162874524685,
    0.6169274223675699,
    0.6206576959205161,
    0.6169093891971472,
    0.6065450804719797,
    0.6122701230990433,
    0.6115968804823949,
    0.6048956823565051,
    0.6025369323135084,
    0.6057402172843912,
    0.616076542217708,
    0.5951777738389797,
    0.6070659388396155,
    0.5836031404544229,
    0.5902570166863712,
    0.5844872452806265,
    0.5844633218740253,
    0.5827819809608029,
    0.5886198859735227,
    0.5760061260509652,
    0.5659081360530513,
    0.5563232236539536,
    0.5541811787735991,
    0.5523701204927988,
    0.5442482819937263,
    0.5480167816390256,
    0.5348507055948879,
    0.5361300409431448,
    0.5313799162295048,
    0.5349755971347804,
    0.5185447749898128,
    0.5294235943421566,
    0.5156693120143884,
    0.5169212192280203,
    0.5153045931761538,
    0.5118309828790123,
    0.5203446367077221,
    0.5222156544925923,
    0.5043449814369021,
    0.5107835299409603,
    0.520698786528137,
    0.5153368675899574,
    0.5129065391665736,
    0.5013898155600326,
    0.5074262535569815,
    0.5163139306945057
  ],
  "train_acc": [
    0.7473505272384393,
    0.8010040107306967,
    0.8088661053414433,
    0.8177906451698584,
    0.8238200217801269,
    0.8267948683895987,
    0.8334085898695849,
    0.838083348827326,
    0.8399426279582459,
    0.8428643523068342,
    0.8434752583069935,
    0.8465297883077904,
    0.8486015564822439,
    0.8526919705702675,
    0.8663975138781906,
    0.8729581130972934,
    0.8767829158808998,
    0.8768360381417833,
    0.8810061356211321,
    0.8824669977954261,
    0.8862918005790327,
    0.6991876457813883,
    0.7031287702083165,
    0.7238799967827556,
    0.7284913804659643,
    0.7215474945709001,
    0.7273921552856645,
    0.7119761923912169,
    0.7060242901954475,
    0.7178744738464838,
    0.726453792326872,
    0.7100190353628784,
    0.7243893938175286,
    0.7024853213222875,
    0.723558272339741,
    0.7174991286629668,
    0.7236655138207458,
    0.7184106812515081,
    0.7264269819566208,
    0.7226199093809486,
    0.7216815464221561,
    0.7291080189817422,
    0.7348990589560042,
    0.7200997345773346,
    0.7168288694066866,
    0.7330491434086704,
    0.7272581034344084,
    0.7314673315638489,
    0.7357838011742942,
    0.7350599211775115,
    0.7315745730448537,
    0.7374460441298695,
    0.7410654441137832,
    0.7257567227003405,
    0.7359446633958014,
    0.7564545966379795,
    0.7414675996675514,
    0.7350867315477627,
    0.7466688114962867,
    0.7506367462934663,
    0.7384916485696668,
    0.7322716426713853,
    0.7435051878066437,
    0.7491085551891472,
    0.7465883803855331,
    0.7587066677390815,
    0.7392959596772032,
    0.7595645995871203,
    0.757634252929033,
    0.7509584707364809,
    0.761789860317971,
    0.7382503552374058,
    0.7574733907075256,
    0.7524598514705488,
    0.7558379581222017,
    0.757634252929033
  ],
  "val_loss": [
    0.9497819363185048,
    0.8223495165127351,
    0.8708896598365403,
    0.7656885574071524,
    0.8068692275419863,
    0.7074634481514083,
    0.7705763189909058,
    0.8042048743576001,
    0.8967916571284049,
    0.8406885552305071,
    0.9384461628656732,
    0.8345097112934048,
    0.8998957010591107,
    0.7506211505700575,
    0.8869658893966877,
    0.7857451420554183,
    0.8222219788977548,
    0.8833366717249471,
    0.8887428900745011,
    0.864511388375754,
    0.9068911481182034,
    0.725938894973804,
    0.7667476875075967,
    0.7554632814145396,
    0.7130913946761593,
    0.7118788736316779,
    0.7555953548189908,
    0.749024928895189,
    0.7339622694279503,
    0.7507949057055133,
    0.7237390951281454,
    0.7550316985073008,
    0.7083642321594795,
    0.7379286492587159,
    0.7025425350973022,
    0.6881584641503674,
    0.7320499255166033,
    0.7227430494558146,
    0.6933984876702272,
    0.7020423811392723,
    0.724380906815181,
    0.7629408662411277,
    0.7570762464161083,
    0.726046175659982,
    0.7721011751199485,
    0.7717530453665574,
    0.7313454867432557,
    0.7543856626928108,
    0.71119166187974,
    0.7963078806072857,
    0.790045768917886,
    0.7304027984838117,
    0.7599526920032091,
    0.7821355982655619,
    0.7456552213609474,
    0.7484539423633543,
    0.7546726518946144,
    0.7530625420322745,
    0.7558701645918671,
    0.7635326246079457,
    0.7324639082978212,
    0.7964988483891466,
    0.7651600819800545,
    0.7451983130029343,
    0.7748971479133475,
    0.7935531750769063,
    0.7968847458710486,
    0.8147585571068039,
    0.7759546578697892,
    0.7884930592238135,
    0.776230202979796,
    0.8167871101219767,
    0.770208661392523,
    0.7712743800341315,
    0.7782738193421916,
    0.7978829052059435
  ],
  "val_acc": [
    0.6656050955414012,
    0.7330148619957537,
    0.7208067940552016,
    0.8089171974522293,
    0.7531847133757962,
    0.807855626326964,
    0.7696390658174098,
    0.7685774946921444,
    0.7165605095541401,
    0.7208067940552016,
    0.7314225053078556,
    0.7415074309978769,
    0.720276008492569,
    0.7770700636942676,
    0.7590233545647559,
    0.7983014861995754,
    0.7691082802547771,
    0.7574309978768577,
    0.7664543524416136,
    0.7855626326963907,
    0.7420382165605095,
    0.7945278969957081,
    0.7886266094420601,
    0.755901287553648,
    0.8036480686695279,
    0.7972103004291845,
    0.753755364806867,
    0.7677038626609443,
    0.7880901287553648,
    0.7795064377682404,
    0.7880901287553648,
    0.7408798283261803,
    0.802038626609442,
    0.7671673819742489,
    0.8181330472103004,
    0.8165236051502146,
    0.75,
    0.7832618025751072,
    0.7988197424892703,
    0.8133047210300429,
    0.7805793991416309,
    0.7934549356223176,
    0.7725321888412017,
    0.796137339055794,
    0.7795064377682404,
    0.7848712446351931,
    0.7945278969957081,
    0.7896995708154506,
    0.8170600858369099,
    0.7591201716738197,
    0.782725321888412,
    0.8090128755364807,
    0.7886266094420601,
    0.7778969957081545,
    0.7929184549356223,
    0.7977467811158798,
    0.7902360515021459,
    0.7966738197424893,
    0.8009656652360515,
    0.7977467811158798,
    0.8127682403433476,
    0.7816523605150214,
    0.799892703862661,
    0.8036480686695279,
    0.7907725321888412,
    0.7832618025751072,
    0.7816523605150214,
    0.7880901287553648,
    0.802038626609442,
    0.7891630901287554,
    0.7859442060085837,
    0.7736051502145923,
    0.796137339055794,
    0.7977467811158798,
    0.799892703862661,
    0.7891630901287554
  ],