{
  "train_loss": [
    0.8924239814584799,
    0.8009604758926123,
    0.772056259836041,
    0.7564858930109851,
    0.7391030832429111,
    0.7235961924090043,
    0.7144095787806736,
    0.6979035847332706,
    0.6903021447661271,
    0.6486803608347746,
    0.6391403631214799,
    0.6278714245894312,
    0.6190106761004185,
    0.6150843465214823,
    0.6047530749227144,
    0.5937993568107826,
    0.584407914339478,
    0.5793527673783722,
    0.571594203091148,
    0.568627109765746,
    0.5606540576775314,
    0.552213017499843,
    0.5484387774963096,
    0.5469790393174598,
    0.5465875994987311,
    0.5374568639075117,
    0.5084535690657619,
    0.4976040825042497,
    0.48977102690763774,
    0.4839465577000607,
    0.48106472487008906,
    0.47935658370999706,
    0.4708590051392273,
    0.6446964232099406,
    0.5884820594900712,
    0.5727974572787927,
    0.5803951356665296,
    0.5680669982473525,
    0.5600690200629503,
    0.5687096880685295,
    0.555899980494245,
    0.562277533947365,
    0.5542692984482013,
    0.5490626636342997,
    0.5547110154006047,
    0.5653447990437551,
    0.5486374971849358,
    0.5394077554474581,
    0.5431618141815708,
    0.536004823697639,
    0.552810853788484,
    0.543135304525661,
    0.5385728431605321,
    0.5406225225615792,
    0.5486506686010951,
    0.5356174988723686,
    0.5350542228021379,
    0.536417161981362,
    0.5352124080820577,
    0.543578858142267,
    0.5423209714529151,
    0.532531067524201,
    0.5058747649854888,
    0.510402940910425,
    0.5028181035427398,
    0.48955337924495074,
    0.4900940780076193,
    0.489753552467903,
    0.4827375010243887,
    0.4796276900552888,
    0.47871676803080854,
    0.48806454622371354,
    0.48255417870989803,
    0.47694120971778386,
    0.4754136596082926,
    0.4711931184668028,
    0.47373415993142387,
    0.46651805761070064
  ],
  "train_acc": [
    0.7348591830753244,
    0.7905997708560923,
    0.8038421571500892,
    0.8096506887639552,
    0.8155125096586822,
    0.8193759825211159,
    0.8227332072153686,
    0.829900615491194,
    0.8317124510404732,
    0.8481788388265701,
    0.8505502118248914,
    0.8536409901148384,
    0.8566518344834937,
    0.8583570914710505,
    0.8631531267485545,
    0.8649649622978338,
    0.8697609975753378,
    0.8716261224054781,
    0.8741040739655218,
    0.8780208361088168,
    0.8808185233540273,
    0.8832165409927794,
    0.8854813354293783,
    0.885694492552823,
    0.884815219418614,
    0.8913964456049666,
    0.9011750286429885,
    0.90631744424609,
    0.9098078921424956,
    0.9133516293197623,
    0.9133249846793318,
    0.9152966880711945,
    0.9192933841357811,
    0.7229229983055862,
    0.7273338533121756,
    0.7286248352653237,
    0.734945267744278,
    0.7502218875231973,
    0.7380651407977192,
    0.7392485409214383,
    0.7408622683628735,
    0.7482047282214034,
    0.7423953094322369,
    0.7520776740808477,
    0.7426642640058094,
    0.7421801457733789,
    0.7507866921276997,
    0.7319060810629084,
    0.7420725639439498,
    0.7594470293967349,
    0.7416691320835911,
    0.7337887630779162,
    0.7372044861622872,
    0.7373389634490735,
    0.746994432640327,
    0.7597428794276647,
    0.7588284338775181,
    0.7476937145316156,
    0.7356445496355666,
    0.7426642640058094,
    0.7549016971033592,
    0.7535031333207821,
    0.7560044108550066,
    0.7608724886366692,
    0.7507597966703424,
    0.7569188564051532,
    0.766386057394906,
    0.7641806298916113,
    0.7517280331352034,
    0.757967779242086,
    0.7477206099889728,
    0.7594201339393777,
    0.7702052123396358,
    0.776929076678949,
    0.7589360157069471,
    0.7853742502891262,
    0.7742126354858664,
    0.7619483069309594
  ],
  "val_loss": [
    0.6768087260122222,
    0.6757941236340903,
    0.6720434679248468,
    0.8108082857073807,
    0.7005666659130314,
    0.6984421407304159,
    0.7134331501111751,
    0.7452798565713371,
    0.6843749408314868,
    0.6999933564566015,
    0.7232522823946262,
    0.6894518451962045,
    0.7194008480727188,
    0.7481204532995457,
    0.7779839024311159,
    0.694086299194553,
    0.7434959745988613,
    0.7214951682381514,
    0.776978760230832,
    0.7591693328648079,
    0.7609723840302568,
    0.7535563348754635,
    0.7353479578727629,
    0.7705670360142622,
    0.7677745499261995,
    0.7466898608983048,
    0.7933340903704729,
    0.7963303962374121,
    0.7908676215788213,
    0.8140784858203516,
    0.8348716058866764,
    0.8202175422897183,
    0.7916659010135061,
    0.6582430270663032,
    0.6551911564700658,
    0.6523743241229831,
    0.6597926790464586,
    0.6494158115352693,
    0.6393088500112968,
    0.663745145043798,
    0.6473392666732506,
    0.624760362646663,
    0.6406985558645926,
    0.616325272365762,
    0.6415698694742191,
    0.656426958173697,
    0.6180587584722703,
    0.6320137712010613,
    0.6394058224846451,
    0.6719857546093527,
    0.6428005510531901,
    0.6719569709511508,
    0.6419301993793041,
    0.6603529076311867,
    0.6573604779811366,
    0.650820931737183,
    0.6744164752274813,
    0.6440318290457834,
    0.6351412029236984,
    0.6445353643115785,
    0.6626471547865035,
    0.6509176640784716,
    0.6292967785922409,
    0.6346641379949738,
    0.6387349156628399,
    0.6528772577735188,
    0.6404852175614673,
    0.658768586248343,
    0.6470544714580082,
    0.6537825182478041,
    0.6585289168896371,
    0.6803245363294221,
    0.6673156325944395,
    0.6713108469328596,
    0.666862016585818,
    0.6726385312158714,
    0.6842291759636857,
    0.6797118525975049
  ],
  "val_acc": [
    0.8541666666666666,
    0.8663617886178862,
    0.845020325203252,
    0.7952235772357723,
    0.8302845528455285,
    0.8323170731707317,
    0.8241869918699187,
    0.7698170731707317,
    0.8338414634146342,
    0.8516260162601627,
    0.8307926829268293,
    0.8399390243902439,
    0.8328252032520326,
    0.8165650406504065,
    0.8419715447154471,
    0.8602642276422764,
    0.8338414634146342,
    0.8561991869918699,
    0.8297764227642277,
    0.8597560975609756,
    0.8572154471544715,
    0.8622967479674797,
    0.8551829268292683,
    0.8475609756097561,
    0.8607723577235772,
    0.8485772357723578,
    0.8414634146341463,
    0.8373983739837398,
    0.8419715447154471,
    0.853150406504065,
    0.8526422764227642,
    0.8302845528455285,
    0.8541666666666666,
    0.8624229979466119,
    0.8675564681724846,
    0.858829568788501,
    0.8526694045174538,
    0.864476386036961,
    0.8716632443531828,
    0.8696098562628337,
    0.8578028747433265,
    0.8516427104722792,
    0.8608829568788501,
    0.8634496919917864,
    0.8639630390143738,
    0.8501026694045175,
    0.8701232032854209,
    0.8675564681724846,
    0.858829568788501,
    0.8408624229979466,
    0.8639630390143738,
    0.8516427104722792,
    0.8629363449691991,
    0.8459958932238193,
    0.8598562628336756,
    0.8634496919917864,
    0.8685831622176592,
    0.8598562628336756,
    0.8578028747433265,
    0.8624229979466119,
    0.856776180698152,
    0.8639630390143738,
    0.87217659137577,
    0.8680698151950719,
    0.8680698151950719,
    0.8788501026694046,
    0.8793634496919918,
    0.8685831622176592,
    0.8680698151950719,
    0.8670431211498973,
    0.8726899383983573,
    0.86652977412731,
    0.8680698151950719,
    0.8690965092402464,
    0.8670431211498973,
    0.8690965092402464,
    0.8675564681724846,
    0.8752566735112937
  ],