{
  "train_loss": [
    0.8972720863182507,
    0.8045127683909151,
    0.7809191352784322,
    0.7627437718750919,
    0.7470833219658017,
    0.7400353386389648,
    0.7266264276479552,
    0.7101584416783917,
    0.7037879438300407,
    0.6932370224298607,
    0.6790395805224074,
    0.6754164907819937,
    0.6658941836444495,
    0.6530727181259874,
    0.6154861584508606,
    0.5999384020698008,
    0.595861671957046,
    0.5844228577114524,
    0.5791983614417271,
    0.5738025952633763,
    0.5668285352334926,
    0.7199680390950081,
    0.6648014614698594,
    0.6648725693669942,
    0.6615293386905322,
    0.6472673384264565,
    0.6552324485684323,
    0.6503627225429882,
    0.6449146474714795,
    0.6591163051648058,
    0.6403642243438227,
    0.6255246567253707,
    0.639954427753131,
    0.6401611175940248,
    0.6361202212022506,
    0.622511770759895,
    0.631732291180045,
    0.6242581836928465,
    0.6233048981089573,
    0.6255730558244839,
    0.611608466557184,
    0.6141421861818633,
    0.6160837016111951,
    0.6041310462469783,
    0.6041224084221702,
    0.6054177740606008,
    0.6010459508448642,
    0.6131437524716165,
    0.6014828442676852,
    0.5975133382376465,
    0.5872073214970618,
    0.5739262690128392,
    0.5733943252046956,
    0.5730200957559058,
    0.5641946707817491,
    0.5650436852756233,
    0.5532059640928493,
    0.5479292944211469,
    0.552984185788874,
    0.551436517827577,
    0.5421370783444283,
    0.5541096072404829,
    0.5410583213676392,
    0.5327208942025309,
    0.5288627714887163,
    0.5437113596410386
  ],
  "train_acc": [
    0.7412041884816754,
    0.7923298429319372,
    0.8022774869109948,
    0.8082984293193717,
    0.8120157068062828,
    0.8150785340314136,
    0.8203664921465968,
    0.8276439790575916,
    0.8266492146596859,
    0.8319895287958116,
    0.8358115183246073,
    0.8385340314136126,
    0.8388743455497382,
    0.8454712041884817,
    0.8596335078534031,
    0.8662303664921466,
    0.8669109947643979,
    0.8710994764397906,
    0.8722251308900524,
    0.8745549738219895,
    0.8813612565445026,
    0.6874240422721268,
    0.7091941875825627,
    0.7111756935270805,
    0.7031704095112286,
    0.7119682959048877,
    0.701664464993395,
    0.709009247027741,
    0.7089035667107001,
    0.7017965653896961,
    0.7138177014531044,
    0.7220079260237781,
    0.7024834874504623,
    0.6971466314398943,
    0.7106472919418758,
    0.7117040951122854,
    0.7120211360634082,
    0.7276354029062088,
    0.7036195508586526,
    0.7086129458388375,
    0.7180449141347424,
    0.7078731836195509,
    0.7054953764861295,
    0.7187054161162484,
    0.7292470277410832,
    0.70554821664465,
    0.7126816380449141,
    0.7164068692206077,
    0.7260237780713342,
    0.7353764861294584,
    0.7086393659180977,
    0.7329722589167768,
    0.7348745046235139,
    0.7103830911492734,
    0.7152972258916777,
    0.7344253632760899,
    0.7414531043593131,
    0.737225891677675,
    0.7333949801849405,
    0.7273976221928666,
    0.7375957727873184,
    0.7364597093791282,
    0.7351915455746367,
    0.7477939233817702,
    0.7369088507265522,
    0.7359048877146631
  ],
  "val_loss": [
    0.6460093460172057,
    0.6223432436260767,
    0.661445741271273,
    0.6700522721131784,
    0.6445868641681383,
    0.5995013880406342,
    0.6522972870397801,
    0.5962860181550017,
    0.6979501679400542,
    0.6992828453604832,
    0.6147783036600912,
    0.6516736581649925,
    0.6119170156702989,
    0.638487017197098,
    0.6444956403326701,
    0.6872043133895097,
    0.6370064464872707,
    0.6349717673326716,
    0.6763318709104842,
    0.6483250793588061,
    0.6856433445875143,
    0.5427986732000939,
    0.535984421977017,
    0.5427864581386622,
    0.5386320981224217,
    0.534412340713542,
    0.5398288090809839,
    0.5263932581411022,
    0.543343536679442,
    0.5265011041754829,
    0.5409235411986688,
    0.5307420526266419,
    0.5283585323004939,
    0.5355499905152619,
    0.5159332375854802,
    0.5204333235673062,
    0.5273120065556882,
    0.5287030696494529,
    0.5483836010733545,
    0.5380474935336303,
    0.530671294038207,
    0.5322728118537091,
    0.5396629073604868,
    0.5276785332186439,
    0.5423501814732695,
    0.5471808564213693,
    0.5418237396664233,
    0.563082671248362,
    0.5401870330896759,
    0.5436182436840371,
    0.5154844057993163,
    0.512191534724242,
    0.5188610708702835,
    0.5168061889891883,
    0.5148242359848074,
    0.5170065184086629,
    0.5364292264786896,
    0.5258848950193301,
    0.5469044267917332,
    0.5476463191736006,
    0.550605676416433,
    0.5558278823765258,
    0.5772253388431159,
    0.5553688406810572,
    0.5534646556536784,
    0.5546281118599381
  ],
  "val_acc": [
    0.863939528679413,
    0.884393063583815,
    0.866162738995109,
    0.8430413517118719,
    0.8430413517118719,
    0.8928412627834593,
    0.8861716318363717,
    0.8928412627834593,
    0.7999110715873722,
    0.8230324588706092,
    0.8577145397954646,
    0.8826144953312584,
    0.8803912850155625,
    0.8897287683414851,
    0.8697198755002223,
    0.8795020008892841,
    0.8866162738995109,
    0.88172521120498,
    0.8777234326367275,
    0.884393063583815,
    0.8666073810582481,
    0.901749663526245,
    0.91161956034096,
    0.9102736653207717,
    0.91161956034096,
    0.9098250336473755,
    0.9120681920143562,
    0.9075818752803948,
    0.9044414535666218,
    0.9138627187079408,
    0.91161956034096,
    0.9062359802602064,
    0.9134140870345446,
    0.9125168236877523,
    0.91161956034096,
    0.9098250336473755,
    0.9147599820547331,
    0.91161956034096,
    0.91161956034096,
    0.9075818752803948,
    0.9134140870345446,
    0.9111709286675639,
    0.9066846119336025,
    0.9120681920143562,
    0.9044414535666218,
    0.9107222969941677,
    0.9071332436069987,
    0.9066846119336025,
    0.9102736653207717,
    0.9044414535666218,
    0.9210408254822791,
    0.9192462987886945,
    0.9187976671152983,
    0.9161058770749215,
    0.9156572454015254,
    0.9210408254822791,
    0.9170031404217138,
    0.9196949304620906,
    0.91161956034096,
    0.9147599820547331,
    0.9107222969941677,
    0.9102736653207717,
    0.9062359802602064,
    0.9134140870345446,
    0.9147599820547331,
    0.9134140870345446
  ],
  "val_f1": [
    0.8116597047518347,
    0.8316996744451522,
    0.7953497435517867,
    0.7785784222919439,
    0.795418307386227,
    0.8480070340367325,
    0.8066991584614689,
    0.8425971371289098,
    0.7320443641157305,
    0.7501794089975776,
    0.8070146467407149,
    0.8178712764131921,
    0.8320473232441341,
    0.8326188331266706,
    0.8156455384247998,
    0.7959129818232592,
    0.8343567269197365,
    0.8254044639680291,
    0.822420866289655,
    0.8227349891389281,
    0.8102684088320263,
    0.8646634716905863,
    0.8774862439139663,
    0.8663708426376164,
    0.870144503778427,
    0.8706150170719054,
    0.8743673542191497,
    0.8719169652960547,
    0.8628966763269453,
    0.8748897633455716,
    0.8689174527796052,
    0.8709008087321571,
    0.8796014075489573,
    0.8749767122240465,
    0.8822872630139514,
    0.8791173722341734,
    0.8794272712875164,
    0.8774192932152165,
    0.8713257192932531,
    0.8723180819166357,
    0.8744279981801746,
    0.8732518885778436,
    0.8652540853078617,
    0.877597353079409,
    0.8671392462223693,
    0.8667004351548317,
    0.8685108369096011,
    0.8616216225269374,
    0.8724885304795826,
    0.8649681668936455,
    0.8890116513975643,
    0.8866905037246031,
    0.8822247512715442,
    0.8821246209321808,
    0.8795627223210406,
    0.8877401317594293,
    0.8807856646120564,
    0.8827476146546644,
    0.8662122626773708,
    0.8782879293356549,
    0.870367402363055,
    0.8725422825389535,
    0.8586076865390293,
    0.8722898935224956,
    0.8747908757113038,
    0.8748278225976364
  ],