{
  "train_loss": [
    0.8991944190292697,
    0.8071995713808463,
    0.7785594053188364,
    0.7552289519669038,
    0.7387792472600164,
    0.7251801583457687,
    0.7235537627734162,
    0.705687111391576,
    0.6936985219827944,
    0.6868913469370825,
    0.6791977418571864,
    0.6676582818526924,
    0.6575892008011612,
    0.6535411041717524,
    0.6135448209948909,
    0.5940714669953536,
    0.5881231607251355,
    0.5803605276720893,
    0.5706262716933324,
    0.563098131790001,
    0.5588085250232696,
    0.7184082589111622,
    0.6686273395209527,
    0.6553308207112508,
    0.6510199231667673,
    0.6331998928757958,
    0.6446570365681102,
    0.6440675178839653,
    0.6368188321513696,
    0.633299735860491,
    0.6303941511054122,
    0.6270521712377332,
    0.6288209722114207,
    0.6328677421372174,
    0.6288889115958018,
    0.6224008637343167,
    0.6290934866870123,
    0.6280160223343065,
    0.6147774468417639,
    0.599240506726052,
    0.5972845564582169,
    0.5860293348110226,
    0.5800211195064906,
    0.5733828612073146,
    0.5735585722537594,
    0.5687940109763322,
    0.5679672830888985,
    0.5602354516455658,
    0.5614761231641763,
    0.550976078312327,
    0.5571472477155857,
    0.548200647274943,
    0.5533792572237857,
    0.5493396863971138,
    0.5545472116256522
  ],
  "train_acc": [
    0.7323184016153887,
    0.7838886231999574,
    0.7971730697699134,
    0.8080131781709974,
    0.8152664859981933,
    0.8192518199691801,
    0.8183484776024231,
    0.8251235453531006,
    0.8285509325681492,
    0.8308092884850418,
    0.837052978372921,
    0.8384345608161964,
    0.842791859291142,
    0.8423136192146236,
    0.8570593549072746,
    0.8656942451777458,
    0.8656145384983261,
    0.8706360593017695,
    0.8745416865933365,
    0.8761889579680111,
    0.8803602741909772,
    0.6878084102124008,
    0.7105503110920404,
    0.7082171207895301,
    0.7090484874490453,
    0.720687620682257,
    0.7123471358077665,
    0.7178717013516412,
    0.713634413216048,
    0.7113548594722162,
    0.7012980047200171,
    0.7036043767431882,
    0.7104698562540227,
    0.708190302510191,
    0.7077343917614246,
    0.7069298433812486,
    0.716477150826003,
    0.7034702853464921,
    0.7017539154687835,
    0.7143585067582064,
    0.717013516412787,
    0.7236376314095687,
    0.7296717442608882,
    0.7366444968890796,
    0.7217871701351641,
    0.7305299291997426,
    0.7270971894443252,
    0.7211703497103625,
    0.737234499034542,
    0.7412572409354216,
    0.7344990345419438,
    0.7363226775370092,
    0.7308249302724737,
    0.7260512765500965,
    0.7258903668740614
  ],
  "val_loss": [
    0.6058992997371896,
    0.6269864821223187,
    0.6285714735067672,
    0.559566189501333,
    0.6051947197979131,
    0.5522358980834177,
    0.5622552842582599,
    0.5764656256865119,
    0.5605995019481915,
    0.5509787308835948,
    0.5840736843903626,
    0.5782543958419373,
    0.5567423410510525,
    0.5448151778103063,
    0.5829314994038952,
    0.5638924727083219,
    0.5637108732561197,
    0.5664422985992629,
    0.6004739282934123,
    0.5784881357199669,
    0.5793382575517203,
    0.4772109716754537,
    0.4710995556030259,
    0.47774176886989705,
    0.48635317065491,
    0.4778121624642509,
    0.4716553352192409,
    0.46257826075256536,
    0.473716334647927,
    0.4620969385107801,
    0.46802384723268264,
    0.47189125878862215,
    0.46796070164278336,
    0.47435599755780644,
    0.4703309920512046,
    0.46779265495344896,
    0.4743595839697251,
    0.47407681431341986,
    0.47423884761537016,
    0.4730661094808189,
    0.4752672845864172,
    0.4726616711243047,
    0.478512418296661,
    0.47852969251479055,
    0.47922669376544624,
    0.47579398452571875,
    0.49076833878522813,
    0.4768420918481653,
    0.47588373277040436,
    0.47522040531205173,
    0.4740474747567152,
    0.4825299390174764,
    0.4799026265884207,
    0.48389976064010115,
    0.4808492858319612
  ],
  "val_acc": [
    0.8824613117170228,
    0.8865143699336773,
    0.8691967575534266,
    0.8949889462048637,
    0.8743551952837141,
    0.9089904200442152,
    0.8986735445836403,
    0.9060427413411938,
    0.9093588798820929,
    0.9097273397199706,
    0.8909358879882093,
    0.8975681650700074,
    0.887988209285188,
    0.9097273397199706,
    0.9056742815033162,
    0.8968312453942521,
    0.8979366249078851,
    0.8960943257184967,
    0.8865143699336773,
    0.9056742815033162,
    0.9012527634487841,
    0.9313288789903489,
    0.9239049740163325,
    0.9294729027468448,
    0.9213066072754269,
    0.9253897550111359,
    0.920935412026726,
    0.9302152932442465,
    0.9268745360059392,
    0.9313288789903489,
    0.9287305122494433,
    0.9253897550111359,
    0.9276169265033407,
    0.9205642167780252,
    0.9294729027468448,
    0.9246473645137342,
    0.9283593170007424,
    0.9279881217520416,
    0.9287305122494433,
    0.9328136599851522,
    0.9305864884929473,
    0.9302152932442465,
    0.9302152932442465,
    0.9346696362286563,
    0.9313288789903489,
    0.9354120267260579,
    0.9253897550111359,
    0.9261321455085375,
    0.9328136599851522,
    0.9298440979955457,
    0.9335560504825539,
    0.9339272457312546,
    0.9302152932442465,
    0.9313288789903489,
    0.9317000742390498
  ],
  "val_f1": [
    0.7875363563537444,
    0.7797095697277759,
    0.7773143740208839,
    0.8224650249449882,
    0.7888232090432681,
    0.8268347540652146,
    0.8175746704105137,
    0.8210947694674331,
    0.8161915779528748,
    0.8224430104572141,
    0.8072613507088897,
    0.8187011724265394,
    0.8107946366731349,
    0.8235656534040752,
    0.8183392608573721,
    0.8159819817840761,
    0.8097615541722764,
    0.807098365809213,
    0.7907867774912647,
    0.806987646747546,
    0.7991824925013971,
    0.8835795354277527,
    0.8646543514789287,
    0.8796119149068472,
    0.8635022320417087,
    0.8632497564892292,
    0.8622700098344435,
    0.8726243295330549,
    0.8676058800808135,
    0.8736247891297768,
    0.8751141832655703,
    0.8664918531739548,
    0.8691548874634357,
    0.8594316948285954,
    0.8715535941301031,
    0.8671054079764515,
    0.8709410975056467,
    0.8692911307406901,
    0.8719236360873568,
    0.878577809683655,
    0.8693626972952787,
    0.8717785292441247,
    0.8692911619670767,
    0.8775671819911676,
    0.8735945882702174,
    0.8777104022854626,
    0.8609358069562916,
    0.8628801628903944,
    0.8712644408871247,
    0.8715856349252089,
    0.8740488264363169,
    0.8713981473650725,
    0.8678969933594143,
    0.8718578763239586,
    0.8755665191663912
  ],