{
  "train_loss": [
    0.8816766958786805,
    0.7918432917026412,
    0.7624289418551431,
    0.7474215553418213,
    0.7353985946551512,
    0.7208896639988003,
    0.7123701255060982,
    0.7011868907800157,
    0.6929000159169888,
    0.6807463902609909,
    0.6752537723927082,
    0.666158612561098,
    0.6581351822552242,
    0.6494633109689685,
    0.6427742987226703,
    0.6336730991121218,
    0.6285424833654034,
    0.6267351732290801,
    0.6127719788987146,
    0.6124748712774675,
    0.6005861237524797,
    0.5945037616950923,
    0.5911393570468869,
    0.5567718099562611,
    0.5387319031312575,
    0.5310450225989297,
    0.5253374848067744,
    0.5222549904666818,
    0.5163157536875281,
    0.5139768591773658,
    0.691190569301488,
    0.621682333855956,
    0.6142838034852492,
    0.6068907561651237,
    0.6064505986070051,
    0.604715200948976,
    0.595168838041592,
    0.5910180269493293,
    0.5935484554820769,
    0.5943278308219653,
    0.5973152061646156,
    0.5930413258241213,
    0.5903574750360241,
    0.5979119072102879,
    0.5876895222635795,
    0.5919695403027243,
    0.5868445008454024,
    0.5706900619989089,
    0.5692585364303822,
    0.569530485982297,
    0.5751951122840613,
    0.5810404508917283,
    0.569620548525326,
    0.5636938918675001,
    0.5713256518029344,
    0.5643919522289875,
    0.5617360061188932,
    0.5669432104160468,
    0.5577922420788574,
    0.5598150468644948,
    0.5578828174926476,
    0.5581522890134273,
    0.5554594504742949,
    0.5503136238783009,
    0.5533992339695106,
    0.5514613197889958,
    0.5454039956824239,
    0.553864150123532,
    0.5374722733284979,
    0.5451782959371141,
    0.5419037221959523,
    0.5371443375249244,
    0.5464869262693708,
    0.5299013960898098,
    0.5324716683716949,
    0.5397600929025947,
    0.5259409674612173,
    0.5364588540443914,
    0.5394602089706568,
    0.5256922653256016,
    0.5090097562199538,
    0.5030030827713855,
    0.4947570408524011,
    0.4956793935297917,
    0.4880042798287436,
    0.49828297159327745,
    0.49446731542507844,
    0.4771831249007168,
    0.4859783169247295,
    0.47585590070267914,
    0.48156601952864536,
    0.47308950146858464,
    0.4787179082443998,
    0.4714211134986813,
    0.48311406406575913,
    0.4729933782089243,
    0.4688927789019295
  ],
  "train_acc": [
    0.7420405398363816,
    0.794565160752436,
    0.806784430201657,
    0.8123860142775259,
    0.8177010056797457,
    0.8233546975144599,
    0.825699546662498,
    0.8280704496899588,
    0.8314053462560576,
    0.8356521286019488,
    0.8407326350893648,
    0.8445104476056485,
    0.8434943463081653,
    0.8474545359804074,
    0.8513365640143817,
    0.8544890834245219,
    0.8542806523891407,
    0.8559741545516127,
    0.859778020947319,
    0.8628263248397686,
    0.8671252149445052,
    0.8683236933979469,
    0.8683497472773696,
    0.8821061956125267,
    0.8889844197801052,
    0.8922672085873586,
    0.8963316137772914,
    0.894455734458861,
    0.8986243551664843,
    0.8983377624928351,
    0.6974389987379049,
    0.7236537652503156,
    0.7158182583087926,
    0.7187894404711822,
    0.723601177955406,
    0.7213662179217502,
    0.7318836769036601,
    0.738194152292806,
    0.7111905763567522,
    0.7403765250315524,
    0.7331983592763989,
    0.7263620109381573,
    0.7222076146403029,
    0.7222602019352125,
    0.7250210349179638,
    0.7299905342869163,
    0.7375368111064367,
    0.722312789230122,
    0.729780185107278,
    0.7261516617585192,
    0.7325410180900295,
    0.7302797644089188,
    0.7233908287757678,
    0.7401398822044594,
    0.739009255363904,
    0.7364587715607909,
    0.7182109802271771,
    0.7306478754732857,
    0.745214556163231,
    0.7412179217501051,
    0.7461611274716029,
    0.7337505258729491,
    0.7321992006731174,
    0.7408761043331931,
    0.7386148506520824,
    0.727571518721077,
    0.73072675641565,
    0.7410601598653765,
    0.7379049221708035,
    0.741822675641565,
    0.7419278502313841,
    0.748948254101809,
    0.750946571308372,
    0.7511043331931005,
    0.7415071518721077,
    0.7323832562053008,
    0.7657498948254102,
    0.7449516196886832,
    0.7410601598653765,
    0.7507888094236432,
    0.7411916281026504,
    0.7565208245687842,
    0.7536811106436685,
    0.7516564997896508,
    0.7546013883045856,
    0.7644352124526714,
    0.7541806899453092,
    0.7676956247370635,
    0.7401135885570046,
    0.764829617164493,
    0.7594131257888094,
    0.7587031973075306,
    0.7625157761884729,
    0.7716133782078249,
    0.7641985696255784,
    0.7503418174169121,
    0.7800010517458982
  ],
  "val_loss": [
    1.9145494076557932,
    2.1618952164760215,
    2.224821581041193,
    2.3360451549119343,
    1.7698683587801938,
    1.9547096377163264,
    2.1818648091285904,
    1.9376365833888853,
    1.8900299413700323,
    2.286218905931263,
    2.2293993141265274,
    1.9624554486977572,
    2.051484686894224,
    2.033509995827096,
    2.236734657273816,
    2.0572955943945517,
    1.983707725726111,
    2.289910221375482,
    2.114746061363661,
    2.1084692993949603,
    2.080737701523511,
    2.20264876340166,
    2.5287237029199656,
    2.3743929998034,
    2.335453694335298,
    2.2885575935330693,
    2.2406506930472534,
    2.299333208041384,
    2.250740318939176,
    2.130306258918233,
    1.7977847730207164,
    1.8976923462243107,
    1.8110321870324206,
    1.9172885171154088,
    1.834587627300742,
    1.7452711980245266,
    1.7872273761626574,
    1.8297311779351262,
    1.7721564087602828,
    1.761269716142911,
    1.7309083694951577,
    1.6807979161279243,
    1.7004361776580588,
    1.7585167127394536,
    1.7656768187793375,
    1.718814077781655,
    1.7185779092604654,
    1.7459358909325293,
    1.798097684857441,
    1.7609386019539415,
    1.7434446562800492,
    1.777368344061556,
    1.7351707113765136,
    1.7196342103662547,
    1.6843103561485022,
    1.7102832434470194,
    1.7562177881162766,
    1.6675484091217754,
    1.684393632028535,
    1.7331038197578743,
    1.7188530919147513,
    1.7794565947432266,
    1.7394179032211414,
    1.6676229261864,
    1.7078811439157229,
    1.7527791914186979,
    1.6965532447162428,
    1.6963365363795855,
    1.7272490905390845,
    1.6926045497258504,
    1.6954552465712118,
    1.7072675129823518,
    1.70171214105093,
    1.7461938540837918,
    1.7303638064721871,
    1.6956142773753717,
    1.6993585149447124,
    1.7004234059512267,
    1.7241479493372622,
    1.6721346264345605,
    1.7286756723944905,
    1.6922755959786866,
    1.7175526450251974,
    1.646471821494967,
    1.7034543454298499,
    1.685508658662874,
    1.7102638589359864,
    1.6620465013018826,
    1.680465884410847,
    1.6950611551602681,
    1.682797876854389,
    1.676153990608907,
    1.6716221497421375,
    1.731791880779099,
    1.6807290660707574,
    1.6627726746930016,
    1.6772067162725661
  ],