{
  "train_loss": [
    0.8759766148481809,
    0.7883552118159963,
    0.7567697353009087,
    0.7487130824192189,
    0.7272713875514422,
    0.7191863043634327,
    0.7031749346199425,
    0.6955393135171598,
    0.6797582028493223,
    0.6738307382678878,
    0.6610050902029807,
    0.65675072120493,
    0.6488990612192151,
    0.6368941654641792,
    0.6259838547081151,
    0.6161019959337869,
    0.6106899385105118,
    0.6031141216288625,
    0.5926290314738093,
    0.5576762512392717,
    0.5473159797257765,
    0.5384929672222255,
    0.53323614079204,
    0.5266094438241363,
    0.5197355678214117,
    0.519112814269826,
    0.688387754034425,
    0.6280812709627146,
    0.6221700389752763,
    0.6105878559852509,
    0.6179937096429513,
    0.6155428074549814,
    0.6080888671446605,
    0.6012918358797764,
    0.60069573855853,
    0.6014983816988904,
    0.5974669446064262,
    0.5971431174657615,
    0.6018301272006057,
    0.5882345887170346,
    0.5943485820566256,
    0.5939659210423138,
    0.5875531343985235,
    0.5747510164954681,
    0.5537764775782559,
    0.5591945029358255,
    0.5510480135446594,
    0.5388272197174835,
    0.5383882256757694,
    0.5322958589881723,
    0.5197686962228508,
    0.5259314051264053,
    0.5282711904920065,
    0.5225491280420168,
    0.5222089340809524,
    0.5142531563086377,
    0.5175422761895287,
    0.5228560052243773,
    0.5071754598872914,
    0.5157850517894846
  ],
  "train_acc": [
    0.7419422960166829,
    0.7946044399862735,
    0.8095979727054352,
    0.8110762083256342,
    0.8214766517963202,
    0.8247498878124753,
    0.8270728295013594,
    0.8333289338225589,
    0.8370245228730565,
    0.8383707731700235,
    0.8407465089882005,
    0.8455771718184938,
    0.8482432753477813,
    0.8517804820104005,
    0.8543937914103952,
    0.860676292796241,
    0.8608874693134123,
    0.8632632051315894,
    0.8683050444790539,
    0.8782303407861046,
    0.8856479159517462,
    0.8884987989335585,
    0.8901882110709289,
    0.8940157854446585,
    0.8971306390729351,
    0.896417918327482,
    0.7153704739828951,
    0.7163296299256654,
    0.735113100471585,
    0.7236032291583406,
    0.7273599232675246,
    0.7090826739136227,
    0.7220845655822876,
    0.7255215410438813,
    0.7293048783736978,
    0.7237630884821358,
    0.725974475794634,
    0.7354861055604401,
    0.7167825646764181,
    0.7293848080355954,
    0.724615671542376,
    0.7231769376282206,
    0.7310100444941785,
    0.7346068792795674,
    0.7201928969173794,
    0.737564276769776,
    0.7374577038872459,
    0.7466496150054619,
    0.7420403378360376,
    0.7513388218367836,
    0.7574401193616285,
    0.7460634641515467,
    0.7414009005408574,
    0.7477952734926598,
    0.7517917565875363,
    0.758985426158314,
    0.7564809634188581,
    0.7434524285295606,
    0.7362587589587829,
    0.7609836677057523
  ],
  "val_loss": [
    0.9149536614339161,
    0.8498323430799724,
    0.8159457010033411,
    0.8197324973800431,
    0.8657641144911519,
    0.8252994659813483,
    0.8059202271430792,
    0.8475911968192407,
    0.7825336568740313,
    0.8101217509861445,
    0.8218161236190028,
    0.9006081881616922,
    0.8184568801254474,
    0.824640431172836,
    0.8115087354028656,
    0.8393994736575526,
    0.8335891895705587,
    0.9383001733582949,
    0.8834543901732526,
    0.8596909523649732,
    0.8471349767664473,
    0.8208564601815275,
    0.8513913914248195,
    0.857808408270364,
    0.8641560121231651,
    0.8967421144100508,
    0.7037734878751465,
    0.7001294501875239,
    0.7191595652778782,
    0.703244143716376,
    0.7010374595089759,
    0.7070369307770081,
    0.7069198309864394,
    0.7062558828036851,
    0.7094100763064329,
    0.7014330556573338,
    0.6899593790936803,
    0.712808928405803,
    0.6982730328095729,
    0.7084796653306855,
    0.7092487452855022,
    0.7042635459054629,
    0.7237250965675041,
    0.7195969513799352,
    0.7269889387828464,
    0.7376151089335972,
    0.7325357183659459,
    0.7375331451804669,
    0.7311105147293144,
    0.7406868554070343,
    0.7437229482074766,
    0.7416505441909768,
    0.7491372001832489,
    0.7425355629497248,
    0.7437983817838042,
    0.7439691502874802,
    0.7430653329174101,
    0.7447093812178318,
    0.7531620095617125,
    0.7531577230279489
  ],
  "val_acc": [
    0.8001788109074653,
    0.8265534197586053,
    0.827447474295932,
    0.8109074653553867,
    0.7849798837729102,
    0.8167188198480108,
    0.8247653106839518,
    0.8082253017434063,
    0.8220831470719714,
    0.8082253017434063,
    0.8283415288332588,
    0.8171658471166742,
    0.8180599016540009,
    0.8104604380867233,
    0.8171658471166742,
    0.8050961108627627,
    0.8238712561466249,
    0.7380420205632544,
    0.8068842199374162,
    0.8082253017434063,
    0.8185069289226643,
    0.8301296379079124,
    0.8126955744300403,
    0.8153777380420205,
    0.8167188198480108,
    0.7970496200268217,
    0.8488949030221019,
    0.8425800631483987,
    0.8493459630130807,
    0.8385205232295896,
    0.8475417230491655,
    0.8344609833107803,
    0.8448353631032928,
    0.8421290031574199,
    0.8570139828597203,
    0.8479927830401444,
    0.8416779431664412,
    0.8425800631483987,
    0.8416779431664412,
    0.8362652232746955,
    0.8403247631935047,
    0.8389715832205683,
    0.8484438430311232,
    0.8479927830401444,
    0.8502480829950383,
    0.8425800631483987,
    0.8443843031123139,
    0.8443843031123139,
    0.8479927830401444,
    0.8493459630130807,
    0.8443843031123139,
    0.8457374830852503,
    0.8484438430311232,
    0.8457374830852503,
    0.8452864230942715,
    0.8506991429860171,
    0.8488949030221019,
    0.846639603067208,
    0.8497970230040596,
    0.8506991429860171
  ],
  "val_f1": [
    0.7013151962865948,
    0.74288957805786,
    0.7487597656537893,
    0.7475920404690644,
    0.7187542395779227,
    0.7247686428930724,
    0.7361327045241655,
    0.7477118537537131,
    0.7498617126316776,
    0.7557768176800741,
    0.7648582553881418,
    0.7361671913106467,
    0.7507210034518861,
    0.7498301727110059,
    0.7431234318106508,
    0.7266552555013438,
    0.7479336674457386,
    0.6913618068170563,
    0.7256749587468518,
    0.7360419012073838,
    0.7450449068649367,
    0.7550093958044963,
    0.7408367671881059,
    0.7371352300205196,
    0.7416771321843694,
    0.7332928619787433,
    0.8104864969224259,
    0.797732120385874,
    0.8008463878300216,
    0.7941778541472468,
    0.7999977258710398,
    0.791600903599636,
    0.800829491309317,
    0.7965558795238409,
    0.805153322568696,
    0.8011711315715585,
    0.7989703335874336,
    0.7941879161484378,
    0.7918238331276155,
    0.7944181660721759,
    0.7949462245850818,
    0.796403095967008,
    0.8012244026847342,
    0.8037352280924152,
    0.8066130524347818,
    0.7956053386176045,
    0.7998553871966841,
    0.7975959092438151,
    0.7981529553555974,
    0.7986615113834024,
    0.7944419199830487,
    0.7981706137770951,
    0.7971102716459392,
    0.7959712541530475,
    0.7959413258223605,
    0.7974480544657595,
    0.7981530120708566,
    0.7954423212120736,
    0.7995872697322886,
    0.7991657905612043
  ],