{
  "fold": 5,
  "model": "cnn_bilstm",
  "seq_length": 11,
  "val_accuracy": 0.9086460032626428,
  "val_f1_macro": 0.8859202088400359,
  "val_f1_weighted": 0.911254130501143,
  "val_kappa": 0.874670045016265,
  "test_accuracy": 0.8861959957850368,
  "test_f1_macro": 0.8567040152212373,
  "test_f1_weighted": 0.894757073977409,
  "test_kappa": 0.8450077445467767,
  "total_params": 850757
}