{
  "fold": 7,
  "model": "cnn_bilstm",
  "seq_length": 11,
  "val_accuracy": 0.8081180811808119,
  "val_f1_macro": 0.7193821433444372,
  "val_f1_weighted": 0.8046863989756727,
  "val_kappa": 0.748254379508153,
  "test_accuracy": 0.9098250336473755,
  "test_f1_macro": 0.8638737608651486,
  "test_f1_weighted": 0.9071576800515245,
  "test_kappa": 0.8805677993775533,
  "total_params": 850757
}