{
  "fold": 15,
  "model": "cnn_bilstm",
  "seq_length": 11,
  "val_accuracy": 0.8269863657733898,
  "val_f1_macro": 0.7760389260472388,
  "val_f1_weighted": 0.848279608245907,
  "val_kappa": 0.7667889625073965,
  "test_accuracy": 0.9172234595397178,
  "test_f1_macro": 0.839572597251502,
  "test_f1_weighted": 0.9179801492294191,
  "test_kappa": 0.8878402810293956,
  "total_params": 850757
}