{
  "fold": 8,
  "model": "cnn_bilstm",
  "seq_length": 11,
  "val_accuracy": 0.8502480829950383,
  "val_f1_macro": 0.8066130524347818,
  "val_f1_weighted": 0.8533749649269685,
  "val_kappa": 0.7853632931934196,
  "test_accuracy": 0.8150369003690037,
  "test_f1_macro": 0.7189197423206319,
  "test_f1_weighted": 0.8053693998036925,
  "test_kappa": 0.7560120106905137,
  "total_params": 850757
}