{
  "fold": 10,
  "model": "cnn_bilstm",
  "seq_length": 11,
  "val_accuracy": 0.591812865497076,
  "val_f1_macro": 0.5933384487585337,
  "val_f1_weighted": 0.6091262853717505,
  "val_kappa": 0.4704219302947158,
  "test_accuracy": 0.8722426470588235,
  "test_f1_macro": 0.7732609517167542,
  "test_f1_weighted": 0.8837960082592711,
  "test_kappa": 0.7980270402197728,
  "total_params": 850757
}