{
  "fold": 15,
  "seq_length": 5,
  "test_metrics": {
    "accuracy": 0.9172209903917221,
    "f1_macro": 0.8156790678222279,
    "f1_weighted": 0.9142035967376041,
    "kappa": 0.8876059771256476
  },
  "val_metrics": {
    "accuracy": 0.849736022742656,
    "f1_macro": 0.8211605361766839,
    "f1_weighted": 0.8533181542724486,
    "kappa": 0.793127355586176
  },
  "test_confusion_matrix": [
    [
      942,
      17,
      0,
      0,
      12
    ],
    [
      7,
      27,
      9,
      0,
      45
    ],
    [
      1,
      6,
      684,
      58,
      43
    ],
    [
      0,
      0,
      5,
      350,
      0
    ],
    [
      1,
      2,
      18,
      0,
      479
    ]
  ],
  "val_confusion_matrix": [
    [
      1065,
      104,
      5,
      3,
      18
    ],
    [
      56,
      506,
      105,
      6,
      123
    ],
    [
      9,
      237,
      2891,
      176,
      98
    ],
    [
      0,
      0,
      58,
      699,
      0
    ],
    [
      3,
      89,
      19,
      1,
      1116
    ]
  ],
  "test_per_class": {
    "Wake": {
      "precision": 0.9905362776025236,
      "recall": 0.9701338825952626,
      "f1-score": 0.9802289281997919,
      "support": 971.0
    },
    "N1": {
      "precision": 0.5192307692307693,
      "recall": 0.3068181818181818,
      "f1-score": 0.38571428571428573,
      "support": 88.0
    },
    "N2": {
      "precision": 0.9553072625698324,
      "recall": 0.8636363636363636,
      "f1-score": 0.9071618037135278,
      "support": 792.0
    },
    "N3": {
      "precision": 0.8578431372549019,
      "recall": 0.9859154929577465,
      "f1-score": 0.9174311926605505,
      "support": 355.0
    },
    "REM": {
      "precision": 0.8272884283246977,
      "recall": 0.958,
      "f1-score": 0.8878591288229842,
      "support": 500.0
    }
  },
  "val_per_class": {
    "Wake": {
      "precision": 0.9399823477493381,
      "recall": 0.891213389121339,
      "f1-score": 0.9149484536082474,
      "support": 1195.0
    },
    "N1": {
      "precision": 0.5405982905982906,
      "recall": 0.635678391959799,
      "f1-score": 0.5842956120092379,
      "support": 796.0
    },
    "N2": {
      "precision": 0.9392462638076673,
      "recall": 0.8475520375256523,
      "f1-score": 0.8910463861920173,
      "support": 3411.0
    },
    "N3": {
      "precision": 0.7898305084745763,
      "recall": 0.9233817701453104,
      "f1-score": 0.8514007308160779,
      "support": 757.0
    },
    "REM": {
      "precision": 0.8236162361623616,
      "recall": 0.9087947882736156,
      "f1-score": 0.8641114982578397,
      "support": 1228.0
    }
  },
  "training_history": {
    "LSTM": {
      "epoch": [
        1,
        2,
        3,
        4,
        5,
        6,
        7,
        8,
        9,
        10,
        11,
        12,
        13,
        14,
        15,
        16,
        17,
        18,
        19,
        20,
        21,
        22,
        23,
        24,
        25,
        26,
        27,
        28,
        29
      ],
      "train_loss": [
        0.3401,
        0.28646,
        0.28145,
        0.27887,
        0.27485,
        0.27662,
        0.27757,
        0.27288,
        0.2721,
        0.2702,
        0.26911,
        0.26817,
        0.27116,
        0.26825,
        0.26831,
        0.26383,
        0.26576,
        0.26823,
        0.26606,
        0.26621,
        0.26343,
        0.26359,
        0.25815,
        0.25662,
        0.25354,
        0.25576,
        0.25394,
        0.25437,
        0.25221
      ],
      "val_loss": [
        0.5051,
        0.49243,
        0.50201,
        0.49753,
        0.51251,
        0.50249,
        0.48525,
        0.49274,
        0.54692,
        0.51717,
        0.49779,
        0.50928,
        0.50637,
        0.52611,
        0.49714,
        0.48641,
        0.50685,
        0.49388,
        0.49385,
        0.54355,
        0.5229,
        0.48425,
        0.49938,
        0.49608,
        0.50476,
        0.52616,
        0.49536,
        0.50297,
        0.50892
      ],
      "train_f1": [
        0.8392,
        0.8504,
        0.8504,
        0.8507,
        0.8517,
        0.8511,
        0.8499,
        0.853,
        0.8527,
        0.8532,
        0.8537,
        0.8555,
        0.8514,
        0.853,
        0.8546,
        0.8559,
        0.8567,
        0.8526,
        0.8539,
        0.8537,
        0.8555,
        0.8554,
        0.8569,
        0.857,
        0.8581,
        0.8583,
        0.8576,
        0.8582,
        0.8598
      ],
      "val_f1": [
        0.8131,
        0.8122,
        0.8096,
        0.8141,
        0.8092,
        0.8075,
        0.8154,
        0.8081,
        0.8156,
        0.8174,
        0.8078,
        0.8082,
        0.8119,
        0.8193,
        0.8106,
        0.8129,
        0.8153,
        0.81,
        0.8147,
        0.8089,
        0.814,
        0.8175,
        0.8151,
        0.8104,
        0.814,
        0.81,
        0.8076,
        0.8157,
        0.8005
      ]
    },
    "Fine-tune": {
      "epoch": [
        1,
        2,
        3,
        4,
        5,
        6,
        7,
        8,
        9,
        10,
        11,
        12,
        13,
        14,
        15,
        16,
        17,
        18,
        19,
        20,
        21,
        22,
        23,
        24,
        25,
        26,
        27,
        28,
        29,
        30
      ],
      "train_loss": [
        0.26162,
        0.25337,
        0.24817,
        0.24434,
        0.23926,
        0.23729,
        0.233,
        0.23141,
        0.22644,
        0.22383,
        0.21978,
        0.21865,
        0.21916,
        0.21561,
        0.21042,
        0.19703,
        0.19933,
        0.19643,
        0.19452,
        0.1941,
        0.19192,
        0.18722,
        0.18787,
        0.18861,
        0.18749,
        0.18266,
        0.18553,
        0.1751,
        0.17541,
        0.17283
      ],
      "val_loss": [
        0.51859,
        0.52841,
        0.52653,
        0.5669,
        0.51323,
        0.53349,
        0.53036,
        0.56124,
        0.58378,
        0.61008,
        0.58962,
        0.59443,
        0.70095,
        0.59651,
        0.62771,
        0.59886,
        0.63817,
        0.62761,
        0.6189,
        0.685,
        0.67144,
        0.61605,
        0.76697,
        0.64376,
        0.63337,
        0.67504,
        0.66977,
        0.66274,
        0.66343,
        0.72126
      ],
      "train_f1": [
        0.8618,
        0.8638,
        0.8672,
        0.8699,
        0.8715,
        0.8717,
        0.8748,
        0.8715,
        0.8758,
        0.8787,
        0.8805,
        0.8825,
        0.8802,
        0.8828,
        0.8847,
        0.8889,
        0.8894,
        0.8924,
        0.8929,
        0.8922,
        0.8934,
        0.8951,
        0.8972,
        0.8958,
        0.8947,
        0.9003,
        0.8988,
        0.9022,
        0.9028,
        0.9042
      ],
      "val_f1": [
        0.8165,
        0.8103,
        0.8087,
        0.8101,
        0.8104,
        0.8043,
        0.8173,
        0.8052,
        0.8122,
        0.806,
        0.8141,
        0.8045,
        0.803,
        0.8138,
        0.8091,
        0.8165,
        0.8039,
        0.8133,
        0.8212,
        0.8077,
        0.8042,
        0.8032,
        0.8074,
        0.8051,
        0.8078,
        0.8155,
        0.8152,
        0.8115,
        0.807,
        0.8052
      ]
    },