{
  "fold": 14,
  "seq_length": 5,
  "test_metrics": {
    "accuracy": 0.9204312114989733,
    "f1_macro": 0.8435728579458418,
    "f1_weighted": 0.9238394344728544,
    "kappa": 0.8900712421651094
  },
  "val_metrics": {
    "accuracy": 0.862660364618501,
    "f1_macro": 0.8167051122248681,
    "f1_weighted": 0.8676994313965547,
    "kappa": 0.8221144604515267
  },
  "test_confusion_matrix": [
    [
      302,
      42,
      12,
      0,
      4
    ],
    [
      1,
      34,
      17,
      0,
      4
    ],
    [
      0,
      9,
      754,
      9,
      18
    ],
    [
      0,
      0,
      24,
      272,
      0
    ],
    [
      0,
      3,
      12,
      0,
      431
    ]
  ],
  "val_confusion_matrix": [
    [
      1387,
      97,
      1,
      5,
      6
    ],
    [
      67,
      288,
      23,
      6,
      70
    ],
    [
      38,
      212,
      1970,
      192,
      94
    ],
    [
      6,
      6,
      46,
      1622,
      0
    ],
    [
      16,
      91,
      40,
      1,
      1121
    ]
  ],
  "test_per_class": {
    "Wake": {
      "precision": 0.9966996699669967,
      "recall": 0.8388888888888889,
      "f1-score": 0.9110105580693816,
      "support": 360.0
    },
    "N1": {
      "precision": 0.38636363636363635,
      "recall": 0.6071428571428571,
      "f1-score": 0.4722222222222222,
      "support": 56.0
    },
    "N2": {
      "precision": 0.9206349206349206,
      "recall": 0.9544303797468354,
      "f1-score": 0.9372280919825979,
      "support": 790.0
    },
    "N3": {
      "precision": 0.9679715302491103,
      "recall": 0.918918918918919,
      "f1-score": 0.9428076256499134,
      "support": 296.0
    },
    "REM": {
      "precision": 0.9431072210065645,
      "recall": 0.9663677130044843,
      "f1-score": 0.9545957918050941,
      "support": 446.0
    }
  },
  "val_per_class": {
    "Wake": {
      "precision": 0.916116248348745,
      "recall": 0.9271390374331551,
      "f1-score": 0.9215946843853821,
      "support": 1496.0
    },
    "N1": {
      "precision": 0.414985590778098,
      "recall": 0.6343612334801763,
      "f1-score": 0.5017421602787456,
      "support": 454.0
    },
    "N2": {
      "precision": 0.9471153846153846,
      "recall": 0.7861133280127693,
      "f1-score": 0.8591365023986044,
      "support": 2506.0
    },
    "N3": {
      "precision": 0.8882803943044907,
      "recall": 0.9654761904761905,
      "f1-score": 0.9252709640616087,
      "support": 1680.0
    },
    "REM": {
      "precision": 0.8683191324554609,
      "recall": 0.8833727344365643,
      "f1-score": 0.87578125,
      "support": 1269.0
    }
  },
  "training_history": {
    "LSTM": {
      "epoch": [
        1,
        2,
        3,
        4,
        5,
        6,
        7,
        8,
        9,
        10,
        11,
        12,
        13,
        14,
        15,
        16
      ],
      "train_loss": [
        0.36099,
        0.3147,
        0.30783,
        0.30554,
        0.30249,
        0.30182,
        0.29858,
        0.29817,
        0.29712,
        0.28872,
        0.28665,
        0.28785,
        0.28526,
        0.28675,
        0.28662,
        0.2852
      ],
      "val_loss": [
        0.41576,
        0.4604,
        0.4321,
        0.43452,
        0.41764,
        0.42279,
        0.42746,
        0.42674,
        0.44686,
        0.44475,
        0.45868,
        0.45324,
        0.45973,
        0.44193,
        0.46048,
        0.45927
      ],
      "train_f1": [
        0.8261,
        0.8362,
        0.8365,
        0.8392,
        0.8384,
        0.837,
        0.8388,
        0.8394,
        0.8407,
        0.8437,
        0.8431,
        0.8439,
        0.8404,
        0.845,
        0.8428,
        0.8425
      ],
      "val_f1": [
        0.788,
        0.7761,
        0.7853,
        0.77,
        0.7813,
        0.7846,
        0.7825,
        0.7824,
        0.7732,
        0.7812,
        0.7746,
        0.7724,
        0.7778,
        0.7775,
        0.7823,
        0.7762
      ]
    },
    "Fine-tune": {
      "epoch": [
        1,
        2,
        3,
        4,
        5,
        6,
        7,
        8,
        9,
        10,
        11,
        12,
        13,
        14,
        15,
        16,
        17,
        18,
        19,
        20,
        21,
        22,
        23,
        24,
        25,
        26,
        27,
        28,
        29
      ],
      "train_loss": [
        0.30056,
        0.28608,
        0.28349,
        0.27509,
        0.27343,
        0.27077,
        0.26567,
        0.26148,
        0.26072,
        0.25758,
        0.25188,
        0.25367,
        0.24817,
        0.24412,
        0.24411,
        0.23933,
        0.23716,
        0.23758,
        0.23731,
        0.23035,
        0.23009,
        0.22871,
        0.21843,
        0.21732,
        0.21675,
        0.2189,
        0.21488,
        0.21374,
        0.20894
      ],
      "val_loss": [
        0.48529,
        0.44294,
        0.39739,
        0.4204,
        0.4221,
        0.45441,
        0.42358,
        0.40926,
        0.4054,
        0.42033,
        0.4073,
        0.41881,
        0.43237,
        0.4073,
        0.44091,
        0.45211,
        0.44738,
        0.42048,
        0.45496,
        0.46431,
        0.45731,
        0.45855,
        0.45371,
        0.46487,
        0.47614,
        0.48454,
        0.48588,
        0.4741,
        0.477
      ],
      "train_f1": [
        0.8445,
        0.8493,
        0.8525,
        0.8535,
        0.8549,
        0.8559,
        0.8582,
        0.8576,
        0.859,
        0.8621,
        0.8636,
        0.8617,
        0.8652,
        0.8663,
        0.8669,
        0.8705,
        0.8713,
        0.8721,
        0.8704,
        0.8744,
        0.8751,
        0.8752,
        0.8803,
        0.88,
        0.8829,
        0.8796,
        0.8812,
        0.8826,
        0.8846
      ],
      "val_f1": [
        0.78,
        0.7847,
        0.7945,
        0.7926,
        0.795,
        0.7774,
        0.7973,
        0.7985,
        0.803,
        0.8079,
        0.7946,
        0.8129,
        0.7955,
        0.8167,
        0.8056,
        0.7953,
        0.8082,
        0.8072,
        0.8031,
        0.8095,
        0.7933,
        0.8005,
        0.8073,
        0.8019,
        0.7988,
        0.7956,
        0.7997,
        0.8006,
        0.7968
      ]
    },
    "CNN pretrain": {
      "epoch": [
        1,
        2,
        3,
        4,
        5,
        6,
        7,
        8,
        9,
        10,
        11,
        12,
        13,
        14,
        15,
        16,
        17,
        18,
        19,
        20,
        21,
        22,
        23,
        24,
        25,
        26,
        27,
        28,
        29,
        30,
        31,
        32,
        33,
        34,
        35
      ],
      "train_loss": [
        0.69485,
        0.57403,
        0.54287,
        0.52558,
        0.5137,
        0.5044,
        0.49077,
        0.48764,
        0.47808,
        0.47487,
        0.47211,
        0.46416,
        0.45585,
        0.45431,
        0.44904,
        0.44581,
        0.4406,
        0.43738,
        0.43354,
        0.43236,
        0.42476,
        0.41947,
        0.42111,
        0.41344,
        0.41329,
        0.41271,
        0.4051,
        0.39601,
        0.37639,
        0.36465,
        0.36894,
        0.36363,
        0.35327,
        0.35356,
        0.3526
      ],