{
  "fold": 2,
  "seq_length": 5,
  "test_metrics": {
    "accuracy": 0.8208292201382034,
    "f1_macro": 0.7949876886473592,
    "f1_weighted": 0.8158860890026942,
    "kappa": 0.7552083766733692
  },
  "val_metrics": {
    "accuracy": 0.835399107585523,
    "f1_macro": 0.7778140781392352,
    "f1_weighted": 0.8500234351873923,
    "kappa": 0.7830812289361025
  },
  "test_confusion_matrix": [
    [
      242,
      3,
      0,
      0,
      0
    ],
    [
      27,
      124,
      59,
      6,
      62
    ],
    [
      1,
      20,
      749,
      149,
      28
    ],
    [
      0,
      0,
      0,
      214,
      0
    ],
    [
      0,
      4,
      3,
      1,
      334
    ]
  ],
  "val_confusion_matrix": [
    [
      1128,
      396,
      7,
      2,
      35
    ],
    [
      8,
      261,
      96,
      1,
      73
    ],
    [
      13,
      185,
      2612,
      126,
      134
    ],
    [
      3,
      2,
      45,
      1241,
      2
    ],
    [
      3,
      110,
      87,
      0,
      1498
    ]
  ],
  "test_per_class": {
    "Wake": {
      "precision": 0.8962962962962963,
      "recall": 0.9877551020408163,
      "f1-score": 0.9398058252427185,
      "support": 245.0
    },
    "N1": {
      "precision": 0.8211920529801324,
      "recall": 0.4460431654676259,
      "f1-score": 0.578088578088578,
      "support": 278.0
    },
    "N2": {
      "precision": 0.9235511713933415,
      "recall": 0.7909186906019008,
      "f1-score": 0.8521046643913538,
      "support": 947.0
    },
    "N3": {
      "precision": 0.5783783783783784,
      "recall": 1.0,
      "f1-score": 0.7328767123287672,
      "support": 214.0
    },
    "REM": {
      "precision": 0.7877358490566038,
      "recall": 0.9766081871345029,
      "f1-score": 0.8720626631853786,
      "support": 342.0
    }
  },
  "val_per_class": {
    "Wake": {
      "precision": 0.9766233766233766,
      "recall": 0.7193877551020408,
      "f1-score": 0.8284979801689313,
      "support": 1568.0
    },
    "N1": {
      "precision": 0.27358490566037735,
      "recall": 0.5945330296127562,
      "f1-score": 0.3747307968413496,
      "support": 439.0
    },
    "N2": {
      "precision": 0.9174569722514928,
      "recall": 0.850814332247557,
      "f1-score": 0.8828798377556194,
      "support": 3070.0
    },
    "N3": {
      "precision": 0.9058394160583941,
      "recall": 0.9597834493426141,
      "f1-score": 0.9320315433721367,
      "support": 1293.0
    },
    "REM": {
      "precision": 0.8599311136624569,
      "recall": 0.8822143698468787,
      "f1-score": 0.8709302325581395,
      "support": 1698.0
    }
  },
  "training_history": {
    "LSTM": {
      "epoch": [
        1,
        2,
        3,
        4,
        5,
        6,
        7,
        8,
        9,
        10,
        11,
        12,
        13,
        14,
        15,
        16,
        17
      ],
      "train_loss": [
        0.33492,
        0.2782,
        0.27435,
        0.27245,
        0.27088,
        0.26985,
        0.26683,
        0.26375,
        0.2617,
        0.25971,
        0.25597,
        0.25513,
        0.2518,
        0.25037,
        0.24793,
        0.24813,
        0.24854
      ],
      "val_loss": [
        0.60106,
        0.47712,
        0.53713,
        0.56378,
        0.52435,
        0.48831,
        0.54431,
        0.49156,
        0.54916,
        0.50897,
        0.52234,
        0.54218,
        0.51828,
        0.52094,
        0.53715,
        0.54165,
        0.49414
      ],
      "train_f1": [
        0.8402,
        0.8543,
        0.8548,
        0.8543,
        0.854,
        0.855,
        0.8559,
        0.8573,
        0.8581,
        0.8588,
        0.8605,
        0.8597,
        0.8612,
        0.8623,
        0.8635,
        0.8619,
        0.8631
      ],
      "val_f1": [
        0.7586,
        0.7954,
        0.7696,
        0.7577,
        0.7789,
        0.7766,
        0.7868,
        0.7853,
        0.7735,
        0.7753,
        0.7786,
        0.777,
        0.7788,
        0.7811,
        0.7713,
        0.7813,
        0.7802
      ]
    },
    "Fine-tune": {
      "epoch": [
        1,
        2,
        3,
        4,
        5,
        6,
        7,
        8,
        9,
        10,
        11,
        12,
        13,
        14,
        15,
        16,
        17,
        18,
        19,
        20,
        21,
        22,
        23,
        24,
        25
      ],
      "train_loss": [
        0.26035,
        0.25005,
        0.24572,
        0.23996,
        0.23694,
        0.23472,
        0.22872,
        0.22602,
        0.22689,
        0.22186,
        0.21857,
        0.21912,
        0.21402,
        0.21399,
        0.20915,
        0.21087,
        0.20875,
        0.20493,
        0.19405,
        0.19334,
        0.19133,
        0.18715,
        0.19078,
        0.18972,
        0.18773
      ],
      "val_loss": [
        0.54326,
        0.57336,
        0.58907,
        0.56023,
        0.5862,
        0.57236,
        0.56956,
        0.56256,
        0.59624,
        0.54753,
        0.60823,
        0.63314,
        0.65051,
        0.6387,
        0.59204,
        0.65778,
        0.61892,
        0.6249,
        0.59,
        0.63215,
        0.64736,
        0.6608,
        0.67037,
        0.68616,
        0.66893
      ],
      "train_f1": [
        0.8603,
        0.8678,
        0.8678,
        0.8709,
        0.873,
        0.8753,
        0.8767,
        0.8777,
        0.8772,
        0.882,
        0.885,
        0.8824,
        0.8866,
        0.8858,
        0.8867,
        0.886,
        0.8892,
        0.8904,
        0.8951,
        0.8944,
        0.897,
        0.8992,
        0.8988,
        0.8973,
        0.8994
      ],
      "val_f1": [
        0.7737,
        0.7663,
        0.7643,
        0.7751,
        0.7655,
        0.7765,
        0.7764,
        0.7701,
        0.7655,
        0.7778,
        0.7647,
        0.7608,
        0.7641,
        0.761,
        0.7711,
        0.7637,
        0.775,
        0.7753,
        0.7773,
        0.7692,
        0.7636,
        0.7665,
        0.7678,
        0.7626,
        0.7658
      ]
    },
    "CNN pretrain": {
      "epoch": [
        1,
        2,
        3,
        4,
        5,
        6,
        7,
        8,
        9,
        10,
        11,
        12,
        13,
        14,
        15,
        16,
        17,
        18,
        19,
        20,
        21,
        22,
        23,
        24,
        25,
        26,
        27,
        28,
        29,
        30,
        31,
        32,
        33,
        34,
        35,
        36,
        37,
        38,
        39,
        40,
        41,
        42
      ],
      "train_loss": [
        0.67616,
        0.5445,
        0.51638,
        0.49777,
        0.48807,
        0.47513,
        0.46468,
        0.46677,
        0.45645,
        0.44662,
        0.44766,
        0.44559,
        0.44157,
        0.42889,
        0.42639,
        0.40814,
        0.40084,
        0.39802,
        0.39183,
        0.39184,
        0.38711,
        0.38658,
        0.37914,
        0.37415,
        0.37277,
        0.37328,
        0.36713,
        0.36948,
        0.36438,
        0.36242,
        0.36064,
        0.35415,
        0.35515,
        0.35159,
        0.34497,
        0.32343,
        0.31922,
        0.31366,
        0.31317,
        0.30967,
        0.31001,
        0.30327
      ],