{
  "fold": 17,
  "seq_length": 5,
  "test_metrics": {
    "accuracy": 0.7394289844597036,
    "f1_macro": 0.6524191656529706,
    "f1_weighted": 0.7460488424932527,
    "kappa": 0.6525472464422356
  },
  "val_metrics": {
    "accuracy": 0.8581560283687943,
    "f1_macro": 0.8135860558513203,
    "f1_weighted": 0.8677758704781426,
    "kappa": 0.811037152594946
  },
  "test_confusion_matrix": [
    [
      742,
      75,
      21,
      12,
      7
    ],
    [
      10,
      29,
      20,
      3,
      3
    ],
    [
      52,
      51,
      612,
      273,
      27
    ],
    [
      0,
      0,
      2,
      401,
      0
    ],
    [
      61,
      12,
      90,
      2,
      262
    ]
  ],
  "val_confusion_matrix": [
    [
      1375,
      154,
      9,
      9,
      5
    ],
    [
      62,
      372,
      33,
      4,
      51
    ],
    [
      4,
      219,
      2904,
      215,
      94
    ],
    [
      2,
      1,
      36,
      1339,
      0
    ],
    [
      1,
      205,
      73,
      3,
      1149
    ]
  ],
  "test_per_class": {
    "Wake": {
      "precision": 0.8578034682080925,
      "recall": 0.8658109684947491,
      "f1-score": 0.8617886178861789,
      "support": 857.0
    },
    "N1": {
      "precision": 0.17365269461077845,
      "recall": 0.4461538461538462,
      "f1-score": 0.25,
      "support": 65.0
    },
    "N2": {
      "precision": 0.8214765100671141,
      "recall": 0.6029556650246305,
      "f1-score": 0.6954545454545454,
      "support": 1015.0
    },
    "N3": {
      "precision": 0.5803183791606368,
      "recall": 0.9950372208436724,
      "f1-score": 0.7330895795246801,
      "support": 403.0
    },
    "REM": {
      "precision": 0.8762541806020067,
      "recall": 0.6135831381733021,
      "f1-score": 0.721763085399449,
      "support": 427.0
    }
  },
  "val_per_class": {
    "Wake": {
      "precision": 0.9522160664819944,
      "recall": 0.8859536082474226,
      "f1-score": 0.917890520694259,
      "support": 1552.0
    },
    "N1": {
      "precision": 0.3911671924290221,
      "recall": 0.7126436781609196,
      "f1-score": 0.505091649694501,
      "support": 522.0
    },
    "N2": {
      "precision": 0.9505728314238953,
      "recall": 0.8451688009313155,
      "f1-score": 0.8947773840702511,
      "support": 3436.0
    },
    "N3": {
      "precision": 0.8528662420382166,
      "recall": 0.9716981132075472,
      "f1-score": 0.9084124830393487,
      "support": 1378.0
    },
    "REM": {
      "precision": 0.8845265588914549,
      "recall": 0.8029350104821803,
      "f1-score": 0.8417582417582418,
      "support": 1431.0
    }
  },
  "training_history": {
    "LSTM": {
      "epoch": [
        1,
        2,
        3,
        4,
        5,
        6,
        7,
        8,
        9,
        10,
        11,
        12,
        13,
        14,
        15,
        16,
        17,
        18,
        19,
        20,
        21
      ],
      "train_loss": [
        0.39184,
        0.33869,
        0.3323,
        0.32999,
        0.32596,
        0.32349,
        0.32001,
        0.3208,
        0.32371,
        0.3208,
        0.31867,
        0.31904,
        0.31343,
        0.31019,
        0.30605,
        0.30694,
        0.30609,
        0.30571,
        0.30232,
        0.30383,
        0.30376
      ],
      "val_loss": [
        0.35832,
        0.36734,
        0.35484,
        0.3516,
        0.36394,
        0.35655,
        0.36466,
        0.36844,
        0.35637,
        0.36736,
        0.35635,
        0.37458,
        0.36405,
        0.36952,
        0.35532,
        0.35498,
        0.35713,
        0.35998,
        0.3614,
        0.35821,
        0.36527
      ],
      "train_f1": [
        0.8186,
        0.8322,
        0.8341,
        0.8344,
        0.8364,
        0.8383,
        0.8362,
        0.8384,
        0.8362,
        0.8365,
        0.8378,
        0.8369,
        0.8401,
        0.8387,
        0.8425,
        0.8414,
        0.8434,
        0.8435,
        0.8437,
        0.844,
        0.8426
      ],
      "val_f1": [
        0.8236,
        0.8255,
        0.8279,
        0.822,
        0.8245,
        0.8297,
        0.8289,
        0.8232,
        0.8272,
        0.8215,
        0.8233,
        0.8181,
        0.8282,
        0.8278,
        0.8234,
        0.8255,
        0.8195,
        0.8256,
        0.8291,
        0.8249,
        0.8242
      ]
    },
    "Fine-tune": {
      "epoch": [
        1,
        2,
        3,
        4,
        5,
        6,
        7,
        8,
        9,
        10,
        11,
        12,
        13,
        14,
        15,
        16,
        17,
        18,
        19,
        20,
        21,
        22,
        23,
        24,
        25,
        26,
        27
      ],
      "train_loss": [
        0.30821,
        0.29533,
        0.29319,
        0.28865,
        0.28564,
        0.28158,
        0.28191,
        0.27926,
        0.27291,
        0.27519,
        0.2725,
        0.26725,
        0.26317,
        0.26537,
        0.25959,
        0.25646,
        0.25667,
        0.25805,
        0.25145,
        0.25006,
        0.24405,
        0.2437,
        0.24361,
        0.23874,
        0.23933,
        0.23661,
        0.23937
      ],
      "val_loss": [
        0.46349,
        0.4824,
        0.4518,
        0.49233,
        0.46086,
        0.45593,
        0.50545,
        0.55136,
        0.50618,
        0.45301,
        0.52469,
        0.41655,
        0.52044,
        0.56495,
        0.53261,
        0.57682,
        0.5783,
        0.63219,
        0.50784,
        0.55885,
        0.57392,
        0.51034,
        0.56434,
        0.56733,
        0.59596,
        0.55232,
        0.58433
      ],
      "train_f1": [
        0.8446,
        0.8508,
        0.8511,
        0.8516,
        0.8536,
        0.8552,
        0.8567,
        0.8562,
        0.8596,
        0.8578,
        0.861,
        0.8612,
        0.8644,
        0.8623,
        0.8651,
        0.8677,
        0.8657,
        0.8667,
        0.87,
        0.8693,
        0.8736,
        0.8731,
        0.8733,
        0.8733,
        0.8749,
        0.8747,
        0.8766
      ],
      "val_f1": [
        0.7971,
        0.8018,
        0.8065,
        0.805,
        0.8021,
        0.8118,
        0.8056,
        0.7992,
        0.8036,
        0.8034,
        0.8002,
        0.8136,
        0.8019,
        0.8023,
        0.8018,
        0.7932,
        0.7929,
        0.7909,
        0.8061,
        0.8028,
        0.8003,
        0.8043,
        0.8045,
        0.8047,
        0.799,
        0.8064,
        0.8004
      ]
    },
    "CNN pretrain": {
      "epoch": [
        1,
        2,
        3,
        4,
        5,
        6,
        7,
        8,
        9,
        10,
        11,
        12,
        13,
        14,
        15,
        16,
        17,
        18,
        19,
        20,
        21,
        22,
        23,
        24,
        25
      ],
      "train_loss": [
        0.68398,
        0.55253,
        0.52322,
        0.5034,
        0.4936,
        0.4839,
        0.47841,
        0.46726,
        0.45919,
        0.46005,
        0.44851,
        0.44944,
        0.43779,
        0.4326,
        0.43571,
        0.42878,
        0.42226,
        0.42048,
        0.39409,
        0.39089,
        0.38676,
        0.38195,
        0.3766,
        0.37429,
        0.37502
      ],
      "val_loss": [
        0.76565,
        0.51652,
        0.48854,
        0.67355,
        0.48157,
        0.57675,
        0.48258,
        0.4725,
        0.5691,
        0.43867,
        0.53329,
        0.52101,
        0.47971,
        0.5179,
        0.49839,
        0.492,
        0.57422,
        0.75143,
        0.43349,
        0.51819,
        0.50742,
        0.57142,
        0.51709,
        0.6429,
        0.49939
      ],