{
  "fold": 7,
  "seq_length": 5,
  "test_metrics": {
    "accuracy": 0.8732708612226685,
    "f1_macro": 0.8174126065900907,
    "f1_weighted": 0.877253666669968,
    "kappa": 0.833645987901745
  },
  "val_metrics": {
    "accuracy": 0.8532781667727563,
    "f1_macro": 0.8001093124040815,
    "f1_weighted": 0.8615825760439701,
    "kappa": 0.8020928413190647
  },
  "test_confusion_matrix": [
    [
      515,
      8,
      0,
      0,
      0
    ],
    [
      31,
      103,
      14,
      0,
      25
    ],
    [
      3,
      35,
      726,
      17,
      14
    ],
    [
      0,
      5,
      17,
      362,
      0
    ],
    [
      15,
      93,
      7,
      0,
      251
    ]
  ],
  "val_confusion_matrix": [
    [
      1917,
      232,
      26,
      8,
      12
    ],
    [
      63,
      321,
      52,
      0,
      33
    ],
    [
      77,
      188,
      3261,
      269,
      110
    ],
    [
      0,
      2,
      52,
      1064,
      0
    ],
    [
      58,
      110,
      90,
      1,
      1480
    ]
  ],
  "test_per_class": {
    "Wake": {
      "precision": 0.9131205673758865,
      "recall": 0.9847036328871893,
      "f1-score": 0.9475620975160993,
      "support": 523.0
    },
    "N1": {
      "precision": 0.42213114754098363,
      "recall": 0.5953757225433526,
      "f1-score": 0.4940047961630695,
      "support": 173.0
    },
    "N2": {
      "precision": 0.9502617801047121,
      "recall": 0.9132075471698113,
      "f1-score": 0.9313662604233482,
      "support": 795.0
    },
    "N3": {
      "precision": 0.9551451187335093,
      "recall": 0.9427083333333334,
      "f1-score": 0.9488859764089121,
      "support": 384.0
    },
    "REM": {
      "precision": 0.8655172413793103,
      "recall": 0.6857923497267759,
      "f1-score": 0.7652439024390244,
      "support": 366.0
    }
  },
  "val_per_class": {
    "Wake": {
      "precision": 0.9063829787234042,
      "recall": 0.8733485193621868,
      "f1-score": 0.8895591647331786,
      "support": 2195.0
    },
    "N1": {
      "precision": 0.37631887456037516,
      "recall": 0.6844349680170576,
      "f1-score": 0.4856278366111952,
      "support": 469.0
    },
    "N2": {
      "precision": 0.9367997701809825,
      "recall": 0.8350832266325224,
      "f1-score": 0.8830219333874898,
      "support": 3905.0
    },
    "N3": {
      "precision": 0.7928464977645305,
      "recall": 0.9516994633273703,
      "f1-score": 0.865040650406504,
      "support": 1118.0
    },
    "REM": {
      "precision": 0.9051987767584098,
      "recall": 0.851063829787234,
      "f1-score": 0.8772969768820391,
      "support": 1739.0
    }
  },
  "training_history": {
    "LSTM": {
      "epoch": [
        1,
        2,
        3,
        4,
        5,
        6,
        7,
        8,
        9,
        10,
        11,
        12,
        13,
        14,
        15,
        16,
        17,
        18,
        19,
        20,
        21,
        22
      ],
      "train_loss": [
        0.37372,
        0.32061,
        0.31496,
        0.30787,
        0.30781,
        0.30835,
        0.30305,
        0.3031,
        0.29926,
        0.29806,
        0.29976,
        0.3001,
        0.29861,
        0.29643,
        0.29365,
        0.28604,
        0.28569,
        0.28296,
        0.28223,
        0.28464,
        0.28277,
        0.28063
      ],
      "val_loss": [
        0.42967,
        0.43637,
        0.42571,
        0.42857,
        0.44968,
        0.43319,
        0.42961,
        0.42853,
        0.44651,
        0.44244,
        0.44439,
        0.43565,
        0.4428,
        0.44085,
        0.4291,
        0.43114,
        0.43783,
        0.43756,
        0.43509,
        0.42787,
        0.44082,
        0.43931
      ],
      "train_f1": [
        0.8284,
        0.8414,
        0.8428,
        0.8419,
        0.8443,
        0.8434,
        0.845,
        0.8446,
        0.8447,
        0.8473,
        0.8454,
        0.8426,
        0.8446,
        0.8455,
        0.8458,
        0.8508,
        0.8496,
        0.8514,
        0.85,
        0.8498,
        0.8522,
        0.8531
      ],
      "val_f1": [
        0.7979,
        0.7991,
        0.796,
        0.8006,
        0.7905,
        0.7963,
        0.8063,
        0.7992,
        0.8057,
        0.7918,
        0.7979,
        0.8055,
        0.7934,
        0.8033,
        0.7985,
        0.7979,
        0.8028,
        0.7989,
        0.806,
        0.8036,
        0.8049,
        0.8013
      ]
    },
    "Fine-tune": {
      "epoch": [
        1,
        2,
        3,
        4,
        5,
        6,
        7,
        8,
        9,
        10,
        11,
        12,
        13,
        14,
        15,
        16
      ],
      "train_loss": [
        0.28815,
        0.27791,
        0.27444,
        0.26994,
        0.26336,
        0.26159,
        0.25704,
        0.25688,
        0.25258,
        0.24753,
        0.24719,
        0.24331,
        0.24262,
        0.24067,
        0.23946,
        0.2376
      ],
      "val_loss": [
        0.45456,
        0.46755,
        0.47435,
        0.47851,
        0.4824,
        0.47889,
        0.51197,
        0.49207,
        0.50017,
        0.4988,
        0.48384,
        0.49764,
        0.50591,
        0.49678,
        0.50272,
        0.49194
      ],
      "train_f1": [
        0.8516,
        0.8547,
        0.8571,
        0.859,
        0.8615,
        0.8633,
        0.8654,
        0.8684,
        0.8664,
        0.8698,
        0.8702,
        0.8726,
        0.872,
        0.8731,
        0.8724,
        0.8736
      ],
      "val_f1": [
        0.8001,
        0.7993,
        0.7921,
        0.7923,
        0.7961,
        0.7937,
        0.7892,
        0.7921,
        0.7909,
        0.7855,
        0.792,
        0.7919,
        0.7907,
        0.7911,
        0.7861,
        0.7889
      ]
    },
    "CNN pretrain": {
      "epoch": [
        1,
        2,
        3,
        4,
        5,
        6,
        7,
        8,
        9,
        10,
        11,
        12,
        13,
        14,
        15,
        16,
        17,
        18,
        19,
        20,
        21,
        22,
        23,
        24,
        25,
        26,
        27,
        28,
        29,
        30,
        31,
        32
      ],
      "train_loss": [
        0.69031,
        0.5725,
        0.53921,
        0.52523,
        0.51566,
        0.50713,
        0.49497,
        0.48129,
        0.46869,
        0.46455,
        0.45453,
        0.45494,
        0.45256,
        0.44052,
        0.43397,
        0.43456,
        0.42995,
        0.4286,
        0.42293,
        0.42684,
        0.41327,
        0.41452,
        0.4093,
        0.40606,
        0.39867,
        0.37321,
        0.36915,
        0.36411,
        0.35876,
        0.3585,
        0.35488,
        0.35161
      ],
      "val_loss": [
        0.58446,
        0.59173,
        0.53107,
        0.52294,
        0.69157,
        0.68945,
        0.57653,
        0.66137,
        0.79184,
        0.57683,
        0.55068,
        0.55776,
        0.53613,
        0.62007,
        0.64021,
        0.59127,
        0.52295,
        0.54752,
        0.6784,
        0.7252,
        0.71731,
        0.86609,
        0.5707,
        0.66457,
        0.64047,
        0.57245,
        0.60681,
        0.62389,
        0.62198,
        0.57216,
        0.60461,
        0.62088
      ],