{
  "fold": 18,
  "seq_length": 5,
  "test_metrics": {
    "accuracy": 0.7771855010660981,
    "f1_macro": 0.7319757196778547,
    "f1_weighted": 0.7827018876392648,
    "kappa": 0.7104142847435795
  },
  "val_metrics": {
    "accuracy": 0.8724654377880184,
    "f1_macro": 0.8168386742736861,
    "f1_weighted": 0.8766510531033878,
    "kappa": 0.8248903778914106
  },
  "test_confusion_matrix": [
    [
      271,
      6,
      0,
      0,
      0
    ],
    [
      69,
      86,
      6,
      0,
      19
    ],
    [
      54,
      69,
      491,
      9,
      55
    ],
    [
      19,
      4,
      52,
      432,
      0
    ],
    [
      26,
      30,
      0,
      0,
      178
    ]
  ],
  "val_confusion_matrix": [
    [
      1573,
      175,
      29,
      3,
      16
    ],
    [
      83,
      302,
      116,
      0,
      72
    ],
    [
      13,
      117,
      3315,
      59,
      136
    ],
    [
      1,
      0,
      70,
      831,
      0
    ],
    [
      13,
      141,
      63,
      0,
      1552
    ]
  ],
  "test_per_class": {
    "Wake": {
      "precision": 0.6173120728929385,
      "recall": 0.9783393501805054,
      "f1-score": 0.7569832402234636,
      "support": 277.0
    },
    "N1": {
      "precision": 0.441025641025641,
      "recall": 0.4777777777777778,
      "f1-score": 0.45866666666666667,
      "support": 180.0
    },
    "N2": {
      "precision": 0.8943533697632058,
      "recall": 0.724188790560472,
      "f1-score": 0.8003259983700082,
      "support": 678.0
    },
    "N3": {
      "precision": 0.9795918367346939,
      "recall": 0.8520710059171598,
      "f1-score": 0.9113924050632911,
      "support": 507.0
    },
    "REM": {
      "precision": 0.7063492063492064,
      "recall": 0.7606837606837606,
      "f1-score": 0.7325102880658436,
      "support": 234.0
    }
  },
  "val_per_class": {
    "Wake": {
      "precision": 0.934640522875817,
      "recall": 0.8758351893095768,
      "f1-score": 0.904282839896522,
      "support": 1796.0
    },
    "N1": {
      "precision": 0.4108843537414966,
      "recall": 0.5270506108202443,
      "f1-score": 0.4617737003058104,
      "support": 573.0
    },
    "N2": {
      "precision": 0.9226273309212357,
      "recall": 0.9107142857142857,
      "f1-score": 0.916632102861883,
      "support": 3640.0
    },
    "N3": {
      "precision": 0.9305711086226204,
      "recall": 0.9212860310421286,
      "f1-score": 0.9259052924791087,
      "support": 902.0
    },
    "REM": {
      "precision": 0.8738738738738738,
      "recall": 0.8773318258903335,
      "f1-score": 0.8755994358251058,
      "support": 1769.0
    }
  },
  "training_history": {
    "LSTM": {
      "epoch": [
        1,
        2,
        3,
        4,
        5,
        6,
        7,
        8,
        9,
        10,
        11,
        12,
        13,
        14,
        15,
        16,
        17
      ],
      "train_loss": [
        0.29667,
        0.22995,
        0.2266,
        0.22708,
        0.21983,
        0.22075,
        0.21822,
        0.21899,
        0.21665,
        0.21693,
        0.21054,
        0.20982,
        0.20963,
        0.20922,
        0.20846,
        0.20816,
        0.20523
      ],
      "val_loss": [
        0.46867,
        0.49691,
        0.5048,
        0.49686,
        0.48728,
        0.49374,
        0.50146,
        0.49196,
        0.48794,
        0.51368,
        0.5096,
        0.5106,
        0.54105,
        0.5245,
        0.54129,
        0.50452,
        0.51525
      ],
      "train_f1": [
        0.8545,
        0.874,
        0.8757,
        0.8724,
        0.8763,
        0.8764,
        0.8765,
        0.8763,
        0.8785,
        0.8788,
        0.8799,
        0.8801,
        0.8804,
        0.8802,
        0.8795,
        0.8807,
        0.882
      ],
      "val_f1": [
        0.8182,
        0.82,
        0.8158,
        0.7973,
        0.8189,
        0.8161,
        0.8162,
        0.8185,
        0.8162,
        0.7997,
        0.8127,
        0.816,
        0.8146,
        0.8102,
        0.8171,
        0.8151,
        0.8144
      ]
    },
    "Fine-tune": {
      "epoch": [
        1,
        2,
        3,
        4,
        5,
        6,
        7,
        8,
        9,
        10,
        11,
        12,
        13,
        14,
        15,
        16,
        17,
        18,
        19,
        20,
        21,
        22
      ],
      "train_loss": [
        0.21427,
        0.20659,
        0.20652,
        0.20144,
        0.19469,
        0.19263,
        0.18573,
        0.18338,
        0.18108,
        0.18192,
        0.17668,
        0.17561,
        0.17115,
        0.17093,
        0.16854,
        0.16031,
        0.1544,
        0.1575,
        0.15287,
        0.15412,
        0.1509,
        0.14872
      ],
      "val_loss": [
        0.51372,
        0.4789,
        0.5515,
        0.59348,
        0.58418,
        0.55323,
        0.53503,
        0.60616,
        0.56172,
        0.65473,
        0.71924,
        0.62114,
        0.72012,
        0.68379,
        0.6457,
        0.67667,
        0.74053,
        0.65986,
        0.71931,
        0.71452,
        0.66256,
        0.68867
      ],
      "train_f1": [
        0.8827,
        0.8866,
        0.8875,
        0.8904,
        0.8932,
        0.8958,
        0.8981,
        0.8989,
        0.9005,
        0.9011,
        0.9013,
        0.9028,
        0.9051,
        0.9063,
        0.9079,
        0.9122,
        0.9149,
        0.9142,
        0.9164,
        0.9173,
        0.9156,
        0.9187
      ],
      "val_f1": [
        0.8118,
        0.8153,
        0.8101,
        0.8046,
        0.81,
        0.8106,
        0.8168,
        0.8022,
        0.8113,
        0.7988,
        0.7984,
        0.8106,
        0.8,
        0.8055,
        0.8052,
        0.8029,
        0.8026,
        0.8106,
        0.805,
        0.7985,
        0.8038,
        0.8075
      ]
    },
    "CNN pretrain": {
      "epoch": [
        1,
        2,
        3,
        4,
        5,
        6,
        7,
        8,
        9,
        10,
        11,
        12,
        13,
        14,
        15,
        16,
        17,
        18,
        19,
        20,
        21,
        22,
        23,
        24,
        25,
        26,
        27,
        28,
        29,
        30,
        31,
        32,
        33,
        34,
        35,
        36,
        37,
        38,
        39,
        40,
        41,
        42,
        43,
        44,
        45,
        46,
        47,
        48,
        49,
        50
      ],
      "train_loss": [
        0.68224,
        0.56038,
        0.52959,
        0.51675,
        0.49848,
        0.49076,
        0.48134,
        0.47508,
        0.46799,
        0.46213,
        0.45636,
        0.43908,
        0.44314,
        0.43509,
        0.4331,
        0.42648,
        0.42715,
        0.42286,
        0.41427,
        0.41219,
        0.40974,
        0.40537,
        0.38775,
        0.37832,
        0.37322,
        0.36832,
        0.36515,
        0.36156,
        0.36441,
        0.35321,
        0.35176,
        0.34956,
        0.345,
        0.34785,
        0.32575,
        0.32174,
        0.31424,
        0.31195,
        0.31359,
        0.3094,
        0.30072,
        0.30323,
        0.29882,
        0.30041,
        0.29329,
        0.29183,
        0.29004,
        0.28348,
        0.26793,
        0.2665
      ],