{
  "fold": 19,
  "seq_length": 5,
  "test_metrics": {
    "accuracy": 0.8668332738307747,
    "f1_macro": 0.8121725500265484,
    "f1_weighted": 0.8703624885412987,
    "kappa": 0.8127728487809581
  },
  "val_metrics": {
    "accuracy": 0.8198743033321475,
    "f1_macro": 0.7572009715941431,
    "f1_weighted": 0.8260989213245504,
    "kappa": 0.7582831260081068
  },
  "test_confusion_matrix": [
    [
      517,
      36,
      3,
      0,
      0
    ],
    [
      34,
      109,
      7,
      0,
      40
    ],
    [
      3,
      40,
      1101,
      20,
      103
    ],
    [
      0,
      0,
      27,
      143,
      0
    ],
    [
      16,
      42,
      2,
      0,
      558
    ]
  ],
  "val_confusion_matrix": [
    [
      1628,
      145,
      16,
      4,
      22
    ],
    [
      65,
      250,
      73,
      3,
      43
    ],
    [
      82,
      138,
      2830,
      181,
      116
    ],
    [
      2,
      1,
      139,
      1231,
      0
    ],
    [
      130,
      223,
      136,
      0,
      975
    ]
  ],
  "test_per_class": {
    "Wake": {
      "precision": 0.9070175438596492,
      "recall": 0.9298561151079137,
      "f1-score": 0.9182948490230906,
      "support": 556.0
    },
    "N1": {
      "precision": 0.4801762114537445,
      "recall": 0.5736842105263158,
      "f1-score": 0.5227817745803357,
      "support": 190.0
    },
    "N2": {
      "precision": 0.9657894736842105,
      "recall": 0.8689818468823993,
      "f1-score": 0.9148317407561279,
      "support": 1267.0
    },
    "N3": {
      "precision": 0.8773006134969326,
      "recall": 0.8411764705882353,
      "f1-score": 0.8588588588588588,
      "support": 170.0
    },
    "REM": {
      "precision": 0.7960057061340942,
      "recall": 0.9029126213592233,
      "f1-score": 0.846095526914329,
      "support": 618.0
    }
  },
  "val_per_class": {
    "Wake": {
      "precision": 0.853696906135291,
      "recall": 0.896969696969697,
      "f1-score": 0.8747984954325632,
      "support": 1815.0
    },
    "N1": {
      "precision": 0.33025099075297226,
      "recall": 0.576036866359447,
      "f1-score": 0.41981528127623846,
      "support": 434.0
    },
    "N2": {
      "precision": 0.8860363180964308,
      "recall": 0.8455333134149985,
      "f1-score": 0.865311114508485,
      "support": 3347.0
    },
    "N3": {
      "precision": 0.8675123326286117,
      "recall": 0.8965768390386016,
      "f1-score": 0.8818051575931232,
      "support": 1373.0
    },
    "REM": {
      "precision": 0.8434256055363322,
      "recall": 0.6659836065573771,
      "f1-score": 0.7442748091603053,
      "support": 1464.0
    }
  },
  "training_history": {
    "LSTM": {
      "epoch": [
        1,
        2,
        3,
        4,
        5,
        6,
        7,
        8,
        9,
        10,
        11,
        12,
        13,
        14,
        15,
        16,
        17,
        18,
        19,
        20,
        21,
        22,
        23,
        24,
        25,
        26,
        27,
        28,
        29
      ],
      "train_loss": [
        0.40646,
        0.35699,
        0.35409,
        0.34898,
        0.34557,
        0.34294,
        0.33651,
        0.33709,
        0.33489,
        0.33657,
        0.33642,
        0.33509,
        0.335,
        0.3321,
        0.32911,
        0.33185,
        0.32839,
        0.32444,
        0.32639,
        0.32657,
        0.32754,
        0.32361,
        0.31588,
        0.31613,
        0.31797,
        0.31477,
        0.31215,
        0.31335,
        0.31431
      ],
      "val_loss": [
        0.61077,
        0.60833,
        0.5705,
        0.5689,
        0.60676,
        0.59707,
        0.58084,
        0.58177,
        0.62528,
        0.61617,
        0.59404,
        0.64952,
        0.58922,
        0.55063,
        0.57612,
        0.56373,
        0.59311,
        0.57925,
        0.57738,
        0.63489,
        0.56798,
        0.61602,
        0.6018,
        0.59088,
        0.56257,
        0.57581,
        0.55875,
        0.56265,
        0.60032
      ],
      "train_f1": [
        0.8164,
        0.8278,
        0.8295,
        0.8304,
        0.8321,
        0.8316,
        0.8328,
        0.8348,
        0.833,
        0.8331,
        0.834,
        0.8352,
        0.8353,
        0.8355,
        0.8357,
        0.8362,
        0.8367,
        0.8369,
        0.8367,
        0.8361,
        0.8385,
        0.8374,
        0.8401,
        0.8407,
        0.8393,
        0.8416,
        0.8399,
        0.8399,
        0.8409
      ],
      "val_f1": [
        0.7274,
        0.7345,
        0.7373,
        0.7432,
        0.7386,
        0.7333,
        0.7532,
        0.7296,
        0.7259,
        0.7413,
        0.7442,
        0.7174,
        0.7341,
        0.7556,
        0.7423,
        0.7479,
        0.738,
        0.7433,
        0.7488,
        0.7319,
        0.7544,
        0.7365,
        0.7366,
        0.7385,
        0.7438,
        0.7495,
        0.7497,
        0.7498,
        0.7346
      ]
    },
    "Fine-tune": {
      "epoch": [
        1,
        2,
        3,
        4,
        5,
        6,
        7,
        8,
        9,
        10,
        11,
        12,
        13,
        14,
        15,
        16,
        17,
        18,
        19,
        20,
        21,
        22,
        23
      ],
      "train_loss": [
        0.31396,
        0.31041,
        0.30632,
        0.30091,
        0.29772,
        0.2925,
        0.29162,
        0.28755,
        0.28531,
        0.28392,
        0.28066,
        0.27887,
        0.27652,
        0.27453,
        0.26982,
        0.26945,
        0.26169,
        0.2602,
        0.26021,
        0.25949,
        0.25468,
        0.25499,
        0.25323
      ],
      "val_loss": [
        0.64406,
        0.61944,
        0.66563,
        0.66355,
        0.64889,
        0.71022,
        0.62422,
        0.64205,
        0.65036,
        0.70188,
        0.7034,
        0.63502,
        0.59409,
        0.72415,
        0.72823,
        0.72574,
        0.68267,
        0.65405,
        0.71584,
        0.68243,
        0.6468,
        0.72403,
        0.73182
      ],
      "train_f1": [
        0.8441,
        0.845,
        0.847,
        0.8485,
        0.8504,
        0.8523,
        0.8524,
        0.8534,
        0.8551,
        0.8582,
        0.8569,
        0.858,
        0.8586,
        0.8595,
        0.8602,
        0.8622,
        0.8652,
        0.8668,
        0.8654,
        0.8675,
        0.868,
        0.8677,
        0.8695
      ],
      "val_f1": [
        0.7342,
        0.7403,
        0.7247,
        0.7376,
        0.7353,
        0.721,
        0.7513,
        0.7572,
        0.7517,
        0.7228,
        0.7432,
        0.7404,
        0.7522,
        0.7173,
        0.7145,
        0.7336,
        0.7295,
        0.7398,
        0.722,
        0.7406,
        0.7396,
        0.734,
        0.7222
      ]
    },
    "CNN pretrain": {
      "epoch": [
        1,
        2,
        3,
        4,
        5,
        6,
        7,
        8,
        9,
        10,
        11,
        12,
        13,
        14,
        15,
        16,
        17,
        18,
        19,
        20
      ],
      "train_loss": [
        0.68021,
        0.54124,
        0.52546,
        0.50534,
        0.48854,
        0.47899,
        0.47243,
        0.47353,
        0.45872,
        0.44746,
        0.4388,
        0.43885,
        0.43927,
        0.40584,
        0.40085,
        0.39285,
        0.39002,
        0.38813,
        0.38367,
        0.38526
      ],