{
  "fold": 9,
  "seq_length": 5,
  "test_metrics": {
    "accuracy": 0.7967698519515478,
    "f1_macro": 0.7566041162274806,
    "f1_weighted": 0.8187301107345543,
    "kappa": 0.7183368620132723
  },
  "val_metrics": {
    "accuracy": 0.8071584104518236,
    "f1_macro": 0.789955210386159,
    "f1_weighted": 0.8210378873531009,
    "kappa": 0.745589364796108
  },
  "test_confusion_matrix": [
    [
      251,
      31,
      0,
      0,
      0
    ],
    [
      11,
      84,
      3,
      1,
      1
    ],
    [
      4,
      114,
      841,
      52,
      62
    ],
    [
      0,
      2,
      27,
      248,
      0
    ],
    [
      0,
      97,
      48,
      0,
      352
    ]
  ],
  "val_confusion_matrix": [
    [
      1061,
      193,
      2,
      2,
      5
    ],
    [
      70,
      495,
      80,
      0,
      64
    ],
    [
      39,
      435,
      2384,
      61,
      140
    ],
    [
      15,
      10,
      89,
      873,
      1
    ],
    [
      15,
      152,
      44,
      0,
      1118
    ]
  ],
  "test_per_class": {
    "Wake": {
      "precision": 0.943609022556391,
      "recall": 0.8900709219858156,
      "f1-score": 0.916058394160584,
      "support": 282.0
    },
    "N1": {
      "precision": 0.25609756097560976,
      "recall": 0.84,
      "f1-score": 0.3925233644859813,
      "support": 100.0
    },
    "N2": {
      "precision": 0.9151251360174102,
      "recall": 0.7837837837837838,
      "f1-score": 0.8443775100401606,
      "support": 1073.0
    },
    "N3": {
      "precision": 0.8239202657807309,
      "recall": 0.8953068592057761,
      "f1-score": 0.8581314878892734,
      "support": 277.0
    },
    "REM": {
      "precision": 0.8481927710843373,
      "recall": 0.7082494969818913,
      "f1-score": 0.7719298245614035,
      "support": 497.0
    }
  },
  "val_per_class": {
    "Wake": {
      "precision": 0.8841666666666667,
      "recall": 0.8400633412509897,
      "f1-score": 0.8615509541209907,
      "support": 1263.0
    },
    "N1": {
      "precision": 0.3852140077821012,
      "recall": 0.6981664315937941,
      "f1-score": 0.49648946840521563,
      "support": 709.0
    },
    "N2": {
      "precision": 0.917275875336668,
      "recall": 0.7793396534815299,
      "f1-score": 0.8427006009190526,
      "support": 3059.0
    },
    "N3": {
      "precision": 0.9326923076923077,
      "recall": 0.8836032388663968,
      "f1-score": 0.9074844074844075,
      "support": 988.0
    },
    "REM": {
      "precision": 0.8418674698795181,
      "recall": 0.8412340105342363,
      "f1-score": 0.8415506210011291,
      "support": 1329.0
    }
  },
  "training_history": {
    "LSTM": {
      "epoch": [
        1,
        2,
        3,
        4,
        5,
        6,
        7,
        8,
        9,
        10,
        11,
        12,
        13,
        14,
        15,
        16,
        17,
        18,
        19,
        20,
        21,
        22,
        23,
        24,
        25,
        26,
        27,
        28,
        29,
        30,
        31,
        32,
        33,
        34,
        35,
        36,
        37,
        38
      ],
      "train_loss": [
        0.35212,
        0.29831,
        0.29335,
        0.28861,
        0.28502,
        0.28532,
        0.28054,
        0.28299,
        0.28048,
        0.28129,
        0.2771,
        0.27518,
        0.27511,
        0.27707,
        0.2751,
        0.2732,
        0.2741,
        0.27046,
        0.27128,
        0.26985,
        0.27143,
        0.26925,
        0.26871,
        0.2688,
        0.26609,
        0.26875,
        0.2663,
        0.26807,
        0.26822,
        0.26263,
        0.26477,
        0.26068,
        0.25952,
        0.25664,
        0.25287,
        0.25536,
        0.25618,
        0.25229
      ],
      "val_loss": [
        0.52253,
        0.56841,
        0.52289,
        0.55636,
        0.53321,
        0.52395,
        0.53579,
        0.50909,
        0.51093,
        0.53471,
        0.52711,
        0.52325,
        0.52985,
        0.51945,
        0.52316,
        0.5027,
        0.5269,
        0.51586,
        0.53033,
        0.52683,
        0.51823,
        0.51966,
        0.52154,
        0.51887,
        0.52562,
        0.52793,
        0.54327,
        0.52133,
        0.54784,
        0.54822,
        0.52717,
        0.53509,
        0.52849,
        0.54289,
        0.55354,
        0.51992,
        0.52266,
        0.53084
      ],
      "train_f1": [
        0.8337,
        0.8448,
        0.8478,
        0.8487,
        0.8498,
        0.8484,
        0.8503,
        0.8512,
        0.8508,
        0.8505,
        0.8523,
        0.8517,
        0.8533,
        0.8517,
        0.8543,
        0.8515,
        0.8519,
        0.8546,
        0.8558,
        0.8548,
        0.8562,
        0.8552,
        0.8556,
        0.8541,
        0.8552,
        0.856,
        0.8552,
        0.853,
        0.8549,
        0.8581,
        0.8568,
        0.857,
        0.858,
        0.8604,
        0.8595,
        0.8609,
        0.8614,
        0.8596
      ],
      "val_f1": [
        0.7608,
        0.7487,
        0.7707,
        0.7462,
        0.7773,
        0.7794,
        0.7817,
        0.7824,
        0.7796,
        0.7785,
        0.7698,
        0.7833,
        0.7852,
        0.7827,
        0.7826,
        0.7827,
        0.7736,
        0.7875,
        0.7774,
        0.7788,
        0.7783,
        0.7816,
        0.7928,
        0.776,
        0.7815,
        0.7842,
        0.7777,
        0.791,
        0.77,
        0.7734,
        0.7754,
        0.7844,
        0.7863,
        0.7815,
        0.7815,
        0.7835,
        0.7856,
        0.7825
      ]
    },
    "Fine-tune": {
      "epoch": [
        1,
        2,
        3,
        4,
        5,
        6,
        7,
        8,
        9,
        10,
        11,
        12,
        13,
        14,
        15,
        16,
        17
      ],
      "train_loss": [
        0.25556,
        0.24926,
        0.24502,
        0.24039,
        0.23592,
        0.23289,
        0.23131,
        0.23268,
        0.22651,
        0.22363,
        0.21749,
        0.21531,
        0.21545,
        0.21588,
        0.21448,
        0.20977,
        0.21212
      ],
      "val_loss": [
        0.51889,
        0.52454,
        0.53879,
        0.55098,
        0.53871,
        0.55798,
        0.55849,
        0.5394,
        0.54317,
        0.56636,
        0.57107,
        0.57487,
        0.57024,
        0.59777,
        0.57612,
        0.582,
        0.59642
      ],
      "train_f1": [
        0.8638,
        0.8665,
        0.8678,
        0.8716,
        0.8722,
        0.8739,
        0.874,
        0.8721,
        0.8761,
        0.8783,
        0.8811,
        0.8816,
        0.8825,
        0.8813,
        0.8843,
        0.8849,
        0.8854
      ],
      "val_f1": [
        0.7881,
        0.79,
        0.7871,
        0.7792,
        0.7889,
        0.7873,
        0.7868,
        0.7885,
        0.7889,
        0.7849,
        0.7842,
        0.7883,
        0.7828,
        0.7796,
        0.787,
        0.7892,
        0.7838
      ]
    },
    "CNN pretrain": {
      "epoch": [
        1,
        2,
        3,
        4,
        5,
        6,
        7,
        8,
        9,
        10,
        11,
        12,
        13,
        14,
        15,
        16,
        17,
        18,
        19,
        20,
        21,
        22,
        23,
        24,
        25,
        26,
        27,
        28,
        29,
        30,
        31
      ],