{
  "fold": 1,
  "seq_length": 5,
  "test_metrics": {
    "accuracy": 0.8943445857080228,
    "f1_macro": 0.8610934419146554,
    "f1_weighted": 0.8972417056483707,
    "kappa": 0.8424970639445515
  },
  "val_metrics": {
    "accuracy": 0.8147504920690054,
    "f1_macro": 0.7631951657917354,
    "f1_weighted": 0.8253174722095598,
    "kappa": 0.7525629037804669
  },
  "test_confusion_matrix": [
    [
      291,
      19,
      0,
      1,
      0
    ],
    [
      16,
      150,
      5,
      1,
      29
    ],
    [
      2,
      78,
      1095,
      12,
      35
    ],
    [
      0,
      0,
      34,
      167,
      0
    ],
    [
      2,
      3,
      4,
      0,
      337
    ]
  ],
  "val_confusion_matrix": [
    [
      1572,
      153,
      16,
      5,
      43
    ],
    [
      52,
      284,
      44,
      2,
      66
    ],
    [
      105,
      309,
      2812,
      143,
      116
    ],
    [
      4,
      9,
      165,
      1213,
      0
    ],
    [
      73,
      142,
      152,
      1,
      1156
    ]
  ],
  "test_per_class": {
    "Wake": {
      "precision": 0.9356913183279743,
      "recall": 0.9356913183279743,
      "f1-score": 0.9356913183279743,
      "support": 311.0
    },
    "N1": {
      "precision": 0.6,
      "recall": 0.746268656716418,
      "f1-score": 0.6651884700665188,
      "support": 201.0
    },
    "N2": {
      "precision": 0.9622144112478032,
      "recall": 0.8960720130932897,
      "f1-score": 0.9279661016949152,
      "support": 1222.0
    },
    "N3": {
      "precision": 0.9226519337016574,
      "recall": 0.8308457711442786,
      "f1-score": 0.8743455497382199,
      "support": 201.0
    },
    "REM": {
      "precision": 0.8403990024937655,
      "recall": 0.9739884393063584,
      "f1-score": 0.9022757697456493,
      "support": 346.0
    }
  },
  "val_per_class": {
    "Wake": {
      "precision": 0.8704318936877077,
      "recall": 0.878703186137507,
      "f1-score": 0.874547983310153,
      "support": 1789.0
    },
    "N1": {
      "precision": 0.3166109253065775,
      "recall": 0.6339285714285714,
      "f1-score": 0.42230483271375463,
      "support": 448.0
    },
    "N2": {
      "precision": 0.8817811226089683,
      "recall": 0.8068866571018651,
      "f1-score": 0.8426730596344022,
      "support": 3485.0
    },
    "N3": {
      "precision": 0.8892961876832844,
      "recall": 0.8720345075485263,
      "f1-score": 0.8805807622504537,
      "support": 1391.0
    },
    "REM": {
      "precision": 0.837074583635047,
      "recall": 0.7585301837270341,
      "f1-score": 0.7958691910499139,
      "support": 1524.0
    }
  },
  "training_history": {
    "LSTM": {
      "epoch": [
        1,
        2,
        3,
        4,
        5,
        6,
        7,
        8,
        9,
        10,
        11,
        12,
        13,
        14,
        15,
        16,
        17,
        18,
        19,
        20,
        21,
        22,
        23,
        24,
        25,
        26,
        27,
        28,
        29,
        30,
        31,
        32,
        33,
        34,
        35,
        36,
        37,
        38,
        39,
        40,
        41,
        42,
        43,
        44,
        45,
        46,
        47,
        48
      ],
      "train_loss": [
        0.35313,
        0.30777,
        0.30268,
        0.29458,
        0.29465,
        0.29448,
        0.2915,
        0.2901,
        0.28597,
        0.2886,
        0.286,
        0.28468,
        0.28597,
        0.2827,
        0.2825,
        0.2802,
        0.27947,
        0.28134,
        0.27697,
        0.27925,
        0.27888,
        0.27932,
        0.27583,
        0.27816,
        0.2763,
        0.27738,
        0.27068,
        0.26822,
        0.26609,
        0.26765,
        0.26496,
        0.26478,
        0.26499,
        0.26503,
        0.26371,
        0.26368,
        0.2676,
        0.2639,
        0.26311,
        0.26071,
        0.26426,
        0.25998,
        0.25954,
        0.26035,
        0.25859,
        0.25735,
        0.25682,
        0.25758
      ],
      "val_loss": [
        0.51572,
        0.60083,
        0.58059,
        0.55255,
        0.68614,
        0.54416,
        0.59193,
        0.58047,
        0.54469,
        0.54382,
        0.56596,
        0.55843,
        0.55266,
        0.53521,
        0.55675,
        0.54245,
        0.56223,
        0.54217,
        0.56458,
        0.60463,
        0.56968,
        0.57751,
        0.63818,
        0.57572,
        0.5857,
        0.54969,
        0.58796,
        0.58196,
        0.57181,
        0.60065,
        0.59384,
        0.56428,
        0.54345,
        0.53622,
        0.61747,
        0.6108,
        0.61519,
        0.59656,
        0.56653,
        0.5603,
        0.58829,
        0.55119,
        0.55507,
        0.55094,
        0.55305,
        0.56513,
        0.56568,
        0.58265
      ],
      "train_f1": [
        0.8351,
        0.8487,
        0.8491,
        0.8521,
        0.8508,
        0.8506,
        0.8516,
        0.8524,
        0.8542,
        0.8524,
        0.8535,
        0.8531,
        0.8544,
        0.8558,
        0.8556,
        0.8556,
        0.8557,
        0.8534,
        0.8543,
        0.8558,
        0.8542,
        0.8543,
        0.8581,
        0.8549,
        0.8571,
        0.8557,
        0.8599,
        0.8601,
        0.8606,
        0.8571,
        0.8609,
        0.8606,
        0.8602,
        0.8587,
        0.8596,
        0.8618,
        0.8596,
        0.8613,
        0.8631,
        0.8599,
        0.8607,
        0.8631,
        0.8619,
        0.862,
        0.8621,
        0.863,
        0.8636,
        0.8634
      ],
      "val_f1": [
        0.7385,
        0.718,
        0.7208,
        0.7347,
        0.7182,
        0.7419,
        0.73,
        0.722,
        0.7465,
        0.7443,
        0.7423,
        0.735,
        0.7377,
        0.7506,
        0.7319,
        0.7437,
        0.7489,
        0.7522,
        0.7473,
        0.736,
        0.7362,
        0.7323,
        0.7095,
        0.7307,
        0.7281,
        0.7381,
        0.7516,
        0.7329,
        0.7505,
        0.7321,
        0.7353,
        0.747,
        0.7563,
        0.7552,
        0.7341,
        0.7403,
        0.7369,
        0.7485,
        0.7521,
        0.7418,
        0.7513,
        0.7548,
        0.7559,
        0.7447,
        0.7467,
        0.7454,
        0.7498,
        0.742
      ]
    },
    "Fine-tune": {
      "epoch": [
        1,
        2,
        3,
        4,
        5,
        6,
        7,
        8,
        9,
        10,
        11,
        12,
        13,
        14,
        15,
        16,
        17,
        18,
        19,
        20,
        21,
        22
      ],
      "train_loss": [
        0.25948,
        0.2545,
        0.25097,
        0.24865,
        0.2476,
        0.24198,
        0.24005,
        0.23694,
        0.23971,
        0.23534,
        0.23107,
        0.23053,
        0.23004,
        0.22717,
        0.22347,
        0.21586,
        0.21633,
        0.21664,
        0.2143,
        0.21381,
        0.21416,
        0.21202
      ],
      "val_loss": [
        0.61557,
        0.57175,
        0.59964,
        0.57932,
        0.63217,
        0.62223,
        0.58561,
        0.58547,
        0.68759,
        0.62389,
        0.68933,
        0.6118,
        0.6168,
        0.61128,
        0.63584,
        0.60458,
        0.62697,
        0.6153,
        0.61642,
        0.64788,
        0.64083,
        0.61581
      ],