{
  "fold": 6,
  "seq_length": 5,
  "test_metrics": {
    "accuracy": 0.882766072393301,
    "f1_macro": 0.8471433513617577,
    "f1_weighted": 0.8816195554830657,
    "kappa": 0.8390007042544263
  },
  "val_metrics": {
    "accuracy": 0.8539621738089538,
    "f1_macro": 0.8118700867022293,
    "f1_weighted": 0.8579734045998529,
    "kappa": 0.8022963533412348
  },
  "test_confusion_matrix": [
    [
      319,
      7,
      1,
      0,
      0
    ],
    [
      39,
      83,
      17,
      0,
      7
    ],
    [
      13,
      31,
      715,
      11,
      54
    ],
    [
      4,
      0,
      11,
      250,
      0
    ],
    [
      0,
      6,
      16,
      0,
      267
    ]
  ],
  "val_confusion_matrix": [
    [
      1129,
      114,
      0,
      1,
      33
    ],
    [
      44,
      343,
      87,
      8,
      110
    ],
    [
      10,
      197,
      3008,
      164,
      171
    ],
    [
      3,
      3,
      89,
      1203,
      3
    ],
    [
      2,
      99,
      82,
      0,
      1451
    ]
  ],
  "test_per_class": {
    "Wake": {
      "precision": 0.8506666666666667,
      "recall": 0.9755351681957186,
      "f1-score": 0.9088319088319088,
      "support": 327.0
    },
    "N1": {
      "precision": 0.6535433070866141,
      "recall": 0.5684931506849316,
      "f1-score": 0.608058608058608,
      "support": 146.0
    },
    "N2": {
      "precision": 0.9407894736842105,
      "recall": 0.8677184466019418,
      "f1-score": 0.9027777777777778,
      "support": 824.0
    },
    "N3": {
      "precision": 0.9578544061302682,
      "recall": 0.9433962264150944,
      "f1-score": 0.9505703422053232,
      "support": 265.0
    },
    "REM": {
      "precision": 0.8140243902439024,
      "recall": 0.9238754325259516,
      "f1-score": 0.8654781199351702,
      "support": 289.0
    }
  },
  "val_per_class": {
    "Wake": {
      "precision": 0.9503367003367004,
      "recall": 0.8841033672670321,
      "f1-score": 0.9160243407707911,
      "support": 1277.0
    },
    "N1": {
      "precision": 0.4537037037037037,
      "recall": 0.5793918918918919,
      "f1-score": 0.5089020771513353,
      "support": 592.0
    },
    "N2": {
      "precision": 0.9210042865890998,
      "recall": 0.8473239436619718,
      "f1-score": 0.8826291079812206,
      "support": 3550.0
    },
    "N3": {
      "precision": 0.8742732558139535,
      "recall": 0.92467332820907,
      "f1-score": 0.8987672768023908,
      "support": 1301.0
    },
    "REM": {
      "precision": 0.8207013574660633,
      "recall": 0.8880048959608323,
      "f1-score": 0.8530276308054086,
      "support": 1634.0
    }
  },
  "training_history": {
    "LSTM": {
      "epoch": [
        1,
        2,
        3,
        4,
        5,
        6,
        7,
        8,
        9,
        10,
        11,
        12,
        13,
        14,
        15,
        16,
        17,
        18
      ],
      "train_loss": [
        0.35139,
        0.30305,
        0.2976,
        0.29588,
        0.29546,
        0.2926,
        0.29228,
        0.29098,
        0.28785,
        0.28626,
        0.28516,
        0.28238,
        0.27752,
        0.27906,
        0.2756,
        0.27442,
        0.2746,
        0.27526
      ],
      "val_loss": [
        0.49458,
        0.50377,
        0.47837,
        0.47754,
        0.47351,
        0.48958,
        0.48216,
        0.53957,
        0.47322,
        0.47782,
        0.5296,
        0.478,
        0.50524,
        0.47517,
        0.49973,
        0.49265,
        0.47811,
        0.48819
      ],
      "train_f1": [
        0.834,
        0.8438,
        0.8453,
        0.8465,
        0.8465,
        0.8462,
        0.847,
        0.8473,
        0.849,
        0.8496,
        0.8481,
        0.8504,
        0.8513,
        0.8509,
        0.8527,
        0.8537,
        0.8526,
        0.8516
      ],
      "val_f1": [
        0.7899,
        0.7946,
        0.8136,
        0.8098,
        0.7932,
        0.8121,
        0.8052,
        0.798,
        0.7939,
        0.806,
        0.7857,
        0.7955,
        0.7969,
        0.8121,
        0.8061,
        0.8088,
        0.8006,
        0.8076
      ]
    },
    "Fine-tune": {
      "epoch": [
        1,
        2,
        3,
        4,
        5,
        6,
        7,
        8,
        9,
        10,
        11,
        12,
        13,
        14,
        15,
        16,
        17,
        18,
        19,
        20,
        21,
        22,
        23,
        24,
        25,
        26,
        27
      ],
      "train_loss": [
        0.28595,
        0.27763,
        0.2707,
        0.26911,
        0.26389,
        0.26252,
        0.25927,
        0.25661,
        0.25434,
        0.25188,
        0.25011,
        0.24327,
        0.24481,
        0.23944,
        0.24407,
        0.23533,
        0.23456,
        0.23277,
        0.23239,
        0.22987,
        0.21977,
        0.21832,
        0.21491,
        0.21416,
        0.21097,
        0.21111,
        0.20779
      ],
      "val_loss": [
        0.51761,
        0.51465,
        0.53657,
        0.52137,
        0.52044,
        0.5011,
        0.5616,
        0.52347,
        0.53323,
        0.5349,
        0.52474,
        0.53578,
        0.55936,
        0.52682,
        0.52294,
        0.5774,
        0.56351,
        0.5601,
        0.59039,
        0.63728,
        0.55282,
        0.57988,
        0.58388,
        0.58868,
        0.56171,
        0.60517,
        0.5673
      ],
      "train_f1": [
        0.8512,
        0.8555,
        0.8596,
        0.8603,
        0.8633,
        0.862,
        0.8638,
        0.8655,
        0.8654,
        0.8681,
        0.8692,
        0.8719,
        0.8723,
        0.8725,
        0.8718,
        0.8762,
        0.875,
        0.8769,
        0.8761,
        0.878,
        0.8831,
        0.8854,
        0.8833,
        0.8865,
        0.8875,
        0.8866,
        0.8897
      ],
      "val_f1": [
        0.8003,
        0.7933,
        0.7999,
        0.801,
        0.8005,
        0.8041,
        0.792,
        0.8074,
        0.7983,
        0.8057,
        0.798,
        0.8119,
        0.8077,
        0.798,
        0.8115,
        0.8002,
        0.7987,
        0.809,
        0.7991,
        0.7884,
        0.8086,
        0.8075,
        0.8041,
        0.805,
        0.8074,
        0.8013,
        0.8073
      ]
    },
    "CNN pretrain": {
      "epoch": [
        1,
        2,
        3,
        4,
        5,
        6,
        7,
        8,
        9,
        10,
        11,
        12,
        13,
        14,
        15,
        16,
        17,
        18,
        19,
        20,
        21,
        22,
        23,
        24,
        25,
        26,
        27,
        28,
        29,
        30,
        31,
        32,
        33,
        34,
        35,
        36
      ],
      "train_loss": [
        0.67424,
        0.54782,
        0.51875,
        0.50439,
        0.49163,
        0.48251,
        0.47561,
        0.464,
        0.46378,
        0.4628,
        0.45567,
        0.42821,
        0.42772,
        0.42034,
        0.41695,
        0.41331,
        0.41134,
        0.40761,
        0.40583,
        0.40057,
        0.39553,
        0.39739,
        0.39409,
        0.39052,
        0.38614,
        0.3856,
        0.38164,
        0.37944,
        0.38037,
        0.36136,
        0.35174,
        0.3503,
        0.3482,
        0.34118,
        0.3431,
        0.33893
      ],