{
  "fold": 13,
  "seq_length": 5,
  "test_metrics": {
    "accuracy": 0.859375,
    "f1_macro": 0.8306127930366989,
    "f1_weighted": 0.8719237228336236,
    "kappa": 0.8078235880593514
  },
  "val_metrics": {
    "accuracy": 0.8901295691562203,
    "f1_macro": 0.8491450157193261,
    "f1_weighted": 0.8917168874112297,
    "kappa": 0.8538332367445494
  },
  "test_confusion_matrix": [
    [
      136,
      15,
      0,
      0,
      0
    ],
    [
      2,
      51,
      2,
      0,
      2
    ],
    [
      4,
      64,
      386,
      26,
      17
    ],
    [
      0,
      0,
      2,
      145,
      0
    ],
    [
      0,
      6,
      4,
      0,
      162
    ]
  ],
  "val_confusion_matrix": [
    [
      1994,
      134,
      1,
      0,
      6
    ],
    [
      54,
      419,
      105,
      3,
      92
    ],
    [
      2,
      131,
      3187,
      197,
      112
    ],
    [
      2,
      0,
      45,
      1209,
      0
    ],
    [
      23,
      74,
      61,
      1,
      1641
    ]
  ],
  "test_per_class": {
    "Wake": {
      "precision": 0.9577464788732394,
      "recall": 0.9006622516556292,
      "f1-score": 0.9283276450511946,
      "support": 151.0
    },
    "N1": {
      "precision": 0.375,
      "recall": 0.8947368421052632,
      "f1-score": 0.5284974093264249,
      "support": 57.0
    },
    "N2": {
      "precision": 0.9796954314720813,
      "recall": 0.7766599597585513,
      "f1-score": 0.8664421997755332,
      "support": 497.0
    },
    "N3": {
      "precision": 0.847953216374269,
      "recall": 0.9863945578231292,
      "f1-score": 0.9119496855345912,
      "support": 147.0
    },
    "REM": {
      "precision": 0.8950276243093923,
      "recall": 0.9418604651162791,
      "f1-score": 0.9178470254957507,
      "support": 172.0
    }
  },
  "val_per_class": {
    "Wake": {
      "precision": 0.9609638554216867,
      "recall": 0.9339578454332552,
      "f1-score": 0.9472684085510689,
      "support": 2135.0
    },
    "N1": {
      "precision": 0.5527704485488126,
      "recall": 0.6225854383358098,
      "f1-score": 0.5856044723969253,
      "support": 673.0
    },
    "N2": {
      "precision": 0.9376287143277434,
      "recall": 0.8782033618076606,
      "f1-score": 0.9069436539556062,
      "support": 3629.0
    },
    "N3": {
      "precision": 0.8574468085106383,
      "recall": 0.9625796178343949,
      "f1-score": 0.9069767441860465,
      "support": 1256.0
    },
    "REM": {
      "precision": 0.8865478119935171,
      "recall": 0.9116666666666666,
      "f1-score": 0.8989317995069844,
      "support": 1800.0
    }
  },
  "training_history": {
    "LSTM": {
      "epoch": [
        1,
        2,
        3,
        4,
        5,
        6,
        7,
        8,
        9,
        10,
        11,
        12,
        13,
        14,
        15,
        16,
        17,
        18,
        19,
        20,
        21,
        22,
        23,
        24,
        25,
        26,
        27,
        28,
        29,
        30,
        31,
        32,
        33,
        34
      ],
      "train_loss": [
        0.37946,
        0.33059,
        0.32241,
        0.31885,
        0.31806,
        0.31825,
        0.31161,
        0.31311,
        0.31084,
        0.31096,
        0.30599,
        0.309,
        0.30677,
        0.30095,
        0.29759,
        0.29792,
        0.29984,
        0.29928,
        0.29721,
        0.29566,
        0.29785,
        0.29661,
        0.29212,
        0.29511,
        0.29584,
        0.29466,
        0.29297,
        0.29107,
        0.28732,
        0.28714,
        0.28665,
        0.28458,
        0.28643,
        0.28954
      ],
      "val_loss": [
        0.46053,
        0.45131,
        0.45867,
        0.4551,
        0.46254,
        0.4467,
        0.47862,
        0.51228,
        0.49238,
        0.44892,
        0.49818,
        0.47426,
        0.47097,
        0.48455,
        0.45822,
        0.48432,
        0.49399,
        0.49075,
        0.43879,
        0.48615,
        0.49283,
        0.50011,
        0.49755,
        0.50303,
        0.49381,
        0.47237,
        0.4588,
        0.45189,
        0.49835,
        0.47438,
        0.46413,
        0.47294,
        0.5074,
        0.51645
      ],
      "train_f1": [
        0.8227,
        0.8346,
        0.8354,
        0.8336,
        0.8359,
        0.8338,
        0.8377,
        0.8378,
        0.8361,
        0.8366,
        0.837,
        0.8381,
        0.8358,
        0.8384,
        0.84,
        0.8394,
        0.8378,
        0.84,
        0.8408,
        0.8404,
        0.8397,
        0.8402,
        0.8416,
        0.8404,
        0.841,
        0.8421,
        0.8413,
        0.8427,
        0.8447,
        0.8428,
        0.844,
        0.844,
        0.8434,
        0.8432
      ],
      "val_f1": [
        0.821,
        0.8223,
        0.8114,
        0.8207,
        0.8268,
        0.8159,
        0.8185,
        0.8117,
        0.8091,
        0.8231,
        0.8197,
        0.8229,
        0.815,
        0.8244,
        0.8247,
        0.8208,
        0.8186,
        0.825,
        0.827,
        0.8208,
        0.8192,
        0.8158,
        0.8099,
        0.8171,
        0.8173,
        0.8202,
        0.8261,
        0.8268,
        0.818,
        0.8247,
        0.8206,
        0.8237,
        0.8191,
        0.8122
      ]
    },
    "Fine-tune": {
      "epoch": [
        1,
        2,
        3,
        4,
        5,
        6,
        7,
        8,
        9,
        10,
        11,
        12,
        13,
        14,
        15,
        16,
        17,
        18,
        19,
        20,
        21,
        22,
        23,
        24,
        25,
        26,
        27,
        28,
        29,
        30
      ],
      "train_loss": [
        0.28741,
        0.27962,
        0.27844,
        0.27685,
        0.27276,
        0.26721,
        0.26283,
        0.26155,
        0.26079,
        0.26218,
        0.25752,
        0.25419,
        0.25356,
        0.25204,
        0.24693,
        0.24606,
        0.24218,
        0.24186,
        0.24295,
        0.24019,
        0.23964,
        0.23479,
        0.23359,
        0.22531,
        0.22231,
        0.22322,
        0.21867,
        0.22144,
        0.21755,
        0.21912
      ],
      "val_loss": [
        0.48913,
        0.49591,
        0.46886,
        0.4133,
        0.43721,
        0.51387,
        0.43285,
        0.46474,
        0.48531,
        0.469,
        0.46611,
        0.4826,
        0.47205,
        0.44759,
        0.42389,
        0.47519,
        0.541,
        0.55343,
        0.42044,
        0.51654,
        0.51148,
        0.49487,
        0.46618,
        0.50431,
        0.54674,
        0.53218,
        0.53707,
        0.48854,
        0.51566,
        0.50044
      ],
      "train_f1": [
        0.8475,
        0.8498,
        0.8493,
        0.8522,
        0.8538,
        0.857,
        0.8586,
        0.858,
        0.86,
        0.8591,
        0.8603,
        0.8634,
        0.8617,
        0.8633,
        0.866,
        0.8661,
        0.8677,
        0.867,
        0.868,
        0.8709,
        0.8697,
        0.8732,
        0.8716,
        0.8776,
        0.88,
        0.879,
        0.8797,
        0.8803,
        0.881,
        0.88
      ],
      "val_f1": [
        0.827,
        0.8244,
        0.8252,
        0.8405,
        0.8322,
        0.8202,
        0.8433,
        0.8323,
        0.829,
        0.8312,
        0.8323,
        0.8264,
        0.8396,
        0.8338,
        0.8491,
        0.8256,
        0.8183,
        0.8229,
        0.8455,
        0.8254,
        0.8264,
        0.8354,
        0.8221,
        0.8318,
        0.8245,
        0.8264,
        0.8309,
        0.833,
        0.8337,
        0.8357
      ]
    },