{
  "fold": 8,
  "seq_length": 5,
  "test_metrics": {
    "accuracy": 0.6091743119266055,
    "f1_macro": 0.5248910844095189,
    "f1_weighted": 0.5955505222254918,
    "kappa": 0.4913491341466152
  },
  "val_metrics": {
    "accuracy": 0.830092879256966,
    "f1_macro": 0.7923157238195255,
    "f1_weighted": 0.8351144780738291,
    "kappa": 0.7545212458583535
  },
  "test_confusion_matrix": [
    [
      448,
      8,
      0,
      3,
      0
    ],
    [
      68,
      31,
      6,
      2,
      0
    ],
    [
      243,
      31,
      261,
      54,
      2
    ],
    [
      108,
      3,
      14,
      507,
      0
    ],
    [
      226,
      30,
      54,
      0,
      81
    ]
  ],
  "val_confusion_matrix": [
    [
      1013,
      86,
      56,
      1,
      11
    ],
    [
      51,
      428,
      78,
      10,
      21
    ],
    [
      33,
      218,
      3440,
      292,
      47
    ],
    [
      3,
      1,
      61,
      713,
      0
    ],
    [
      15,
      133,
      255,
      0,
      1109
    ]
  ],
  "test_per_class": {
    "Wake": {
      "precision": 0.40988106129917656,
      "recall": 0.9760348583877996,
      "f1-score": 0.5773195876288659,
      "support": 459.0
    },
    "N1": {
      "precision": 0.30097087378640774,
      "recall": 0.2897196261682243,
      "f1-score": 0.29523809523809524,
      "support": 107.0
    },
    "N2": {
      "precision": 0.7791044776119403,
      "recall": 0.4416243654822335,
      "f1-score": 0.5637149028077754,
      "support": 591.0
    },
    "N3": {
      "precision": 0.8957597173144877,
      "recall": 0.8022151898734177,
      "f1-score": 0.8464106844741235,
      "support": 632.0
    },
    "REM": {
      "precision": 0.9759036144578314,
      "recall": 0.2071611253196931,
      "f1-score": 0.34177215189873417,
      "support": 391.0
    }
  },
  "val_per_class": {
    "Wake": {
      "precision": 0.9085201793721973,
      "recall": 0.8680377035132819,
      "f1-score": 0.887817703768624,
      "support": 1167.0
    },
    "N1": {
      "precision": 0.4942263279445728,
      "recall": 0.7278911564625851,
      "f1-score": 0.5887207702888583,
      "support": 588.0
    },
    "N2": {
      "precision": 0.884318766066838,
      "recall": 0.8535980148883374,
      "f1-score": 0.8686868686868687,
      "support": 4030.0
    },
    "N3": {
      "precision": 0.7017716535433071,
      "recall": 0.916452442159383,
      "f1-score": 0.7948717948717948,
      "support": 778.0
    },
    "REM": {
      "precision": 0.9335016835016835,
      "recall": 0.7334656084656085,
      "f1-score": 0.8214814814814815,
      "support": 1512.0
    }
  },
  "training_history": {
    "LSTM": {
      "epoch": [
        1,
        2,
        3,
        4,
        5,
        6,
        7,
        8,
        9,
        10,
        11,
        12,
        13,
        14,
        15,
        16,
        17,
        18,
        19,
        20,
        21,
        22,
        23,
        24,
        25,
        26,
        27
      ],
      "train_loss": [
        0.34153,
        0.29245,
        0.28661,
        0.28555,
        0.28112,
        0.28389,
        0.27976,
        0.27938,
        0.27469,
        0.27954,
        0.27328,
        0.27235,
        0.2713,
        0.27301,
        0.27184,
        0.27455,
        0.26764,
        0.27017,
        0.27213,
        0.26532,
        0.26308,
        0.25928,
        0.26091,
        0.26114,
        0.26014,
        0.26142,
        0.26198
      ],
      "val_loss": [
        0.6247,
        0.67579,
        0.65982,
        0.63304,
        0.68209,
        0.65702,
        0.65444,
        0.63464,
        0.66255,
        0.6139,
        0.62487,
        0.6337,
        0.64786,
        0.65405,
        0.64546,
        0.61006,
        0.59952,
        0.62189,
        0.62907,
        0.62706,
        0.6355,
        0.6394,
        0.62949,
        0.61437,
        0.64768,
        0.63001,
        0.65519
      ],
      "train_f1": [
        0.8386,
        0.8496,
        0.8511,
        0.8533,
        0.8515,
        0.8522,
        0.853,
        0.8533,
        0.8541,
        0.8518,
        0.856,
        0.8541,
        0.8566,
        0.8564,
        0.8534,
        0.8538,
        0.8582,
        0.8587,
        0.8537,
        0.8579,
        0.8595,
        0.859,
        0.8593,
        0.8593,
        0.8587,
        0.8602,
        0.8573
      ],
      "val_f1": [
        0.7703,
        0.7449,
        0.7584,
        0.7665,
        0.7496,
        0.7671,
        0.7785,
        0.7765,
        0.7698,
        0.7754,
        0.7779,
        0.785,
        0.767,
        0.767,
        0.7625,
        0.7651,
        0.7738,
        0.7601,
        0.7706,
        0.7719,
        0.7705,
        0.7638,
        0.7736,
        0.7765,
        0.7771,
        0.7681,
        0.7668
      ]
    },
    "Fine-tune": {
      "epoch": [
        1,
        2,
        3,
        4,
        5,
        6,
        7,
        8,
        9,
        10,
        11,
        12,
        13,
        14,
        15,
        16,
        17,
        18,
        19,
        20,
        21,
        22,
        23,
        24,
        25
      ],
      "train_loss": [
        0.2613,
        0.25147,
        0.24588,
        0.23958,
        0.2371,
        0.23323,
        0.23016,
        0.22314,
        0.2216,
        0.21826,
        0.2163,
        0.2139,
        0.20805,
        0.20586,
        0.20165,
        0.19909,
        0.20176,
        0.19534,
        0.1865,
        0.18409,
        0.18282,
        0.18096,
        0.17835,
        0.17645,
        0.17701
      ],
      "val_loss": [
        0.68903,
        0.64718,
        0.68746,
        0.67854,
        0.75309,
        0.72323,
        0.74618,
        0.78462,
        0.84097,
        0.83625,
        0.84952,
        0.89949,
        0.84352,
        0.84135,
        0.88914,
        0.96759,
        0.89938,
        0.9328,
        0.92657,
        0.98242,
        0.95761,
        0.97065,
        0.98122,
        0.97016,
        0.9701
      ],
      "train_f1": [
        0.8613,
        0.8645,
        0.8705,
        0.8718,
        0.8728,
        0.8756,
        0.8766,
        0.88,
        0.88,
        0.8843,
        0.8833,
        0.8864,
        0.8871,
        0.8898,
        0.8913,
        0.8935,
        0.8947,
        0.8953,
        0.8997,
        0.9023,
        0.9036,
        0.905,
        0.9058,
        0.9051,
        0.9055
      ],
      "val_f1": [
        0.7599,
        0.7826,
        0.7746,
        0.7856,
        0.7657,
        0.7785,
        0.7791,
        0.7842,
        0.769,
        0.7923,
        0.7819,
        0.7545,
        0.7799,
        0.782,
        0.7743,
        0.7763,
        0.7881,
        0.7865,
        0.7879,
        0.7781,
        0.7845,
        0.7862,
        0.7831,
        0.7695,
        0.7703
      ]
    },
    "CNN pretrain": {
      "epoch": [
        1,
        2,
        3,
        4,
        5,
        6,
        7,
        8,
        9,
        10,
        11,
        12,
        13,
        14,
        15,
        16,
        17,
        18,
        19,
        20,
        21,
        22,
        23,
        24,
        25,
        26,
        27,
        28,
        29,
        30,
        31,
        32,
        33,
        34,
        35,
        36,
        37,
        38,
        39
      ],