{
  "fold": 0,
  "seq_length": 5,
  "test_metrics": {
    "accuracy": 0.8586734693877551,
    "f1_macro": 0.797910447945213,
    "f1_weighted": 0.8610104323078345,
    "kappa": 0.8164033148311844
  },
  "val_metrics": {
    "accuracy": 0.8498727735368957,
    "f1_macro": 0.8179227143831771,
    "f1_weighted": 0.857227274610249,
    "kappa": 0.7853380840925203
  },
  "test_confusion_matrix": [
    [
      303,
      52,
      0,
      1,
      7
    ],
    [
      4,
      55,
      4,
      2,
      52
    ],
    [
      3,
      15,
      489,
      33,
      83
    ],
    [
      1,
      0,
      16,
      498,
      2
    ],
    [
      0,
      2,
      0,
      0,
      338
    ]
  ],
  "val_confusion_matrix": [
    [
      874,
      87,
      2,
      0,
      6
    ],
    [
      28,
      438,
      91,
      4,
      56
    ],
    [
      8,
      306,
      3150,
      202,
      129
    ],
    [
      0,
      1,
      44,
      624,
      0
    ],
    [
      1,
      98,
      58,
      0,
      1260
    ]
  ],
  "test_per_class": {
    "Wake": {
      "precision": 0.9742765273311897,
      "recall": 0.8347107438016529,
      "f1-score": 0.8991097922848664,
      "support": 363.0
    },
    "N1": {
      "precision": 0.4435483870967742,
      "recall": 0.4700854700854701,
      "f1-score": 0.45643153526970953,
      "support": 117.0
    },
    "N2": {
      "precision": 0.9607072691552063,
      "recall": 0.7849117174959872,
      "f1-score": 0.8639575971731449,
      "support": 623.0
    },
    "N3": {
      "precision": 0.9325842696629213,
      "recall": 0.9632495164410058,
      "f1-score": 0.9476688867745005,
      "support": 517.0
    },
    "REM": {
      "precision": 0.7012448132780082,
      "recall": 0.9941176470588236,
      "f1-score": 0.8223844282238443,
      "support": 340.0
    }
  },
  "val_per_class": {
    "Wake": {
      "precision": 0.9593852908891328,
      "recall": 0.9019607843137255,
      "f1-score": 0.9297872340425531,
      "support": 969.0
    },
    "N1": {
      "precision": 0.47096774193548385,
      "recall": 0.7098865478119936,
      "f1-score": 0.5662572721396251,
      "support": 617.0
    },
    "N2": {
      "precision": 0.9417040358744395,
      "recall": 0.8300395256916996,
      "f1-score": 0.8823529411764706,
      "support": 3795.0
    },
    "N3": {
      "precision": 0.7518072289156627,
      "recall": 0.9327354260089686,
      "f1-score": 0.8325550366911274,
      "support": 669.0
    },
    "REM": {
      "precision": 0.8683666436940042,
      "recall": 0.8892025405786874,
      "f1-score": 0.8786610878661087,
      "support": 1417.0
    }
  },
  "training_history": {
    "LSTM": {
      "epoch": [
        1,
        2,
        3,
        4,
        5,
        6,
        7,
        8,
        9,
        10,
        11,
        12,
        13,
        14,
        15,
        16,
        17,
        18,
        19,
        20,
        21,
        22,
        23,
        24
      ],
      "train_loss": [
        0.38636,
        0.34072,
        0.33741,
        0.33006,
        0.32868,
        0.32644,
        0.32341,
        0.32291,
        0.32202,
        0.32308,
        0.32205,
        0.31941,
        0.31992,
        0.32145,
        0.31595,
        0.31654,
        0.3173,
        0.31187,
        0.30676,
        0.30551,
        0.30237,
        0.30553,
        0.30087,
        0.3082
      ],
      "val_loss": [
        0.49775,
        0.48796,
        0.47654,
        0.45562,
        0.4801,
        0.46738,
        0.4509,
        0.47333,
        0.46876,
        0.47404,
        0.45928,
        0.47313,
        0.46503,
        0.45916,
        0.45731,
        0.46043,
        0.48909,
        0.4493,
        0.44874,
        0.4595,
        0.45217,
        0.46523,
        0.46051,
        0.45332
      ],
      "train_f1": [
        0.8217,
        0.8313,
        0.8322,
        0.8343,
        0.8345,
        0.832,
        0.8353,
        0.8352,
        0.8361,
        0.8339,
        0.8355,
        0.8351,
        0.834,
        0.8339,
        0.8371,
        0.8375,
        0.8364,
        0.8367,
        0.8397,
        0.838,
        0.8395,
        0.8394,
        0.8428,
        0.8379
      ],
      "val_f1": [
        0.778,
        0.8015,
        0.8066,
        0.8018,
        0.8039,
        0.8023,
        0.8045,
        0.7865,
        0.812,
        0.795,
        0.7988,
        0.7944,
        0.7916,
        0.8055,
        0.8025,
        0.8016,
        0.8001,
        0.7975,
        0.8066,
        0.7983,
        0.8032,
        0.808,
        0.7995,
        0.8033
      ]
    },
    "Fine-tune": {
      "epoch": [
        1,
        2,
        3,
        4,
        5,
        6,
        7,
        8,
        9,
        10,
        11,
        12,
        13,
        14,
        15,
        16,
        17,
        18,
        19,
        20,
        21,
        22,
        23,
        24
      ],
      "train_loss": [
        0.30713,
        0.29888,
        0.29113,
        0.28795,
        0.28374,
        0.28109,
        0.27743,
        0.27574,
        0.27436,
        0.27091,
        0.26889,
        0.26683,
        0.26175,
        0.26088,
        0.25649,
        0.25731,
        0.25178,
        0.24895,
        0.2471,
        0.24455,
        0.24239,
        0.24247,
        0.23936,
        0.2392
      ],
      "val_loss": [
        0.4649,
        0.45278,
        0.45011,
        0.46671,
        0.47767,
        0.47203,
        0.47462,
        0.46888,
        0.47175,
        0.49323,
        0.48386,
        0.49335,
        0.50142,
        0.49131,
        0.4949,
        0.48415,
        0.51627,
        0.48115,
        0.51162,
        0.51201,
        0.50537,
        0.50525,
        0.50502,
        0.52161
      ],
      "train_f1": [
        0.8434,
        0.8466,
        0.8513,
        0.8509,
        0.8512,
        0.8531,
        0.8553,
        0.8581,
        0.8555,
        0.8578,
        0.8607,
        0.8621,
        0.8632,
        0.8651,
        0.8653,
        0.8638,
        0.8671,
        0.8708,
        0.8696,
        0.8713,
        0.8714,
        0.8724,
        0.8742,
        0.8726
      ],
      "val_f1": [
        0.7966,
        0.7994,
        0.8099,
        0.806,
        0.7981,
        0.807,
        0.8043,
        0.8101,
        0.8179,
        0.8117,
        0.7997,
        0.8122,
        0.8081,
        0.8092,
        0.8142,
        0.8143,
        0.8041,
        0.8142,
        0.8047,
        0.8086,
        0.812,
        0.8036,
        0.8049,
        0.8155
      ]
    },
    "CNN pretrain": {
      "epoch": [
        1,
        2,
        3,
        4,
        5,
        6,
        7,
        8,
        9,
        10,
        11,
        12,
        13,
        14,
        15,
        16,
        17,
        18,
        19,
        20,
        21,
        22,
        23,
        24,
        25
      ],
      "train_loss": [
        0.68944,
        0.55744,
        0.52879,
        0.51651,
        0.50106,
        0.49391,
        0.47699,
        0.47478,
        0.46642,
        0.45652,
        0.45526,
        0.44902,
        0.45092,
        0.43191,
        0.43966,
        0.43042,
        0.42831,
        0.41921,
        0.39872,
        0.39392,
        0.39233,
        0.38601,
        0.37782,
        0.38358,
        0.37218
      ],
      "val_loss": [
        0.64691,
        0.62493,
        0.55774,
        0.59313,
        0.58215,
        0.54198,
        0.60493,
        0.56021,
        0.58321,
        0.61558,
        0.53303,
        0.60433,
        0.65834,
        0.58125,
        0.62968,
        0.56964,
        0.73969,
        0.60236,
        0.6319,
        0.54837,
        0.56607,
        0.61095,
        0.55738,
        0.6082,
        0.55309
      ],