{
  "fold": 10,
  "seq_length": 5,
  "test_metrics": {
    "accuracy": 0.850091407678245,
    "f1_macro": 0.7830155797289372,
    "f1_weighted": 0.8651502281033036,
    "kappa": 0.7618362723930598
  },
  "val_metrics": {
    "accuracy": 0.8594795539033457,
    "f1_macro": 0.820144558278449,
    "f1_weighted": 0.8614338875349203,
    "kappa": 0.8065923752416226
  },
  "test_confusion_matrix": [
    [
      254,
      33,
      2,
      0,
      2
    ],
    [
      8,
      152,
      19,
      0,
      3
    ],
    [
      6,
      116,
      1117,
      20,
      19
    ],
    [
      0,
      0,
      3,
      28,
      0
    ],
    [
      2,
      69,
      26,
      0,
      309
    ]
  ],
  "val_confusion_matrix": [
    [
      1068,
      77,
      4,
      1,
      8
    ],
    [
      40,
      349,
      132,
      4,
      76
    ],
    [
      21,
      143,
      3089,
      179,
      96
    ],
    [
      6,
      0,
      88,
      1102,
      0
    ],
    [
      4,
      127,
      128,
      0,
      1328
    ]
  ],
  "test_per_class": {
    "Wake": {
      "precision": 0.9407407407407408,
      "recall": 0.872852233676976,
      "f1-score": 0.9055258467023173,
      "support": 291.0
    },
    "N1": {
      "precision": 0.41081081081081083,
      "recall": 0.8351648351648352,
      "f1-score": 0.5507246376811594,
      "support": 182.0
    },
    "N2": {
      "precision": 0.9571550985432733,
      "recall": 0.8740219092331768,
      "f1-score": 0.9137014314928426,
      "support": 1278.0
    },
    "N3": {
      "precision": 0.5833333333333334,
      "recall": 0.9032258064516129,
      "f1-score": 0.7088607594936709,
      "support": 31.0
    },
    "REM": {
      "precision": 0.9279279279279279,
      "recall": 0.7610837438423645,
      "f1-score": 0.8362652232746955,
      "support": 406.0
    }
  },
  "val_per_class": {
    "Wake": {
      "precision": 0.9376646180860404,
      "recall": 0.9222797927461139,
      "f1-score": 0.9299085764040053,
      "support": 1158.0
    },
    "N1": {
      "precision": 0.5014367816091954,
      "recall": 0.5806988352745425,
      "f1-score": 0.5381649961449498,
      "support": 601.0
    },
    "N2": {
      "precision": 0.8977041557686719,
      "recall": 0.8755668934240363,
      "f1-score": 0.8864973453867125,
      "support": 3528.0
    },
    "N3": {
      "precision": 0.8569206842923794,
      "recall": 0.9214046822742475,
      "f1-score": 0.8879935535858179,
      "support": 1196.0
    },
    "REM": {
      "precision": 0.8806366047745358,
      "recall": 0.8367989918084436,
      "f1-score": 0.8581583198707593,
      "support": 1587.0
    }
  },
  "training_history": {
    "LSTM": {
      "epoch": [
        1,
        2,
        3,
        4,
        5,
        6,
        7,
        8,
        9,
        10,
        11,
        12,
        13,
        14,
        15,
        16
      ],
      "train_loss": [
        0.34294,
        0.28713,
        0.28438,
        0.28344,
        0.27246,
        0.27802,
        0.27183,
        0.27046,
        0.2718,
        0.26361,
        0.26169,
        0.26255,
        0.25978,
        0.25946,
        0.2578,
        0.25428
      ],
      "val_loss": [
        0.46789,
        0.4752,
        0.46023,
        0.46174,
        0.51317,
        0.49402,
        0.49528,
        0.47631,
        0.47529,
        0.49763,
        0.4931,
        0.50649,
        0.48861,
        0.51184,
        0.51048,
        0.52254
      ],
      "train_f1": [
        0.8364,
        0.8522,
        0.8502,
        0.8494,
        0.8544,
        0.8522,
        0.8549,
        0.856,
        0.8534,
        0.8552,
        0.8571,
        0.8575,
        0.8582,
        0.8586,
        0.86,
        0.8603
      ],
      "val_f1": [
        0.8249,
        0.8159,
        0.812,
        0.811,
        0.7872,
        0.8096,
        0.8018,
        0.8042,
        0.8032,
        0.7904,
        0.8055,
        0.8029,
        0.8056,
        0.7974,
        0.7988,
        0.7968
      ]
    },
    "Fine-tune": {
      "epoch": [
        1,
        2,
        3,
        4,
        5,
        6,
        7,
        8,
        9,
        10,
        11,
        12,
        13,
        14,
        15,
        16,
        17,
        18,
        19,
        20,
        21,
        22,
        23,
        24,
        25,
        26,
        27,
        28,
        29,
        30
      ],
      "train_loss": [
        0.27442,
        0.26149,
        0.25687,
        0.25479,
        0.24713,
        0.24441,
        0.23874,
        0.23476,
        0.23444,
        0.23128,
        0.22734,
        0.22507,
        0.22111,
        0.21981,
        0.21632,
        0.21513,
        0.21156,
        0.20391,
        0.20564,
        0.20323,
        0.20062,
        0.19537,
        0.19942,
        0.195,
        0.18477,
        0.18065,
        0.17972,
        0.17594,
        0.17492,
        0.17527
      ],
      "val_loss": [
        0.49192,
        0.47731,
        0.50319,
        0.55288,
        0.52719,
        0.51772,
        0.52299,
        0.54412,
        0.54111,
        0.52953,
        0.56464,
        0.57608,
        0.60823,
        0.60363,
        0.57956,
        0.5683,
        0.59257,
        0.71592,
        0.60474,
        0.68987,
        0.60303,
        0.71134,
        0.63151,
        0.69587,
        0.65839,
        0.67529,
        0.66667,
        0.69406,
        0.7317,
        0.7286
      ],
      "train_f1": [
        0.8585,
        0.8634,
        0.8652,
        0.8662,
        0.8683,
        0.8707,
        0.8734,
        0.8767,
        0.8759,
        0.8758,
        0.8801,
        0.8803,
        0.8819,
        0.8836,
        0.884,
        0.8868,
        0.8882,
        0.8927,
        0.8919,
        0.8927,
        0.8928,
        0.8951,
        0.8934,
        0.8956,
        0.8988,
        0.9037,
        0.9035,
        0.9045,
        0.9069,
        0.9069
      ],
      "val_f1": [
        0.814,
        0.807,
        0.8088,
        0.7879,
        0.7948,
        0.8105,
        0.8084,
        0.8153,
        0.802,
        0.8058,
        0.806,
        0.8101,
        0.795,
        0.7893,
        0.8084,
        0.8201,
        0.8092,
        0.773,
        0.8164,
        0.7839,
        0.8117,
        0.7977,
        0.7983,
        0.7875,
        0.7916,
        0.8086,
        0.8015,
        0.7951,
        0.795,
        0.8065
      ]
    },
    "CNN pretrain": {
      "epoch": [
        1,
        2,
        3,
        4,
        5,
        6,
        7,
        8,
        9,
        10,
        11,
        12,
        13,
        14,
        15,
        16,
        17,
        18,
        19,
        20,
        21,
        22,
        23,
        24,
        25,
        26,
        27,
        28,
        29,
        30,
        31,
        32,
        33,
        34,
        35,
        36,
        37,
        38,
        39
      ],
      "train_loss": [
        0.67812,
        0.55166,
        0.53149,
        0.51493,
        0.50158,
        0.4889,
        0.48192,
        0.47128,
        0.46784,
        0.45832,
        0.45344,
        0.44754,
        0.44402,
        0.44307,
        0.43582,
        0.42798,
        0.43093,
        0.42217,
        0.42447,
        0.39145,
        0.388,
        0.38126,
        0.38236,
        0.37791,
        0.3758,
        0.37518,
        0.36628,
        0.36333,
        0.36287,
        0.35861,
        0.35924,
        0.35785,
        0.33617,
        0.32706,
        0.32265,
        0.31739,
        0.31737,
        0.31086,
        0.31729
      ],