{
  "fold": 0,
  "seq_length": 5,
  "test_metrics": {
    "accuracy": 0.8760204081632653,
    "f1_macro": 0.8006633151711646,
    "f1_weighted": 0.8756032389168262,
    "kappa": 0.8374480421103359
  },
  "val_metrics": {
    "accuracy": 0.8481317798312575,
    "f1_macro": 0.8148871456317137,
    "f1_weighted": 0.8564648073992611,
    "kappa": 0.781516725176039
  },
  "test_confusion_matrix": [
    [
      299,
      55,
      3,
      0,
      6
    ],
    [
      6,
      45,
      12,
      1,
      53
    ],
    [
      2,
      5,
      555,
      30,
      31
    ],
    [
      1,
      0,
      25,
      489,
      2
    ],
    [
      0,
      4,
      7,
      0,
      329
    ]
  ],
  "val_confusion_matrix": [
    [
      855,
      101,
      5,
      2,
      6
    ],
    [
      19,
      449,
      105,
      5,
      39
    ],
    [
      8,
      283,
      3212,
      190,
      102
    ],
    [
      1,
      0,
      52,
      616,
      0
    ],
    [
      1,
      140,
      75,
      0,
      1201
    ]
  ],
  "test_per_class": {
    "Wake": {
      "precision": 0.9707792207792207,
      "recall": 0.8236914600550964,
      "f1-score": 0.8912071535022354,
      "support": 363.0
    },
    "N1": {
      "precision": 0.41284403669724773,
      "recall": 0.38461538461538464,
      "f1-score": 0.39823008849557523,
      "support": 117.0
    },
    "N2": {
      "precision": 0.9219269102990033,
      "recall": 0.8908507223113965,
      "f1-score": 0.9061224489795918,
      "support": 623.0
    },
    "N3": {
      "precision": 0.9403846153846154,
      "recall": 0.9458413926499033,
      "f1-score": 0.9431051108968177,
      "support": 517.0
    },
    "REM": {
      "precision": 0.7814726840855107,
      "recall": 0.9676470588235294,
      "f1-score": 0.8646517739816032,
      "support": 340.0
    }
  },
  "val_per_class": {
    "Wake": {
      "precision": 0.9671945701357466,
      "recall": 0.8823529411764706,
      "f1-score": 0.9228278467350243,
      "support": 969.0
    },
    "N1": {
      "precision": 0.4614594039054471,
      "recall": 0.7277147487844409,
      "f1-score": 0.5647798742138365,
      "support": 617.0
    },
    "N2": {
      "precision": 0.9312844302696434,
      "recall": 0.8463768115942029,
      "f1-score": 0.8868028713418001,
      "support": 3795.0
    },
    "N3": {
      "precision": 0.7576875768757687,
      "recall": 0.9207772795216741,
      "f1-score": 0.8313090418353576,
      "support": 669.0
    },
    "REM": {
      "precision": 0.8909495548961425,
      "recall": 0.8475652787579393,
      "f1-score": 0.8687160940325497,
      "support": 1417.0
    }
  },
  "training_history": {
    "LSTM": {
      "epoch": [
        1,
        2,
        3,
        4,
        5,
        6,
        7,
        8,
        9,
        10,
        11,
        12,
        13,
        14,
        15,
        16
      ],
      "train_loss": [
        0.31463,
        0.25934,
        0.2554,
        0.25288,
        0.24756,
        0.25071,
        0.24744,
        0.24315,
        0.24178,
        0.23629,
        0.23427,
        0.23284,
        0.23251,
        0.2325,
        0.23029,
        0.23148
      ],
      "val_loss": [
        0.46917,
        0.51265,
        0.52251,
        0.5515,
        0.50806,
        0.50618,
        0.49886,
        0.52509,
        0.50324,
        0.50655,
        0.50092,
        0.50068,
        0.53075,
        0.51921,
        0.49499,
        0.50212
      ],
      "train_f1": [
        0.8513,
        0.8632,
        0.8632,
        0.864,
        0.8653,
        0.8646,
        0.8657,
        0.8667,
        0.868,
        0.8707,
        0.8712,
        0.8715,
        0.8723,
        0.8702,
        0.8709,
        0.87
      ],
      "val_f1": [
        0.8066,
        0.7859,
        0.7726,
        0.7761,
        0.7984,
        0.7893,
        0.7825,
        0.7777,
        0.7902,
        0.7921,
        0.7917,
        0.7896,
        0.7845,
        0.7869,
        0.795,
        0.7857
      ]
    },
    "Fine-tune": {
      "epoch": [
        1,
        2,
        3,
        4,
        5,
        6,
        7,
        8,
        9,
        10,
        11,
        12,
        13,
        14,
        15,
        16,
        17,
        18,
        19,
        20,
        21,
        22
      ],
      "train_loss": [
        0.23929,
        0.22505,
        0.22151,
        0.21358,
        0.20964,
        0.20849,
        0.19933,
        0.19943,
        0.19707,
        0.19199,
        0.19034,
        0.18751,
        0.18628,
        0.18024,
        0.17827,
        0.16811,
        0.16537,
        0.16459,
        0.16382,
        0.16155,
        0.15862,
        0.15597
      ],
      "val_loss": [
        0.52149,
        0.50913,
        0.53309,
        0.5657,
        0.55753,
        0.5948,
        0.54259,
        0.60531,
        0.57517,
        0.60095,
        0.61332,
        0.55647,
        0.65837,
        0.60277,
        0.60008,
        0.63633,
        0.68106,
        0.68284,
        0.70716,
        0.62315,
        0.65245,
        0.70948
      ],
      "train_f1": [
        0.8739,
        0.8788,
        0.8817,
        0.8863,
        0.8894,
        0.8884,
        0.8929,
        0.8933,
        0.8947,
        0.8955,
        0.8995,
        0.8987,
        0.9003,
        0.9036,
        0.9042,
        0.9085,
        0.911,
        0.9136,
        0.9119,
        0.9134,
        0.9138,
        0.9165
      ],
      "val_f1": [
        0.8048,
        0.805,
        0.8,
        0.7954,
        0.7916,
        0.8082,
        0.8149,
        0.7916,
        0.8023,
        0.7924,
        0.7857,
        0.8058,
        0.7653,
        0.7935,
        0.7911,
        0.7922,
        0.7851,
        0.78,
        0.7767,
        0.7936,
        0.7985,
        0.7828
      ]
    },
    "CNN pretrain": {
      "epoch": [
        1,
        2,
        3,
        4,
        5,
        6,
        7,
        8,
        9,
        10,
        11,
        12,
        13,
        14,
        15,
        16,
        17,
        18,
        19,
        20,
        21,
        22,
        23,
        24,
        25,
        26,
        27,
        28,
        29,
        30,
        31,
        32,
        33,
        34,
        35,
        36,
        37,
        38,
        39,
        40,
        41,
        42,
        43,
        44,
        45,
        46,
        47,
        48,
        49,
        50
      ],
      "train_loss": [
        0.69879,
        0.56619,
        0.53499,
        0.51667,
        0.50374,
        0.48862,
        0.48422,
        0.48029,
        0.47105,
        0.46616,
        0.45889,
        0.45742,
        0.44455,
        0.4425,
        0.44407,
        0.43286,
        0.43372,
        0.42705,
        0.42113,
        0.42109,
        0.41678,
        0.38388,
        0.38847,
        0.38275,
        0.37752,
        0.37526,
        0.3681,
        0.36641,
        0.36307,
        0.3563,
        0.36041,
        0.35498,
        0.34981,
        0.34928,
        0.3474,
        0.34116,
        0.3376,
        0.33762,
        0.33014,
        0.32867,
        0.32642,
        0.32267,
        0.31905,
        0.31269,
        0.29339,
        0.28396,
        0.27748,
        0.2746,
        0.2708,
        0.26828
      ],