{
  "fold": 16,
  "seq_length": 5,
  "test_metrics": {
    "accuracy": 0.8111266947171576,
    "f1_macro": 0.764762946768222,
    "f1_weighted": 0.8323654743651587,
    "kappa": 0.7449425693105602
  },
  "val_metrics": {
    "accuracy": 0.8730118973074514,
    "f1_macro": 0.8336540281245609,
    "f1_weighted": 0.8785777004928373,
    "kappa": 0.8293430208253284
  },
  "test_confusion_matrix": [
    [
      289,
      62,
      0,
      0,
      36
    ],
    [
      1,
      84,
      6,
      0,
      6
    ],
    [
      5,
      101,
      769,
      21,
      11
    ],
    [
      0,
      1,
      32,
      260,
      0
    ],
    [
      1,
      63,
      58,
      0,
      333
    ]
  ],
  "val_confusion_matrix": [
    [
      1576,
      68,
      1,
      1,
      3
    ],
    [
      25,
      355,
      77,
      2,
      64
    ],
    [
      8,
      257,
      2774,
      166,
      104
    ],
    [
      0,
      2,
      54,
      937,
      0
    ],
    [
      1,
      99,
      82,
      0,
      1329
    ]
  ],
  "test_per_class": {
    "Wake": {
      "precision": 0.9763513513513513,
      "recall": 0.7467700258397932,
      "f1-score": 0.8462664714494875,
      "support": 387.0
    },
    "N1": {
      "precision": 0.27009646302250806,
      "recall": 0.865979381443299,
      "f1-score": 0.4117647058823529,
      "support": 97.0
    },
    "N2": {
      "precision": 0.8890173410404625,
      "recall": 0.8478500551267916,
      "f1-score": 0.8679458239277652,
      "support": 907.0
    },
    "N3": {
      "precision": 0.9252669039145908,
      "recall": 0.8873720136518771,
      "f1-score": 0.9059233449477352,
      "support": 293.0
    },
    "REM": {
      "precision": 0.8626943005181347,
      "recall": 0.7318681318681318,
      "f1-score": 0.7919143876337693,
      "support": 455.0
    }
  },
  "val_per_class": {
    "Wake": {
      "precision": 0.9788819875776398,
      "recall": 0.9557307459066101,
      "f1-score": 0.9671678428965941,
      "support": 1649.0
    },
    "N1": {
      "precision": 0.45454545454545453,
      "recall": 0.6787762906309751,
      "f1-score": 0.5444785276073619,
      "support": 523.0
    },
    "N2": {
      "precision": 0.928380187416332,
      "recall": 0.838319734058628,
      "f1-score": 0.8810544703827219,
      "support": 3309.0
    },
    "N3": {
      "precision": 0.8471971066907775,
      "recall": 0.9436052366565961,
      "f1-score": 0.8928060981419723,
      "support": 993.0
    },
    "REM": {
      "precision": 0.886,
      "recall": 0.8795499669093315,
      "f1-score": 0.8827632015941548,
      "support": 1511.0
    }
  },
  "training_history": {
    "LSTM": {
      "epoch": [
        1,
        2,
        3,
        4,
        5,
        6,
        7,
        8,
        9,
        10,
        11,
        12,
        13,
        14,
        15,
        16,
        17,
        18
      ],
      "train_loss": [
        0.37013,
        0.32822,
        0.3252,
        0.32109,
        0.31687,
        0.31717,
        0.31218,
        0.31004,
        0.31243,
        0.30644,
        0.30356,
        0.29806,
        0.29789,
        0.29802,
        0.29602,
        0.29607,
        0.29447,
        0.29282
      ],
      "val_loss": [
        0.38285,
        0.39668,
        0.40285,
        0.37558,
        0.43252,
        0.37996,
        0.39918,
        0.39766,
        0.38433,
        0.40377,
        0.40341,
        0.40047,
        0.38557,
        0.40319,
        0.39732,
        0.39101,
        0.40848,
        0.41027
      ],
      "train_f1": [
        0.8296,
        0.8375,
        0.8398,
        0.8421,
        0.8427,
        0.841,
        0.8451,
        0.8471,
        0.8428,
        0.8473,
        0.8479,
        0.8501,
        0.8492,
        0.8497,
        0.849,
        0.85,
        0.8498,
        0.85
      ],
      "val_f1": [
        0.8304,
        0.8176,
        0.842,
        0.8228,
        0.8173,
        0.8331,
        0.8354,
        0.8327,
        0.834,
        0.8307,
        0.8269,
        0.8282,
        0.8277,
        0.8318,
        0.835,
        0.8191,
        0.8284,
        0.8246
      ]
    },
    "Fine-tune": {
      "epoch": [
        1,
        2,
        3,
        4,
        5,
        6,
        7,
        8,
        9,
        10,
        11,
        12,
        13,
        14,
        15,
        16,
        17,
        18,
        19,
        20,
        21
      ],
      "train_loss": [
        0.30625,
        0.29795,
        0.29763,
        0.28966,
        0.29011,
        0.28467,
        0.28052,
        0.27754,
        0.2772,
        0.27403,
        0.27003,
        0.26958,
        0.26842,
        0.26411,
        0.25803,
        0.25523,
        0.25309,
        0.25137,
        0.24996,
        0.24794,
        0.25244
      ],
      "val_loss": [
        0.40352,
        0.40857,
        0.43611,
        0.43414,
        0.43337,
        0.4161,
        0.42015,
        0.43082,
        0.44445,
        0.42698,
        0.42462,
        0.44509,
        0.45038,
        0.43382,
        0.44714,
        0.43542,
        0.44384,
        0.47415,
        0.45939,
        0.46918,
        0.48017
      ],
      "train_f1": [
        0.8488,
        0.8518,
        0.8521,
        0.8533,
        0.8553,
        0.8566,
        0.8588,
        0.8591,
        0.8584,
        0.8633,
        0.8649,
        0.8642,
        0.8641,
        0.865,
        0.8692,
        0.8704,
        0.8697,
        0.8721,
        0.8721,
        0.8746,
        0.8696
      ],
      "val_f1": [
        0.8271,
        0.825,
        0.8142,
        0.8259,
        0.8189,
        0.8337,
        0.83,
        0.8239,
        0.8235,
        0.8318,
        0.8264,
        0.8236,
        0.8169,
        0.8297,
        0.8268,
        0.8318,
        0.8299,
        0.8173,
        0.8194,
        0.8273,
        0.826
      ]
    },
    "CNN pretrain": {
      "epoch": [
        1,
        2,
        3,
        4,
        5,
        6,
        7,
        8,
        9,
        10,
        11,
        12,
        13,
        14,
        15,
        16,
        17,
        18,
        19,
        20,
        21,
        22,
        23,
        24,
        25,
        26,
        27,
        28
      ],
      "train_loss": [
        0.68163,
        0.54978,
        0.52047,
        0.51392,
        0.49272,
        0.48729,
        0.47426,
        0.47017,
        0.46379,
        0.46265,
        0.43699,
        0.4304,
        0.42261,
        0.4246,
        0.41595,
        0.41556,
        0.41632,
        0.40548,
        0.40844,
        0.40022,
        0.40138,
        0.3823,
        0.37521,
        0.37339,
        0.37118,
        0.36606,
        0.36687,
        0.36293
      ],
      "val_loss": [
        0.54209,
        0.48636,
        0.54831,
        0.53851,
        0.49343,
        0.57741,
        0.52821,
        0.53453,
        0.52647,
        0.54719,
        0.4944,
        0.49405,
        0.46202,
        0.50041,
        0.48355,
        0.63348,
        0.50439,
        0.5107,
        0.54723,
        0.57359,
        0.49895,
        0.47644,
        0.50692,
        0.52943,
        0.50797,
        0.54207,
        0.49381,
        0.5229
      ],
      "train_f1": [
        0.696,
        0.755,
        0.7666,
        0.7728,
        0.7804,
        0.7797,
        0.7848,
        0.7872,
        0.7881,
        0.7884,
        0.7977,
        0.7999,
        0.8025,
        0.8014,
        0.8049,
        0.8038,
        0.8047,
        0.8076,
        0.8085,
        0.8113,
        0.8064,
        0.8153,
        0.8207,
        0.8194,
        0.8208,
        0.8221,
        0.8237,
        0.8241
      ],