{
  "fold": 12,
  "seq_length": 5,
  "test_metrics": {
    "accuracy": 0.7817911924789708,
    "f1_macro": 0.7354560723747794,
    "f1_weighted": 0.7915470612888684,
    "kappa": 0.7089474887335903
  },
  "val_metrics": {
    "accuracy": 0.8238238238238238,
    "f1_macro": 0.7770503457944568,
    "f1_weighted": 0.831519409742639,
    "kappa": 0.770640336736339
  },
  "test_confusion_matrix": [
    [
      237,
      203,
      9,
      1,
      8
    ],
    [
      0,
      66,
      91,
      0,
      12
    ],
    [
      0,
      29,
      682,
      14,
      25
    ],
    [
      0,
      0,
      4,
      183,
      0
    ],
    [
      0,
      9,
      35,
      1,
      412
    ]
  ],
  "val_confusion_matrix": [
    [
      1620,
      227,
      18,
      7,
      22
    ],
    [
      17,
      280,
      37,
      4,
      74
    ],
    [
      80,
      164,
      2178,
      390,
      118
    ],
    [
      0,
      1,
      29,
      1421,
      0
    ],
    [
      61,
      104,
      52,
      3,
      1085
    ]
  ],
  "test_per_class": {
    "Wake": {
      "precision": 1.0,
      "recall": 0.517467248908297,
      "f1-score": 0.6820143884892086,
      "support": 458.0
    },
    "N1": {
      "precision": 0.21498371335504887,
      "recall": 0.3905325443786982,
      "f1-score": 0.2773109243697479,
      "support": 169.0
    },
    "N2": {
      "precision": 0.830694275274056,
      "recall": 0.9093333333333333,
      "f1-score": 0.8682367918523234,
      "support": 750.0
    },
    "N3": {
      "precision": 0.9195979899497487,
      "recall": 0.9786096256684492,
      "f1-score": 0.9481865284974094,
      "support": 187.0
    },
    "REM": {
      "precision": 0.9015317286652079,
      "recall": 0.9015317286652079,
      "f1-score": 0.9015317286652079,
      "support": 457.0
    }
  },
  "val_per_class": {
    "Wake": {
      "precision": 0.9111361079865017,
      "recall": 0.8553326293558606,
      "f1-score": 0.8823529411764706,
      "support": 1894.0
    },
    "N1": {
      "precision": 0.36082474226804123,
      "recall": 0.6796116504854369,
      "f1-score": 0.4713804713804714,
      "support": 412.0
    },
    "N2": {
      "precision": 0.9412273120138289,
      "recall": 0.7433447098976109,
      "f1-score": 0.8306636155606407,
      "support": 2930.0
    },
    "N3": {
      "precision": 0.7786301369863013,
      "recall": 0.9793246037215714,
      "f1-score": 0.8675213675213675,
      "support": 1451.0
    },
    "REM": {
      "precision": 0.8352578906851424,
      "recall": 0.8314176245210728,
      "f1-score": 0.8333333333333334,
      "support": 1305.0
    }
  },
  "training_history": {
    "LSTM": {
      "epoch": [
        1,
        2,
        3,
        4,
        5,
        6,
        7,
        8,
        9,
        10,
        11,
        12,
        13,
        14,
        15,
        16,
        17,
        18,
        19,
        20,
        21,
        22,
        23,
        24,
        25,
        26,
        27,
        28
      ],
      "train_loss": [
        0.35505,
        0.30567,
        0.29815,
        0.2963,
        0.29191,
        0.28704,
        0.28744,
        0.28298,
        0.2824,
        0.2804,
        0.28024,
        0.27945,
        0.2794,
        0.27511,
        0.27563,
        0.27457,
        0.27155,
        0.27338,
        0.27266,
        0.27219,
        0.27174,
        0.2642,
        0.26635,
        0.26318,
        0.26328,
        0.26084,
        0.26178,
        0.26166
      ],
      "val_loss": [
        0.47712,
        0.45987,
        0.51515,
        0.47789,
        0.48749,
        0.50046,
        0.50511,
        0.4699,
        0.51017,
        0.47844,
        0.52587,
        0.48328,
        0.48156,
        0.48581,
        0.49152,
        0.51556,
        0.49288,
        0.51362,
        0.49902,
        0.47798,
        0.50648,
        0.49911,
        0.48702,
        0.48514,
        0.48756,
        0.49787,
        0.49888,
        0.49349
      ],
      "train_f1": [
        0.8329,
        0.8433,
        0.8426,
        0.8448,
        0.8466,
        0.849,
        0.8482,
        0.8502,
        0.8517,
        0.8508,
        0.8514,
        0.8508,
        0.849,
        0.853,
        0.8557,
        0.852,
        0.8535,
        0.8525,
        0.8551,
        0.8559,
        0.8553,
        0.8575,
        0.855,
        0.8578,
        0.8571,
        0.858,
        0.8578,
        0.859
      ],
      "val_f1": [
        0.7783,
        0.7767,
        0.7711,
        0.7737,
        0.7815,
        0.7643,
        0.7676,
        0.7728,
        0.7572,
        0.7726,
        0.761,
        0.7794,
        0.7847,
        0.7708,
        0.762,
        0.7676,
        0.7705,
        0.7598,
        0.769,
        0.7757,
        0.765,
        0.767,
        0.7714,
        0.7839,
        0.7747,
        0.7704,
        0.7666,
        0.7693
      ]
    },
    "Fine-tune": {
      "epoch": [
        1,
        2,
        3,
        4,
        5,
        6,
        7,
        8,
        9,
        10,
        11,
        12,
        13,
        14,
        15,
        16,
        17
      ],
      "train_loss": [
        0.25975,
        0.24941,
        0.24475,
        0.2418,
        0.23603,
        0.23526,
        0.23025,
        0.22838,
        0.22795,
        0.22311,
        0.21435,
        0.21634,
        0.21391,
        0.21195,
        0.21094,
        0.21071,
        0.21158
      ],
      "val_loss": [
        0.53709,
        0.537,
        0.58541,
        0.55503,
        0.58584,
        0.56135,
        0.56385,
        0.61873,
        0.61469,
        0.61572,
        0.62945,
        0.62689,
        0.63616,
        0.66408,
        0.66542,
        0.66661,
        0.66314
      ],
      "train_f1": [
        0.8606,
        0.8659,
        0.8696,
        0.87,
        0.8731,
        0.873,
        0.8765,
        0.8772,
        0.8778,
        0.8801,
        0.8838,
        0.8834,
        0.884,
        0.8849,
        0.8844,
        0.8849,
        0.886
      ],
      "val_f1": [
        0.768,
        0.7771,
        0.7572,
        0.7695,
        0.7664,
        0.7705,
        0.7676,
        0.7628,
        0.7691,
        0.7668,
        0.7655,
        0.7612,
        0.7604,
        0.7572,
        0.7618,
        0.7638,
        0.7644
      ]
    },
    "CNN pretrain": {
      "epoch": [
        1,
        2,
        3,
        4,
        5,
        6,
        7,
        8,
        9,
        10,
        11,
        12,
        13,
        14,
        15,
        16,
        17,
        18,
        19,
        20,
        21,
        22,
        23,
        24,
        25,
        26,
        27,
        28,
        29,
        30,
        31,
        32,
        33,
        34,
        35,
        36,
        37
      ],
      "train_loss": [
        0.68013,
        0.5454,
        0.5233,
        0.50896,
        0.50715,
        0.48042,
        0.47838,
        0.47205,
        0.45936,
        0.45598,
        0.44119,
        0.44097,
        0.43683,
        0.43959,
        0.42888,
        0.42046,
        0.42731,
        0.41495,
        0.4159,
        0.40649,
        0.40663,
        0.40537,
        0.40203,
        0.3949,
        0.39228,
        0.3913,
        0.38628,
        0.39119,
        0.38073,
        0.37462,
        0.35143,
        0.34244,
        0.34212,
        0.33904,
        0.33711,
        0.33088,
        0.32758
      ],