{
  "fold": 11,
  "seq_length": 5,
  "test_metrics": {
    "accuracy": 0.772938443670151,
    "f1_macro": 0.708652501256925,
    "f1_weighted": 0.7737296345831621,
    "kappa": 0.6558897214927994
  },
  "val_metrics": {
    "accuracy": 0.8166175604007071,
    "f1_macro": 0.779430973295169,
    "f1_weighted": 0.8270505123989059,
    "kappa": 0.7616050440854237
  },
  "test_confusion_matrix": [
    [
      215,
      6,
      21,
      1,
      1
    ],
    [
      4,
      21,
      2,
      3,
      1
    ],
    [
      30,
      32,
      716,
      93,
      27
    ],
    [
      0,
      0,
      38,
      202,
      0
    ],
    [
      2,
      5,
      125,
      0,
      177
    ]
  ],
  "val_confusion_matrix": [
    [
      1489,
      56,
      1,
      4,
      0
    ],
    [
      153,
      396,
      26,
      2,
      65
    ],
    [
      59,
      462,
      2491,
      209,
      121
    ],
    [
      9,
      16,
      52,
      1475,
      2
    ],
    [
      37,
      228,
      53,
      1,
      1078
    ]
  ],
  "test_per_class": {
    "Wake": {
      "precision": 0.8565737051792829,
      "recall": 0.8811475409836066,
      "f1-score": 0.8686868686868687,
      "support": 244.0
    },
    "N1": {
      "precision": 0.328125,
      "recall": 0.6774193548387096,
      "f1-score": 0.4421052631578947,
      "support": 31.0
    },
    "N2": {
      "precision": 0.7937915742793792,
      "recall": 0.7973273942093542,
      "f1-score": 0.7955555555555556,
      "support": 898.0
    },
    "N3": {
      "precision": 0.6755852842809364,
      "recall": 0.8416666666666667,
      "f1-score": 0.7495361781076066,
      "support": 240.0
    },
    "REM": {
      "precision": 0.8592233009708737,
      "recall": 0.5728155339805825,
      "f1-score": 0.6873786407766991,
      "support": 309.0
    }
  },
  "val_per_class": {
    "Wake": {
      "precision": 0.8523182598740698,
      "recall": 0.9606451612903226,
      "f1-score": 0.9032453745829542,
      "support": 1550.0
    },
    "N1": {
      "precision": 0.34196891191709844,
      "recall": 0.616822429906542,
      "f1-score": 0.44,
      "support": 642.0
    },
    "N2": {
      "precision": 0.949675943576058,
      "recall": 0.7453620586475165,
      "f1-score": 0.8352053646269908,
      "support": 3342.0
    },
    "N3": {
      "precision": 0.8722649319929036,
      "recall": 0.9491634491634492,
      "f1-score": 0.9090909090909091,
      "support": 1554.0
    },
    "REM": {
      "precision": 0.8515007898894155,
      "recall": 0.7716535433070866,
      "f1-score": 0.8096132181749907,
      "support": 1397.0
    }
  },
  "training_history": {
    "LSTM": {
      "epoch": [
        1,
        2,
        3,
        4,
        5,
        6,
        7,
        8,
        9,
        10,
        11,
        12,
        13,
        14,
        15,
        16,
        17
      ],
      "train_loss": [
        0.3505,
        0.30517,
        0.29984,
        0.29784,
        0.29457,
        0.2915,
        0.29106,
        0.28771,
        0.28827,
        0.28808,
        0.28184,
        0.27973,
        0.27567,
        0.27802,
        0.27756,
        0.27576,
        0.27517
      ],
      "val_loss": [
        0.52607,
        0.4617,
        0.49498,
        0.47263,
        0.47956,
        0.47708,
        0.46171,
        0.50346,
        0.4865,
        0.48703,
        0.50062,
        0.5125,
        0.46061,
        0.50751,
        0.52335,
        0.47734,
        0.5173
      ],
      "train_f1": [
        0.8325,
        0.8421,
        0.8449,
        0.8444,
        0.8425,
        0.8442,
        0.8458,
        0.847,
        0.8462,
        0.847,
        0.8496,
        0.8491,
        0.8498,
        0.8503,
        0.8524,
        0.8507,
        0.851
      ],
      "val_f1": [
        0.7578,
        0.7958,
        0.7746,
        0.783,
        0.7868,
        0.7827,
        0.7892,
        0.7712,
        0.7834,
        0.775,
        0.7802,
        0.7757,
        0.7929,
        0.7679,
        0.758,
        0.7848,
        0.7742
      ]
    },
    "Fine-tune": {
      "epoch": [
        1,
        2,
        3,
        4,
        5,
        6,
        7,
        8,
        9,
        10,
        11,
        12,
        13,
        14,
        15,
        16,
        17
      ],
      "train_loss": [
        0.28686,
        0.27609,
        0.26661,
        0.2643,
        0.26319,
        0.25689,
        0.25545,
        0.25029,
        0.24951,
        0.24669,
        0.24011,
        0.23689,
        0.23023,
        0.23416,
        0.23188,
        0.23074,
        0.22942
      ],
      "val_loss": [
        0.54072,
        0.50779,
        0.54031,
        0.59363,
        0.62571,
        0.6159,
        0.58294,
        0.62993,
        0.67623,
        0.62088,
        0.6423,
        0.66518,
        0.70862,
        0.66537,
        0.63184,
        0.77131,
        0.64505
      ],
      "train_f1": [
        0.8521,
        0.8526,
        0.8599,
        0.8622,
        0.8611,
        0.8657,
        0.8644,
        0.8681,
        0.8698,
        0.8678,
        0.8728,
        0.8741,
        0.8757,
        0.8768,
        0.8763,
        0.8781,
        0.8776
      ],
      "val_f1": [
        0.7646,
        0.7794,
        0.7768,
        0.7493,
        0.7427,
        0.7625,
        0.765,
        0.7544,
        0.7385,
        0.7695,
        0.7449,
        0.7511,
        0.7455,
        0.7374,
        0.7636,
        0.725,
        0.7611
      ]
    },
    "CNN pretrain": {
      "epoch": [
        1,
        2,
        3,
        4,
        5,
        6,
        7,
        8,
        9,
        10,
        11,
        12,
        13,
        14,
        15,
        16,
        17,
        18,
        19,
        20,
        21,
        22,
        23,
        24,
        25,
        26,
        27,
        28,
        29,
        30,
        31,
        32,
        33
      ],
      "train_loss": [
        0.68385,
        0.55276,
        0.52298,
        0.50591,
        0.48674,
        0.48126,
        0.47303,
        0.46213,
        0.45812,
        0.43556,
        0.42488,
        0.4202,
        0.41641,
        0.41724,
        0.41244,
        0.4084,
        0.40781,
        0.40058,
        0.39729,
        0.39636,
        0.39078,
        0.39087,
        0.38822,
        0.38527,
        0.37899,
        0.37981,
        0.36115,
        0.35624,
        0.35255,
        0.34683,
        0.34726,
        0.33788,
        0.33647
      ],
      "val_loss": [
        0.56958,
        0.55647,
        0.50923,
        0.6012,
        0.61425,
        0.64218,
        0.54573,
        0.7327,
        0.6949,
        0.65326,
        0.59876,
        0.60516,
        0.5661,
        0.56151,
        0.59881,
        0.55887,
        0.59838,
        0.52957,
        0.6387,
        0.60391,
        0.54481,
        0.60085,
        0.51153,
        0.63669,
        0.68737,
        0.59264,
        0.60491,
        0.63067,
        0.58066,
        0.56413,
        0.6573,
        0.5704,
        0.62185
      ],
      "train_f1": [
        0.6872,
        0.7566,
        0.7608,
        0.7712,
        0.7794,
        0.7783,
        0.7821,
        0.7831,
        0.7872,
        0.7952,
        0.7975,
        0.8022,
        0.8042,
        0.802,
        0.8059,
        0.8061,
        0.8072,
        0.8074,
        0.8093,
        0.8081,
        0.8112,
        0.8087,
        0.8115,
        0.8139,
        0.8167,
        0.8161,
        0.8234,
        0.8242,
        0.8266,
        0.8287,
        0.8309,
        0.8337,
        0.8323
      ],