{
  "fold": 4,
  "seq_length": 5,
  "test_metrics": {
    "accuracy": 0.8166460651009477,
    "f1_macro": 0.7999565382887277,
    "f1_weighted": 0.8292067948379536,
    "kappa": 0.7479613742168534
  },
  "val_metrics": {
    "accuracy": 0.7846221057230232,
    "f1_macro": 0.7418594184794592,
    "f1_weighted": 0.8033358403424877,
    "kappa": 0.7160449540068689
  },
  "test_confusion_matrix": [
    [
      275,
      96,
      0,
      1,
      5
    ],
    [
      6,
      253,
      4,
      0,
      40
    ],
    [
      0,
      139,
      914,
      20,
      61
    ],
    [
      0,
      0,
      27,
      120,
      0
    ],
    [
      0,
      46,
      0,
      0,
      420
    ]
  ],
  "val_confusion_matrix": [
    [
      1642,
      381,
      26,
      8,
      8
    ],
    [
      12,
      385,
      107,
      4,
      15
    ],
    [
      80,
      328,
      2891,
      262,
      73
    ],
    [
      1,
      2,
      49,
      1201,
      0
    ],
    [
      64,
      324,
      225,
      3,
      1065
    ]
  ],
  "test_per_class": {
    "Wake": {
      "precision": 0.9786476868327402,
      "recall": 0.7294429708222812,
      "f1-score": 0.8358662613981763,
      "support": 377.0
    },
    "N1": {
      "precision": 0.4737827715355805,
      "recall": 0.834983498349835,
      "f1-score": 0.6045400238948626,
      "support": 303.0
    },
    "N2": {
      "precision": 0.9671957671957672,
      "recall": 0.8059964726631393,
      "f1-score": 0.8792688792688793,
      "support": 1134.0
    },
    "N3": {
      "precision": 0.851063829787234,
      "recall": 0.8163265306122449,
      "f1-score": 0.8333333333333334,
      "support": 147.0
    },
    "REM": {
      "precision": 0.7984790874524715,
      "recall": 0.9012875536480687,
      "f1-score": 0.8467741935483871,
      "support": 466.0
    }
  },
  "val_per_class": {
    "Wake": {
      "precision": 0.9127292940522512,
      "recall": 0.7951573849878935,
      "f1-score": 0.849896480331263,
      "support": 2065.0
    },
    "N1": {
      "precision": 0.2711267605633803,
      "recall": 0.7361376673040153,
      "f1-score": 0.39629439011837364,
      "support": 523.0
    },
    "N2": {
      "precision": 0.8765918738629472,
      "recall": 0.7955421023665382,
      "f1-score": 0.8341027120600115,
      "support": 3634.0
    },
    "N3": {
      "precision": 0.8125845737483085,
      "recall": 0.9584996009577015,
      "f1-score": 0.8795313072134749,
      "support": 1253.0
    },
    "REM": {
      "precision": 0.917312661498708,
      "recall": 0.6335514574657942,
      "f1-score": 0.7494722026741731,
      "support": 1681.0
    }
  },
  "training_history": {
    "LSTM": {
      "epoch": [
        1,
        2,
        3,
        4,
        5,
        6,
        7,
        8,
        9,
        10,
        11,
        12,
        13,
        14,
        15,
        16,
        17,
        18
      ],
      "train_loss": [
        0.36021,
        0.30803,
        0.30219,
        0.29834,
        0.29314,
        0.29673,
        0.28945,
        0.29123,
        0.29029,
        0.28881,
        0.28691,
        0.27742,
        0.27541,
        0.27493,
        0.27331,
        0.27258,
        0.27568,
        0.27561
      ],
      "val_loss": [
        0.55746,
        0.54431,
        0.52947,
        0.59822,
        0.59918,
        0.59553,
        0.58049,
        0.5695,
        0.59777,
        0.54552,
        0.59171,
        0.58104,
        0.62704,
        0.61152,
        0.62018,
        0.5666,
        0.61474,
        0.56706
      ],
      "train_f1": [
        0.8354,
        0.8481,
        0.8485,
        0.8476,
        0.8513,
        0.8486,
        0.8515,
        0.8497,
        0.8481,
        0.8492,
        0.8507,
        0.8557,
        0.8559,
        0.8546,
        0.8551,
        0.8547,
        0.8562,
        0.8536
      ],
      "val_f1": [
        0.7376,
        0.7488,
        0.7611,
        0.7249,
        0.73,
        0.73,
        0.7555,
        0.7578,
        0.7383,
        0.7562,
        0.7529,
        0.7409,
        0.7378,
        0.7383,
        0.7372,
        0.7605,
        0.7458,
        0.7577
      ]
    },
    "Fine-tune": {
      "epoch": [
        1,
        2,
        3,
        4,
        5,
        6,
        7,
        8,
        9,
        10,
        11,
        12,
        13,
        14,
        15,
        16,
        17,
        18,
        19
      ],
      "train_loss": [
        0.27729,
        0.26713,
        0.26179,
        0.25951,
        0.25621,
        0.25196,
        0.24633,
        0.245,
        0.23988,
        0.23862,
        0.23625,
        0.23234,
        0.22986,
        0.22496,
        0.22413,
        0.22625,
        0.22097,
        0.22095,
        0.2192
      ],
      "val_loss": [
        0.7437,
        0.77952,
        0.81185,
        0.78532,
        0.78345,
        0.79803,
        0.79809,
        0.79097,
        0.81751,
        0.84915,
        0.856,
        0.8646,
        0.8205,
        0.90194,
        0.86071,
        0.8583,
        0.85587,
        0.85164,
        0.89964
      ],
      "train_f1": [
        0.8571,
        0.8616,
        0.8625,
        0.8655,
        0.8661,
        0.8689,
        0.87,
        0.8713,
        0.8738,
        0.8733,
        0.8734,
        0.8784,
        0.8792,
        0.8804,
        0.8806,
        0.8787,
        0.8806,
        0.8832,
        0.8847
      ],
      "val_f1": [
        0.7393,
        0.7248,
        0.7373,
        0.7419,
        0.7359,
        0.7344,
        0.7335,
        0.7359,
        0.7346,
        0.7386,
        0.7278,
        0.7371,
        0.7349,
        0.7274,
        0.7347,
        0.7321,
        0.7323,
        0.7343,
        0.7377
      ]
    },
    "CNN pretrain": {
      "epoch": [
        1,
        2,
        3,
        4,
        5,
        6,
        7,
        8,
        9,
        10,
        11,
        12,
        13,
        14,
        15,
        16,
        17,
        18,
        19,
        20,
        21,
        22,
        23,
        24,
        25,
        26,
        27,
        28,
        29,
        30,
        31,
        32
      ],
      "train_loss": [
        0.66059,
        0.53657,
        0.51435,
        0.50126,
        0.48731,
        0.47483,
        0.4679,
        0.46026,
        0.4517,
        0.44556,
        0.44607,
        0.43856,
        0.43254,
        0.42664,
        0.4199,
        0.41889,
        0.41374,
        0.41027,
        0.40482,
        0.40142,
        0.39785,
        0.39516,
        0.3918,
        0.38506,
        0.3883,
        0.35926,
        0.35456,
        0.35051,
        0.34204,
        0.34296,
        0.33826,
        0.33661
      ],
      "val_loss": [
        0.91567,
        0.68866,
        0.71933,
        0.67718,
        0.70928,
        0.66561,
        0.73709,
        0.74015,
        0.76692,
        0.94621,
        0.96367,
        0.67174,
        0.68451,
        0.98047,
        0.94071,
        0.93903,
        0.75214,
        0.80224,
        0.70808,
        0.65552,
        0.68468,
        1.18232,
        0.70281,
        0.8446,
        0.97851,
        0.75333,
        0.69148,
        0.75471,
        0.76265,
        0.86168,
        0.7475,
        0.73308
      ],
      "train_f1": [
        0.6981,
        0.7664,
        0.7745,
        0.7739,
        0.7813,
        0.7844,
        0.789,
        0.7893,
        0.7905,
        0.7914,
        0.7967,
        0.7975,
        0.7975,
        0.8008,
        0.8023,
        0.8028,
        0.8019,
        0.8063,
        0.8101,
        0.8117,
        0.8093,
        0.8113,
        0.8121,
        0.8152,
        0.8127,
        0.8241,
        0.8267,
        0.8253,
        0.8313,
        0.8319,
        0.8319,
        0.8314
      ],