{
  "fold": 5,
  "seq_length": 5,
  "test_metrics": {
    "accuracy": 0.8931937172774869,
    "f1_macro": 0.8507585582541713,
    "f1_weighted": 0.893997492504503,
    "kappa": 0.853406316651235
  },
  "val_metrics": {
    "accuracy": 0.8350933202357563,
    "f1_macro": 0.7868980754947603,
    "f1_weighted": 0.8469428363886891,
    "kappa": 0.7821162564233011
  },
  "test_confusion_matrix": [
    [
      390,
      25,
      4,
      2,
      1
    ],
    [
      28,
      93,
      13,
      0,
      24
    ],
    [
      1,
      40,
      749,
      24,
      19
    ],
    [
      0,
      0,
      15,
      234,
      0
    ],
    [
      0,
      6,
      2,
      0,
      240
    ]
  ],
  "val_confusion_matrix": [
    [
      1408,
      126,
      5,
      8,
      6
    ],
    [
      94,
      306,
      22,
      3,
      26
    ],
    [
      40,
      275,
      2647,
      193,
      107
    ],
    [
      3,
      2,
      37,
      1200,
      0
    ],
    [
      38,
      235,
      122,
      1,
      1240
    ]
  ],
  "test_per_class": {
    "Wake": {
      "precision": 0.9307875894988067,
      "recall": 0.9241706161137441,
      "f1-score": 0.9274673008323424,
      "support": 422.0
    },
    "N1": {
      "precision": 0.5670731707317073,
      "recall": 0.5886075949367089,
      "f1-score": 0.577639751552795,
      "support": 158.0
    },
    "N2": {
      "precision": 0.9565772669220945,
      "recall": 0.8991596638655462,
      "f1-score": 0.926980198019802,
      "support": 833.0
    },
    "N3": {
      "precision": 0.9,
      "recall": 0.9397590361445783,
      "f1-score": 0.9194499017681729,
      "support": 249.0
    },
    "REM": {
      "precision": 0.8450704225352113,
      "recall": 0.967741935483871,
      "f1-score": 0.9022556390977443,
      "support": 248.0
    }
  },
  "val_per_class": {
    "Wake": {
      "precision": 0.8894504106127605,
      "recall": 0.9066323245331617,
      "f1-score": 0.8979591836734694,
      "support": 1553.0
    },
    "N1": {
      "precision": 0.3241525423728814,
      "recall": 0.6784922394678492,
      "f1-score": 0.43870967741935485,
      "support": 451.0
    },
    "N2": {
      "precision": 0.9343452170843629,
      "recall": 0.811465358675659,
      "f1-score": 0.8685808039376538,
      "support": 3262.0
    },
    "N3": {
      "precision": 0.8540925266903915,
      "recall": 0.966183574879227,
      "f1-score": 0.9066868152625613,
      "support": 1242.0
    },
    "REM": {
      "precision": 0.8992023205221175,
      "recall": 0.7579462102689487,
      "f1-score": 0.8225538971807629,
      "support": 1636.0
    }
  },
  "training_history": {
    "LSTM": {
      "epoch": [
        1,
        2,
        3,
        4,
        5,
        6,
        7,
        8,
        9,
        10,
        11,
        12,
        13,
        14,
        15,
        16,
        17,
        18,
        19,
        20,
        21,
        22,
        23,
        24,
        25,
        26,
        27,
        28,
        29,
        30,
        31,
        32,
        33,
        34,
        35,
        36,
        37,
        38,
        39,
        40,
        41
      ],
      "train_loss": [
        0.38289,
        0.33903,
        0.32986,
        0.33165,
        0.32584,
        0.32509,
        0.32706,
        0.32226,
        0.32064,
        0.31898,
        0.31961,
        0.31795,
        0.31534,
        0.31569,
        0.31161,
        0.31462,
        0.313,
        0.30598,
        0.3046,
        0.3054,
        0.30591,
        0.30247,
        0.30135,
        0.29932,
        0.29956,
        0.30255,
        0.30095,
        0.30199,
        0.30159,
        0.29761,
        0.30077,
        0.29985,
        0.29877,
        0.29619,
        0.29325,
        0.29289,
        0.2938,
        0.29345,
        0.28854,
        0.29099,
        0.29226
      ],
      "val_loss": [
        0.49686,
        0.44891,
        0.43939,
        0.45506,
        0.49455,
        0.46649,
        0.42962,
        0.43078,
        0.43921,
        0.46112,
        0.44456,
        0.48414,
        0.45811,
        0.52302,
        0.48715,
        0.44861,
        0.48012,
        0.43376,
        0.46046,
        0.47977,
        0.47736,
        0.4511,
        0.45411,
        0.44695,
        0.47176,
        0.44115,
        0.45872,
        0.48142,
        0.45931,
        0.45208,
        0.44714,
        0.46213,
        0.43362,
        0.45142,
        0.48311,
        0.47048,
        0.46669,
        0.47467,
        0.45777,
        0.46596,
        0.47952
      ],
      "train_f1": [
        0.8216,
        0.8332,
        0.8351,
        0.8341,
        0.8349,
        0.8357,
        0.8343,
        0.8351,
        0.8382,
        0.8387,
        0.8377,
        0.8397,
        0.8385,
        0.8379,
        0.8409,
        0.8383,
        0.8363,
        0.8426,
        0.8433,
        0.8415,
        0.8427,
        0.8432,
        0.8426,
        0.8456,
        0.8464,
        0.8458,
        0.8441,
        0.8439,
        0.8452,
        0.8472,
        0.8426,
        0.8438,
        0.8452,
        0.8457,
        0.8469,
        0.8457,
        0.8474,
        0.8467,
        0.8468,
        0.8491,
        0.8485
      ],
      "val_f1": [
        0.7708,
        0.7688,
        0.7828,
        0.7743,
        0.7557,
        0.7697,
        0.7808,
        0.7809,
        0.7857,
        0.7626,
        0.7835,
        0.7687,
        0.7764,
        0.7658,
        0.7676,
        0.7762,
        0.7817,
        0.7802,
        0.7678,
        0.7769,
        0.771,
        0.7867,
        0.7843,
        0.7837,
        0.7762,
        0.7871,
        0.773,
        0.7706,
        0.7806,
        0.7828,
        0.7817,
        0.7789,
        0.7858,
        0.7808,
        0.7757,
        0.777,
        0.774,
        0.7792,
        0.7864,
        0.7766,
        0.7772
      ]
    },
    "Fine-tune": {
      "epoch": [
        1,
        2,
        3,
        4,
        5,
        6,
        7,
        8,
        9,
        10,
        11,
        12,
        13,
        14,
        15,
        16,
        17,
        18,
        19,
        20,
        21,
        22,
        23,
        24
      ],
      "train_loss": [
        0.29781,
        0.2851,
        0.28142,
        0.27728,
        0.27302,
        0.26918,
        0.26671,
        0.26482,
        0.26265,
        0.25707,
        0.25549,
        0.25325,
        0.25133,
        0.249,
        0.24695,
        0.24743,
        0.24353,
        0.23936,
        0.234,
        0.2317,
        0.23447,
        0.23128,
        0.23018,
        0.22908
      ],
      "val_loss": [
        0.53829,
        0.51682,
        0.49966,
        0.49083,
        0.58611,
        0.5669,
        0.54088,
        0.57551,
        0.47447,
        0.50283,
        0.5786,
        0.5762,
        0.56246,
        0.61345,
        0.63371,
        0.54939,
        0.63522,
        0.64962,
        0.62226,
        0.57089,
        0.60118,
        0.56503,
        0.55568,
        0.57784
      ],
      "train_f1": [
        0.8476,
        0.8529,
        0.8532,
        0.855,
        0.8552,
        0.8582,
        0.8595,
        0.861,
        0.8609,
        0.8641,
        0.8643,
        0.8663,
        0.869,
        0.8688,
        0.8678,
        0.8684,
        0.8715,
        0.873,
        0.8743,
        0.8759,
        0.8769,
        0.8773,
        0.8772,
        0.8771
      ],