{
  "fold": 1,
  "seq_length": 5,
  "test_metrics": {
    "accuracy": 0.893467777290662,
    "f1_macro": 0.8614779190820754,
    "f1_weighted": 0.896823799688376,
    "kappa": 0.842248613905373
  },
  "val_metrics": {
    "accuracy": 0.8030566168808614,
    "f1_macro": 0.7527397429756217,
    "f1_weighted": 0.8146819786254733,
    "kappa": 0.7390205355139816
  },
  "test_confusion_matrix": [
    [
      287,
      24,
      0,
      0,
      0
    ],
    [
      9,
      145,
      15,
      0,
      32
    ],
    [
      0,
      73,
      1083,
      30,
      36
    ],
    [
      0,
      0,
      15,
      186,
      0
    ],
    [
      1,
      5,
      3,
      0,
      337
    ]
  ],
  "val_confusion_matrix": [
    [
      1616,
      113,
      21,
      5,
      34
    ],
    [
      76,
      287,
      38,
      2,
      45
    ],
    [
      101,
      357,
      2675,
      247,
      105
    ],
    [
      2,
      16,
      126,
      1247,
      0
    ],
    [
      75,
      195,
      142,
      1,
      1111
    ]
  ],
  "test_per_class": {
    "Wake": {
      "precision": 0.9663299663299664,
      "recall": 0.9228295819935691,
      "f1-score": 0.944078947368421,
      "support": 311.0
    },
    "N1": {
      "precision": 0.5870445344129555,
      "recall": 0.7213930348258707,
      "f1-score": 0.6473214285714286,
      "support": 201.0
    },
    "N2": {
      "precision": 0.9704301075268817,
      "recall": 0.886252045826514,
      "f1-score": 0.9264328485885372,
      "support": 1222.0
    },
    "N3": {
      "precision": 0.8611111111111112,
      "recall": 0.9253731343283582,
      "f1-score": 0.8920863309352518,
      "support": 201.0
    },
    "REM": {
      "precision": 0.8320987654320988,
      "recall": 0.9739884393063584,
      "f1-score": 0.8974700399467377,
      "support": 346.0
    }
  },
  "val_per_class": {
    "Wake": {
      "precision": 0.8641711229946524,
      "recall": 0.9032979318054779,
      "f1-score": 0.8833014484831921,
      "support": 1789.0
    },
    "N1": {
      "precision": 0.2964876033057851,
      "recall": 0.640625,
      "f1-score": 0.4053672316384181,
      "support": 448.0
    },
    "N2": {
      "precision": 0.891072618254497,
      "recall": 0.7675753228120517,
      "f1-score": 0.8247263758285802,
      "support": 3485.0
    },
    "N3": {
      "precision": 0.8302263648468708,
      "recall": 0.8964773544212796,
      "f1-score": 0.8620808848945731,
      "support": 1391.0
    },
    "REM": {
      "precision": 0.857915057915058,
      "recall": 0.729002624671916,
      "f1-score": 0.7882227740333452,
      "support": 1524.0
    }
  },
  "training_history": {
    "LSTM": {
      "epoch": [
        1,
        2,
        3,
        4,
        5,
        6,
        7,
        8,
        9,
        10,
        11,
        12,
        13,
        14,
        15,
        16
      ],
      "train_loss": [
        0.31494,
        0.26005,
        0.25539,
        0.25098,
        0.24604,
        0.24853,
        0.24133,
        0.24146,
        0.23807,
        0.23289,
        0.23141,
        0.23407,
        0.23221,
        0.2329,
        0.22877,
        0.23148
      ],
      "val_loss": [
        0.56715,
        0.55535,
        0.54813,
        0.5654,
        0.53698,
        0.58822,
        0.57539,
        0.59137,
        0.60796,
        0.59245,
        0.57997,
        0.57672,
        0.58012,
        0.55532,
        0.59139,
        0.58544
      ],
      "train_f1": [
        0.8527,
        0.8646,
        0.8664,
        0.8662,
        0.8692,
        0.8687,
        0.8703,
        0.8701,
        0.8722,
        0.8747,
        0.8743,
        0.8716,
        0.8724,
        0.873,
        0.8742,
        0.8739
      ],
      "val_f1": [
        0.7557,
        0.746,
        0.7489,
        0.7299,
        0.7406,
        0.7332,
        0.7354,
        0.7238,
        0.7354,
        0.7398,
        0.7336,
        0.7429,
        0.7383,
        0.7521,
        0.7531,
        0.7446
      ]
    },
    "Fine-tune": {
      "epoch": [
        1,
        2,
        3,
        4,
        5,
        6,
        7,
        8,
        9,
        10,
        11,
        12,
        13,
        14,
        15,
        16,
        17,
        18,
        19
      ],
      "train_loss": [
        0.24084,
        0.2284,
        0.22084,
        0.21613,
        0.20976,
        0.20531,
        0.19834,
        0.19868,
        0.19029,
        0.18799,
        0.18337,
        0.18435,
        0.17598,
        0.17021,
        0.1699,
        0.16833,
        0.16611,
        0.1659,
        0.16347
      ],
      "val_loss": [
        0.60341,
        0.66559,
        0.63719,
        0.59534,
        0.82217,
        0.65415,
        0.68268,
        0.68866,
        0.68411,
        0.67155,
        0.83922,
        0.73357,
        0.76348,
        0.68976,
        0.80789,
        0.8142,
        0.73302,
        0.79803,
        0.79642
      ],
      "train_f1": [
        0.873,
        0.8796,
        0.8822,
        0.8845,
        0.8888,
        0.8889,
        0.8926,
        0.8963,
        0.8977,
        0.9003,
        0.9021,
        0.9013,
        0.9049,
        0.9087,
        0.9084,
        0.911,
        0.9107,
        0.9123,
        0.9115
      ],
      "val_f1": [
        0.7438,
        0.7275,
        0.7315,
        0.7527,
        0.6965,
        0.749,
        0.7391,
        0.7348,
        0.7399,
        0.7494,
        0.7097,
        0.7474,
        0.7331,
        0.7513,
        0.727,
        0.725,
        0.7436,
        0.7316,
        0.7314
      ]
    },
    "CNN pretrain": {
      "epoch": [
        1,
        2,
        3,
        4,
        5,
        6,
        7,
        8,
        9,
        10,
        11,
        12,
        13,
        14,
        15,
        16,
        17,
        18,
        19,
        20,
        21,
        22,
        23,
        24,
        25,
        26,
        27,
        28,
        29,
        30,
        31,
        32,
        33,
        34,
        35,
        36,
        37,
        38,
        39,
        40,
        41,
        42,
        43,
        44,
        45,
        46,
        47,
        48,
        49,
        50
      ],
      "train_loss": [
        0.667,
        0.53574,
        0.51124,
        0.49344,
        0.48584,
        0.47487,
        0.47062,
        0.46261,
        0.45723,
        0.44318,
        0.44387,
        0.43384,
        0.43265,
        0.42892,
        0.42755,
        0.41814,
        0.42045,
        0.41065,
        0.40645,
        0.4009,
        0.40375,
        0.40972,
        0.40204,
        0.39704,
        0.39493,
        0.39087,
        0.39058,
        0.38637,
        0.38276,
        0.37747,
        0.37976,
        0.37568,
        0.37101,
        0.36281,
        0.36687,
        0.36131,
        0.35896,
        0.35907,
        0.35008,
        0.34657,
        0.3457,
        0.34455,
        0.34256,
        0.3377,
        0.33759,
        0.33245,
        0.30119,
        0.29072,
        0.28657,
        0.27482
      ],