{
  "fold": 3,
  "seq_length": 5,
  "test_metrics": {
    "accuracy": 0.8857142857142857,
    "f1_macro": 0.835750970185382,
    "f1_weighted": 0.8889570856523742,
    "kappa": 0.8369138118151436
  },
  "val_metrics": {
    "accuracy": 0.8673905890095426,
    "f1_macro": 0.8085677233946311,
    "f1_weighted": 0.872200528183803,
    "kappa": 0.8190459790819051
  },
  "test_confusion_matrix": [
    [
      256,
      11,
      1,
      0,
      0
    ],
    [
      11,
      69,
      17,
      0,
      9
    ],
    [
      4,
      36,
      792,
      50,
      3
    ],
    [
      0,
      0,
      7,
      181,
      0
    ],
    [
      11,
      21,
      31,
      0,
      345
    ]
  ],
  "val_confusion_matrix": [
    [
      1509,
      111,
      30,
      5,
      11
    ],
    [
      102,
      282,
      66,
      2,
      83
    ],
    [
      20,
      231,
      3381,
      154,
      140
    ],
    [
      1,
      17,
      52,
      1059,
      0
    ],
    [
      29,
      87,
      66,
      2,
      1677
    ]
  ],
  "test_per_class": {
    "Wake": {
      "precision": 0.9078014184397163,
      "recall": 0.9552238805970149,
      "f1-score": 0.9309090909090909,
      "support": 268.0
    },
    "N1": {
      "precision": 0.5036496350364964,
      "recall": 0.6509433962264151,
      "f1-score": 0.5679012345679012,
      "support": 106.0
    },
    "N2": {
      "precision": 0.9339622641509434,
      "recall": 0.8949152542372881,
      "f1-score": 0.9140219272937103,
      "support": 885.0
    },
    "N3": {
      "precision": 0.7835497835497836,
      "recall": 0.9627659574468085,
      "f1-score": 0.863961813842482,
      "support": 188.0
    },
    "REM": {
      "precision": 0.9663865546218487,
      "recall": 0.8455882352941176,
      "f1-score": 0.9019607843137255,
      "support": 408.0
    }
  },
  "val_per_class": {
    "Wake": {
      "precision": 0.9084888621312462,
      "recall": 0.9057623049219687,
      "f1-score": 0.9071235347159603,
      "support": 1666.0
    },
    "N1": {
      "precision": 0.3873626373626374,
      "recall": 0.5271028037383177,
      "f1-score": 0.44655581947743467,
      "support": 535.0
    },
    "N2": {
      "precision": 0.9404728789986092,
      "recall": 0.8611818644931227,
      "f1-score": 0.8990825688073395,
      "support": 3926.0
    },
    "N3": {
      "precision": 0.8666121112929623,
      "recall": 0.9379982285208148,
      "f1-score": 0.9008932369204594,
      "support": 1129.0
    },
    "REM": {
      "precision": 0.8775510204081632,
      "recall": 0.9011284255776464,
      "f1-score": 0.8891834570519618,
      "support": 1861.0
    }
  },
  "training_history": {
    "LSTM": {
      "epoch": [
        1,
        2,
        3,
        4,
        5,
        6,
        7,
        8,
        9,
        10,
        11,
        12,
        13,
        14,
        15,
        16,
        17,
        18,
        19,
        20,
        21,
        22,
        23,
        24,
        25,
        26,
        27
      ],
      "train_loss": [
        0.3154,
        0.24653,
        0.24269,
        0.23326,
        0.23554,
        0.22983,
        0.22922,
        0.22952,
        0.22805,
        0.23074,
        0.22612,
        0.22631,
        0.22136,
        0.22441,
        0.22744,
        0.22396,
        0.21915,
        0.22198,
        0.22185,
        0.22261,
        0.21642,
        0.2121,
        0.21224,
        0.21265,
        0.21243,
        0.21195,
        0.21376
      ],
      "val_loss": [
        0.44537,
        0.44345,
        0.46409,
        0.45313,
        0.47245,
        0.46767,
        0.45979,
        0.45855,
        0.47083,
        0.47019,
        0.46205,
        0.45349,
        0.46404,
        0.46621,
        0.45599,
        0.46822,
        0.47757,
        0.48037,
        0.46848,
        0.47249,
        0.45775,
        0.4723,
        0.48025,
        0.47615,
        0.46511,
        0.47742,
        0.47503
      ],
      "train_f1": [
        0.8514,
        0.8692,
        0.8707,
        0.8744,
        0.8722,
        0.8748,
        0.8752,
        0.8744,
        0.8763,
        0.8739,
        0.8764,
        0.8758,
        0.8788,
        0.8773,
        0.8744,
        0.8773,
        0.8784,
        0.878,
        0.8766,
        0.8786,
        0.8812,
        0.8819,
        0.8815,
        0.8828,
        0.8844,
        0.8834,
        0.8816
      ],
      "val_f1": [
        0.808,
        0.808,
        0.8083,
        0.8096,
        0.7964,
        0.8111,
        0.8026,
        0.8056,
        0.8088,
        0.8105,
        0.8089,
        0.8136,
        0.8085,
        0.8106,
        0.8077,
        0.8005,
        0.8035,
        0.8088,
        0.8074,
        0.8054,
        0.807,
        0.8073,
        0.8081,
        0.8072,
        0.8096,
        0.8109,
        0.8056
      ]
    },
    "Fine-tune": {
      "epoch": [
        1,
        2,
        3,
        4,
        5,
        6,
        7,
        8,
        9,
        10,
        11,
        12,
        13,
        14,
        15,
        16,
        17,
        18,
        19,
        20,
        21
      ],
      "train_loss": [
        0.21396,
        0.19946,
        0.19377,
        0.18706,
        0.18325,
        0.17452,
        0.17472,
        0.16984,
        0.16324,
        0.16253,
        0.15995,
        0.15615,
        0.15424,
        0.14901,
        0.14365,
        0.14035,
        0.13896,
        0.13907,
        0.13309,
        0.13284,
        0.13109
      ],
      "val_loss": [
        0.50948,
        0.54795,
        0.52422,
        0.59183,
        0.55992,
        0.57761,
        0.59138,
        0.73561,
        0.63287,
        0.59792,
        0.72321,
        0.69764,
        0.64231,
        0.67747,
        0.68848,
        0.71748,
        0.66267,
        0.86233,
        0.75702,
        0.80125,
        0.72384
      ],
      "train_f1": [
        0.8869,
        0.892,
        0.8935,
        0.9004,
        0.9,
        0.9038,
        0.9049,
        0.9086,
        0.9098,
        0.9111,
        0.9132,
        0.9158,
        0.9182,
        0.919,
        0.9217,
        0.9239,
        0.925,
        0.9246,
        0.928,
        0.9276,
        0.928
      ],
      "val_f1": [
        0.8025,
        0.8024,
        0.7931,
        0.7955,
        0.8031,
        0.8086,
        0.8037,
        0.792,
        0.7968,
        0.8048,
        0.796,
        0.7944,
        0.8063,
        0.7904,
        0.7974,
        0.795,
        0.8031,
        0.7856,
        0.8002,
        0.7951,
        0.7923
      ]
    },
    "CNN pretrain": {
      "epoch": [
        1,
        2,
        3,
        4,
        5,
        6,
        7,
        8,
        9,
        10,
        11,
        12,
        13,
        14,
        15,
        16,
        17,
        18,
        19,
        20,
        21,
        22,
        23,
        24,
        25,
        26,
        27,
        28,
        29,
        30,
        31,
        32,
        33,
        34,
        35,
        36,
        37,
        38,
        39,
        40,
        41,
        42,
        43,
        44,
        45,
        46,
        47,
        48,
        49,
        50
      ],